# Generated from hearthvale_tree_orchard.vox
# source_sha256 c0467481e11f13f1e1681fa66b625afc5ce775ac16422b76ef6d11de38103d39
mtllib hearthvale_tree_orchard.mtl
o hearthvale_magicavoxel_asset
g palette_1
usemtl palette_1
v -0.875000 2.500000 -0.125000
v -0.875000 2.625000 -0.125000
v -0.875000 2.625000 -0.250000
v -0.875000 2.500000 -0.250000
vn -1 0 0
f 1//1 2//1 3//1 4//1
v -0.625000 2.375000 0.000000
v -0.625000 2.500000 0.000000
v -0.625000 2.500000 -0.250000
v -0.625000 2.375000 -0.250000
vn -1 0 0
f 5//2 6//2 7//2 8//2
v -0.375000 0.000000 0.000000
v -0.375000 0.125000 0.000000
v -0.375000 0.125000 -0.125000
v -0.375000 0.000000 -0.125000
vn -1 0 0
f 9//3 10//3 11//3 12//3
v -0.375000 2.000000 0.000000
v -0.375000 2.375000 0.000000
v -0.375000 2.375000 -0.250000
v -0.375000 2.000000 -0.250000
vn -1 0 0
f 13//4 14//4 15//4 16//4
v -0.375000 2.500000 -0.375000
v -0.375000 3.125000 -0.375000
v -0.375000 3.125000 -0.500000
v -0.375000 2.500000 -0.500000
vn -1 0 0
f 17//5 18//5 19//5 20//5
v -0.375000 2.500000 -0.250000
v -0.375000 2.875000 -0.250000
v -0.375000 2.875000 -0.375000
v -0.375000 2.500000 -0.375000
vn -1 0 0
f 21//6 22//6 23//6 24//6
v -0.375000 2.875000 -0.500000
v -0.375000 3.125000 -0.500000
v -0.375000 3.125000 -0.625000
v -0.375000 2.875000 -0.625000
vn -1 0 0
f 25//7 26//7 27//7 28//7
v -0.250000 0.000000 -0.125000
v -0.250000 0.125000 -0.125000
v -0.250000 0.125000 -0.375000
v -0.250000 0.000000 -0.375000
vn -1 0 0
f 29//8 30//8 31//8 32//8
v -0.250000 0.125000 0.000000
v -0.250000 0.250000 0.000000
v -0.250000 0.250000 -0.250000
v -0.250000 0.125000 -0.250000
vn -1 0 0
f 33//9 34//9 35//9 36//9
v -0.250000 0.750000 0.000000
v -0.250000 2.000000 0.000000
v -0.250000 2.000000 -0.125000
v -0.250000 0.750000 -0.125000
vn -1 0 0
f 37//10 38//10 39//10 40//10
v -0.250000 0.750000 0.125000
v -0.250000 1.500000 0.125000
v -0.250000 1.500000 0.000000
v -0.250000 0.750000 0.000000
vn -1 0 0
f 41//11 42//11 43//11 44//11
v -0.250000 1.375000 -0.125000
v -0.250000 2.000000 -0.125000
v -0.250000 2.000000 -0.250000
v -0.250000 1.375000 -0.250000
vn -1 0 0
f 45//12 46//12 47//12 48//12
v -0.250000 2.125000 -0.250000
v -0.250000 2.500000 -0.250000
v -0.250000 2.500000 -0.375000
v -0.250000 2.125000 -0.375000
vn -1 0 0
f 49//13 50//13 51//13 52//13
v -0.125000 0.000000 -0.375000
v -0.125000 0.125000 -0.375000
v -0.125000 0.125000 -0.500000
v -0.125000 0.000000 -0.500000
vn -1 0 0
f 53//14 54//14 55//14 56//14
v -0.125000 0.000000 0.125000
v -0.125000 0.750000 0.125000
v -0.125000 0.750000 0.000000
v -0.125000 0.000000 0.000000
vn -1 0 0
f 57//15 58//15 59//15 60//15
v -0.125000 0.250000 0.000000
v -0.125000 0.375000 0.000000
v -0.125000 0.375000 -0.250000
v -0.125000 0.250000 -0.250000
vn -1 0 0
f 61//16 62//16 63//16 64//16
v -0.125000 0.375000 0.000000
v -0.125000 0.750000 0.000000
v -0.125000 0.750000 -0.125000
v -0.125000 0.375000 -0.125000
vn -1 0 0
f 65//17 66//17 67//17 68//17
v -0.125000 2.000000 0.125000
v -0.125000 2.500000 0.125000
v -0.125000 2.500000 0.000000
v -0.125000 2.000000 0.000000
vn -1 0 0
f 69//18 70//18 71//18 72//18
v -0.125000 2.125000 0.250000
v -0.125000 2.500000 0.250000
v -0.125000 2.500000 0.125000
v -0.125000 2.125000 0.125000
vn -1 0 0
f 73//19 74//19 75//19 76//19
v 0.000000 2.375000 0.375000
v 0.000000 2.750000 0.375000
v 0.000000 2.750000 0.250000
v 0.000000 2.375000 0.250000
vn -1 0 0
f 77//20 78//20 79//20 80//20
v 0.000000 2.500000 0.250000
v 0.000000 2.625000 0.250000
v 0.000000 2.625000 -0.125000
v 0.000000 2.500000 -0.125000
vn -1 0 0
f 81//21 82//21 83//21 84//21
v 0.000000 2.625000 0.250000
v 0.000000 2.750000 0.250000
v 0.000000 2.750000 0.125000
v 0.000000 2.625000 0.125000
vn -1 0 0
f 85//22 86//22 87//22 88//22
v 0.125000 0.000000 0.375000
v 0.125000 0.250000 0.375000
v 0.125000 0.250000 0.125000
v 0.125000 0.000000 0.125000
vn -1 0 0
f 89//23 90//23 91//23 92//23
v 0.125000 2.625000 0.625000
v 0.125000 2.750000 0.625000
v 0.125000 2.750000 0.375000
v 0.125000 2.625000 0.375000
vn -1 0 0
f 93//24 94//24 95//24 96//24
v 0.125000 3.000000 0.500000
v 0.125000 3.125000 0.500000
v 0.125000 3.125000 0.250000
v 0.125000 3.000000 0.250000
vn -1 0 0
f 97//25 98//25 99//25 100//25
v 0.250000 2.625000 0.000000
v 0.250000 2.875000 0.000000
v 0.250000 2.875000 -0.125000
v 0.250000 2.625000 -0.125000
vn -1 0 0
f 101//26 102//26 103//26 104//26
v 0.500000 2.875000 0.000000
v 0.500000 3.000000 0.000000
v 0.500000 3.000000 -0.125000
v 0.500000 2.875000 -0.125000
vn -1 0 0
f 105//27 106//27 107//27 108//27
v -0.125000 0.000000 -0.500000
v 0.000000 0.000000 -0.500000
v 0.000000 0.000000 0.125000
v -0.125000 0.000000 0.125000
vn 0 -1 0
f 109//28 110//28 111//28 112//28
v -0.250000 0.000000 -0.375000
v -0.125000 0.000000 -0.375000
v -0.125000 0.000000 0.000000
v -0.250000 0.000000 0.000000
vn 0 -1 0
f 113//29 114//29 115//29 116//29
v 0.000000 0.000000 -0.250000
v 0.250000 0.000000 -0.250000
v 0.250000 0.000000 0.125000
v 0.000000 0.000000 0.125000
vn 0 -1 0
f 117//30 118//30 119//30 120//30
v -0.375000 0.000000 -0.125000
v -0.250000 0.000000 -0.125000
v -0.250000 0.000000 0.000000
v -0.375000 0.000000 0.000000
vn 0 -1 0
f 121//31 122//31 123//31 124//31
v 0.125000 0.000000 0.125000
v 0.375000 0.000000 0.125000
v 0.375000 0.000000 0.375000
v 0.125000 0.000000 0.375000
vn 0 -1 0
f 125//32 126//32 127//32 128//32
v -0.250000 0.750000 -0.125000
v -0.125000 0.750000 -0.125000
v -0.125000 0.750000 0.125000
v -0.250000 0.750000 0.125000
vn 0 -1 0
f 129//33 130//33 131//33 132//33
v -0.250000 1.375000 -0.250000
v 0.000000 1.375000 -0.250000
v 0.000000 1.375000 -0.125000
v -0.250000 1.375000 -0.125000
vn 0 -1 0
f 133//34 134//34 135//34 136//34
v -0.375000 2.000000 -0.250000
v -0.250000 2.000000 -0.250000
v -0.250000 2.000000 0.000000
v -0.375000 2.000000 0.000000
vn 0 -1 0
f 137//35 138//35 139//35 140//35
v 0.000000 2.000000 -0.125000
v 0.125000 2.000000 -0.125000
v 0.125000 2.000000 0.125000
v 0.000000 2.000000 0.125000
vn 0 -1 0
f 141//36 142//36 143//36 144//36
v -0.125000 2.000000 0.000000
v 0.000000 2.000000 0.000000
v 0.000000 2.000000 0.125000
v -0.125000 2.000000 0.125000
vn 0 -1 0
f 145//37 146//37 147//37 148//37
v -0.250000 2.125000 -0.375000
v 0.000000 2.125000 -0.375000
v 0.000000 2.125000 -0.250000
v -0.250000 2.125000 -0.250000
vn 0 -1 0
f 149//38 150//38 151//38 152//38
v -0.125000 2.125000 0.125000
v 0.125000 2.125000 0.125000
v 0.125000 2.125000 0.250000
v -0.125000 2.125000 0.250000
vn 0 -1 0
f 153//39 154//39 155//39 156//39
v -0.625000 2.375000 -0.250000
v -0.375000 2.375000 -0.250000
v -0.375000 2.375000 0.000000
v -0.625000 2.375000 0.000000
vn 0 -1 0
f 157//40 158//40 159//40 160//40
v 0.125000 2.375000 -0.125000
v 0.250000 2.375000 -0.125000
v 0.250000 2.375000 0.375000
v 0.125000 2.375000 0.375000
vn 0 -1 0
f 161//41 162//41 163//41 164//41
v 0.250000 2.375000 -0.125000
v 0.375000 2.375000 -0.125000
v 0.375000 2.375000 0.125000
v 0.250000 2.375000 0.125000
vn 0 -1 0
f 165//42 166//42 167//42 168//42
v 0.000000 2.375000 0.250000
v 0.125000 2.375000 0.250000
v 0.125000 2.375000 0.375000
v 0.000000 2.375000 0.375000
vn 0 -1 0
f 169//43 170//43 171//43 172//43
v -0.375000 2.500000 -0.500000
v -0.250000 2.500000 -0.500000
v -0.250000 2.500000 -0.250000
v -0.375000 2.500000 -0.250000
vn 0 -1 0
f 173//44 174//44 175//44 176//44
v -0.250000 2.500000 -0.500000
v -0.125000 2.500000 -0.500000
v -0.125000 2.500000 -0.375000
v -0.250000 2.500000 -0.375000
vn 0 -1 0
f 177//45 178//45 179//45 180//45
v -0.875000 2.500000 -0.250000
v -0.625000 2.500000 -0.250000
v -0.625000 2.500000 -0.125000
v -0.875000 2.500000 -0.125000
vn 0 -1 0
f 181//46 182//46 183//46 184//46
v 0.375000 2.500000 -0.125000
v 0.625000 2.500000 -0.125000
v 0.625000 2.500000 0.000000
v 0.375000 2.500000 0.000000
vn 0 -1 0
f 185//47 186//47 187//47 188//47
v 0.125000 2.625000 0.375000
v 0.250000 2.625000 0.375000
v 0.250000 2.625000 0.625000
v 0.125000 2.625000 0.625000
vn 0 -1 0
f 189//48 190//48 191//48 192//48
v 0.625000 2.750000 -0.125000
v 0.875000 2.750000 -0.125000
v 0.875000 2.750000 0.000000
v 0.625000 2.750000 0.000000
vn 0 -1 0
f 193//49 194//49 195//49 196//49
v -0.375000 2.875000 -0.625000
v -0.250000 2.875000 -0.625000
v -0.250000 2.875000 -0.500000
v -0.375000 2.875000 -0.500000
vn 0 -1 0
f 197//50 198//50 199//50 200//50
v -0.375000 2.875000 -0.625000
v -0.375000 3.125000 -0.625000
v -0.250000 3.125000 -0.625000
v -0.250000 2.875000 -0.625000
vn 0 0 -1
f 201//51 202//51 203//51 204//51
v -0.375000 2.500000 -0.500000
v -0.375000 2.875000 -0.500000
v -0.125000 2.875000 -0.500000
v -0.125000 2.500000 -0.500000
vn 0 0 -1
f 205//52 206//52 207//52 208//52
v -0.250000 2.875000 -0.500000
v -0.250000 3.000000 -0.500000
v -0.125000 3.000000 -0.500000
v -0.125000 2.875000 -0.500000
vn 0 0 -1
f 209//53 210//53 211//53 212//53
v -0.125000 0.000000 -0.500000
v -0.125000 0.125000 -0.500000
v 0.000000 0.125000 -0.500000
v 0.000000 0.000000 -0.500000
vn 0 0 -1
f 213//54 214//54 215//54 216//54
v -0.250000 0.000000 -0.375000
v -0.250000 0.125000 -0.375000
v -0.125000 0.125000 -0.375000
v -0.125000 0.000000 -0.375000
vn 0 0 -1
f 217//55 218//55 219//55 220//55
v -0.250000 2.125000 -0.375000
v -0.250000 2.500000 -0.375000
v 0.000000 2.500000 -0.375000
v 0.000000 2.125000 -0.375000
vn 0 0 -1
f 221//56 222//56 223//56 224//56
v -0.125000 2.500000 -0.375000
v -0.125000 2.625000 -0.375000
v 0.000000 2.625000 -0.375000
v 0.000000 2.500000 -0.375000
vn 0 0 -1
f 225//57 226//57 227//57 228//57
v -0.875000 2.500000 -0.250000
v -0.875000 2.625000 -0.250000
v -0.375000 2.625000 -0.250000
v -0.375000 2.500000 -0.250000
vn 0 0 -1
f 229//58 230//58 231//58 232//58
v -0.875000 2.625000 -0.250000
v -0.875000 2.750000 -0.250000
v -0.500000 2.750000 -0.250000
v -0.500000 2.625000 -0.250000
vn 0 0 -1
f 233//59 234//59 235//59 236//59
v -0.750000 2.750000 -0.250000
v -0.750000 2.875000 -0.250000
v -0.500000 2.875000 -0.250000
v -0.500000 2.750000 -0.250000
vn 0 0 -1
f 237//60 238//60 239//60 240//60
v -0.625000 2.375000 -0.250000
v -0.625000 2.500000 -0.250000
v -0.250000 2.500000 -0.250000
v -0.250000 2.375000 -0.250000
vn 0 0 -1
f 241//61 242//61 243//61 244//61
v -0.375000 2.000000 -0.250000
v -0.375000 2.125000 -0.250000
v 0.000000 2.125000 -0.250000
v 0.000000 2.000000 -0.250000
vn 0 0 -1
f 245//62 246//62 247//62 248//62
v -0.375000 2.125000 -0.250000
v -0.375000 2.375000 -0.250000
v -0.250000 2.375000 -0.250000
v -0.250000 2.125000 -0.250000
vn 0 0 -1
f 249//63 250//63 251//63 252//63
v -0.250000 0.125000 -0.250000
v -0.250000 0.250000 -0.250000
v 0.250000 0.250000 -0.250000
v 0.250000 0.125000 -0.250000
vn 0 0 -1
f 253//64 254//64 255//64 256//64
v -0.250000 1.375000 -0.250000
v -0.250000 2.000000 -0.250000
v 0.000000 2.000000 -0.250000
v 0.000000 1.375000 -0.250000
vn 0 0 -1
f 257//65 258//65 259//65 260//65
v -0.125000 0.250000 -0.250000
v -0.125000 0.375000 -0.250000
v 0.250000 0.375000 -0.250000
v 0.250000 0.250000 -0.250000
vn 0 0 -1
f 261//66 262//66 263//66 264//66
v 0.000000 0.000000 -0.250000
v 0.000000 0.125000 -0.250000
v 0.250000 0.125000 -0.250000
v 0.250000 0.000000 -0.250000
vn 0 0 -1
f 265//67 266//67 267//67 268//67
v -0.375000 0.000000 -0.125000
v -0.375000 0.125000 -0.125000
v -0.250000 0.125000 -0.125000
v -0.250000 0.000000 -0.125000
vn 0 0 -1
f 269//68 270//68 271//68 272//68
v -0.250000 0.750000 -0.125000
v -0.250000 0.875000 -0.125000
v 0.125000 0.875000 -0.125000
v 0.125000 0.750000 -0.125000
vn 0 0 -1
f 273//69 274//69 275//69 276//69
v -0.250000 0.875000 -0.125000
v -0.250000 1.375000 -0.125000
v 0.000000 1.375000 -0.125000
v 0.000000 0.875000 -0.125000
vn 0 0 -1
f 277//70 278//70 279//70 280//70
v -0.125000 0.375000 -0.125000
v -0.125000 0.750000 -0.125000
v 0.125000 0.750000 -0.125000
v 0.125000 0.375000 -0.125000
vn 0 0 -1
f 281//71 282//71 283//71 284//71
v 0.000000 2.000000 -0.125000
v 0.000000 2.625000 -0.125000
v 0.125000 2.625000 -0.125000
v 0.125000 2.000000 -0.125000
vn 0 0 -1
f 285//72 286//72 287//72 288//72
v 0.125000 2.375000 -0.125000
v 0.125000 2.625000 -0.125000
v 0.375000 2.625000 -0.125000
v 0.375000 2.375000 -0.125000
vn 0 0 -1
f 289//73 290//73 291//73 292//73
v 0.250000 2.625000 -0.125000
v 0.250000 2.875000 -0.125000
v 0.625000 2.875000 -0.125000
v 0.625000 2.625000 -0.125000
vn 0 0 -1
f 293//74 294//74 295//74 296//74
v 0.375000 2.500000 -0.125000
v 0.375000 2.625000 -0.125000
v 0.625000 2.625000 -0.125000
v 0.625000 2.500000 -0.125000
vn 0 0 -1
f 297//75 298//75 299//75 300//75
v 0.500000 2.875000 -0.125000
v 0.500000 3.000000 -0.125000
v 0.625000 3.000000 -0.125000
v 0.625000 2.875000 -0.125000
vn 0 0 -1
f 301//76 302//76 303//76 304//76
v 0.625000 2.750000 -0.125000
v 0.625000 2.875000 -0.125000
v 0.750000 2.875000 -0.125000
v 0.750000 2.750000 -0.125000
vn 0 0 -1
f 305//77 306//77 307//77 308//77
v 0.000000 2.625000 0.125000
v 0.000000 2.750000 0.125000
v 0.125000 2.750000 0.125000
v 0.125000 2.625000 0.125000
vn 0 0 -1
f 309//78 310//78 311//78 312//78
v 0.250000 0.000000 0.125000
v 0.250000 0.125000 0.125000
v 0.375000 0.125000 0.125000
v 0.375000 0.000000 0.125000
vn 0 0 -1
f 313//79 314//79 315//79 316//79
v -1.125000 3.125000 -0.125000
v -1.125000 3.250000 -0.125000
v -1.375000 3.250000 -0.125000
v -1.375000 3.125000 -0.125000
vn 0 0 1
f 317//80 318//80 319//80 320//80
v -1.125000 3.000000 -0.125000
v -1.125000 3.125000 -0.125000
v -1.250000 3.125000 -0.125000
v -1.250000 3.000000 -0.125000
vn 0 0 1
f 321//81 322//81 323//81 324//81
v 0.000000 2.500000 -0.125000
v 0.000000 2.625000 -0.125000
v -0.250000 2.625000 -0.125000
v -0.250000 2.500000 -0.125000
vn 0 0 1
f 325//82 326//82 327//82 328//82
v -0.125000 2.375000 0.000000
v -0.125000 2.500000 0.000000
v -0.625000 2.500000 0.000000
v -0.625000 2.375000 0.000000
vn 0 0 1
f 329//83 330//83 331//83 332//83
v -0.125000 0.000000 0.000000
v -0.125000 0.125000 0.000000
v -0.375000 0.125000 0.000000
v -0.375000 0.000000 0.000000
vn 0 0 1
f 333//84 334//84 335//84 336//84
v -0.125000 2.000000 0.000000
v -0.125000 2.375000 0.000000
v -0.375000 2.375000 0.000000
v -0.375000 2.000000 0.000000
vn 0 0 1
f 337//85 338//85 339//85 340//85
v -0.125000 0.125000 0.000000
v -0.125000 0.250000 0.000000
v -0.250000 0.250000 0.000000
v -0.250000 0.125000 0.000000
vn 0 0 1
f 341//86 342//86 343//86 344//86
v 0.000000 1.500000 0.000000
v 0.000000 2.000000 0.000000
v -0.250000 2.000000 0.000000
v -0.250000 1.500000 0.000000
vn 0 0 1
f 345//87 346//87 347//87 348//87
v 0.625000 2.500000 0.000000
v 0.625000 2.625000 0.000000
v 0.375000 2.625000 0.000000
v 0.375000 2.500000 0.000000
vn 0 0 1
f 349//88 350//88 351//88 352//88
v 0.625000 2.875000 0.000000
v 0.625000 3.000000 0.000000
v 0.500000 3.000000 0.000000
v 0.500000 2.875000 0.000000
vn 0 0 1
f 353//89 354//89 355//89 356//89
v 0.125000 0.750000 0.125000
v 0.125000 0.875000 0.125000
v -0.250000 0.875000 0.125000
v -0.250000 0.750000 0.125000
vn 0 0 1
f 357//90 358//90 359//90 360//90
v 0.000000 0.875000 0.125000
v 0.000000 1.500000 0.125000
v -0.250000 1.500000 0.125000
v -0.250000 0.875000 0.125000
vn 0 0 1
f 361//91 362//91 363//91 364//91
v 0.125000 0.000000 0.125000
v 0.125000 0.750000 0.125000
v -0.125000 0.750000 0.125000
v -0.125000 0.000000 0.125000
vn 0 0 1
f 365//92 366//92 367//92 368//92
v 0.125000 2.000000 0.125000
v 0.125000 2.125000 0.125000
v -0.125000 2.125000 0.125000
v -0.125000 2.000000 0.125000
vn 0 0 1
f 369//93 370//93 371//93 372//93
v 0.250000 0.250000 0.125000
v 0.250000 0.375000 0.125000
v 0.125000 0.375000 0.125000
v 0.125000 0.250000 0.125000
vn 0 0 1
f 373//94 374//94 375//94 376//94
v 0.375000 2.375000 0.125000
v 0.375000 2.500000 0.125000
v 0.250000 2.500000 0.125000
v 0.250000 2.375000 0.125000
vn 0 0 1
f 377//95 378//95 379//95 380//95
v 0.125000 2.125000 0.250000
v 0.125000 2.375000 0.250000
v -0.125000 2.375000 0.250000
v -0.125000 2.125000 0.250000
vn 0 0 1
f 381//96 382//96 383//96 384//96
v 0.000000 2.375000 0.250000
v 0.000000 2.500000 0.250000
v -0.125000 2.500000 0.250000
v -0.125000 2.375000 0.250000
vn 0 0 1
f 385//97 386//97 387//97 388//97
v 0.250000 2.375000 0.375000
v 0.250000 2.625000 0.375000
v 0.000000 2.625000 0.375000
v 0.000000 2.375000 0.375000
vn 0 0 1
f 389//98 390//98 391//98 392//98
v 0.125000 2.625000 0.375000
v 0.125000 2.750000 0.375000
v 0.000000 2.750000 0.375000
v 0.000000 2.625000 0.375000
vn 0 0 1
f 393//99 394//99 395//99 396//99
v 0.375000 0.000000 0.375000
v 0.375000 0.125000 0.375000
v 0.125000 0.125000 0.375000
v 0.125000 0.000000 0.375000
vn 0 0 1
f 397//100 398//100 399//100 400//100
v 0.250000 0.125000 0.375000
v 0.250000 0.250000 0.375000
v 0.125000 0.250000 0.375000
v 0.125000 0.125000 0.375000
vn 0 0 1
f 401//101 402//101 403//101 404//101
v -0.125000 0.125000 -0.250000
v 0.000000 0.125000 -0.250000
v 0.000000 0.125000 -0.500000
v -0.125000 0.125000 -0.500000
vn 0 1 0
f 405//102 406//102 407//102 408//102
v -0.250000 0.125000 -0.250000
v -0.125000 0.125000 -0.250000
v -0.125000 0.125000 -0.375000
v -0.250000 0.125000 -0.375000
vn 0 1 0
f 409//103 410//103 411//103 412//103
v -0.375000 0.125000 0.000000
v -0.250000 0.125000 0.000000
v -0.250000 0.125000 -0.125000
v -0.375000 0.125000 -0.125000
vn 0 1 0
f 413//104 414//104 415//104 416//104
v 0.250000 0.125000 0.375000
v 0.375000 0.125000 0.375000
v 0.375000 0.125000 0.125000
v 0.250000 0.125000 0.125000
vn 0 1 0
f 417//105 418//105 419//105 420//105
v -0.250000 0.250000 0.000000
v -0.125000 0.250000 0.000000
v -0.125000 0.250000 -0.250000
v -0.250000 0.250000 -0.250000
vn 0 1 0
f 421//106 422//106 423//106 424//106
v 0.125000 0.250000 0.375000
v 0.250000 0.250000 0.375000
v 0.250000 0.250000 0.125000
v 0.125000 0.250000 0.125000
vn 0 1 0
f 425//107 426//107 427//107 428//107
v -0.125000 0.375000 -0.125000
v 0.250000 0.375000 -0.125000
v 0.250000 0.375000 -0.250000
v -0.125000 0.375000 -0.250000
vn 0 1 0
f 429//108 430//108 431//108 432//108
v 0.125000 0.375000 0.125000
v 0.250000 0.375000 0.125000
v 0.250000 0.375000 -0.125000
v 0.125000 0.375000 -0.125000
vn 0 1 0
f 433//109 434//109 435//109 436//109
v 0.000000 0.875000 0.125000
v 0.125000 0.875000 0.125000
v 0.125000 0.875000 -0.125000
v 0.000000 0.875000 -0.125000
vn 0 1 0
f 437//110 438//110 439//110 440//110
v -0.250000 1.500000 0.125000
v 0.000000 1.500000 0.125000
v 0.000000 1.500000 0.000000
v -0.250000 1.500000 0.000000
vn 0 1 0
f 441//111 442//111 443//111 444//111
v -0.250000 2.500000 0.000000
v 0.000000 2.500000 0.000000
v 0.000000 2.500000 -0.125000
v -0.250000 2.500000 -0.125000
vn 0 1 0
f 445//112 446//112 447//112 448//112
v -0.125000 2.500000 0.250000
v 0.000000 2.500000 0.250000
v 0.000000 2.500000 0.000000
v -0.125000 2.500000 0.000000
vn 0 1 0
f 449//113 450//113 451//113 452//113
v -0.125000 2.625000 -0.125000
v 0.000000 2.625000 -0.125000
v 0.000000 2.625000 -0.375000
v -0.125000 2.625000 -0.375000
vn 0 1 0
f 453//114 454//114 455//114 456//114
v 0.000000 2.625000 0.125000
v 0.125000 2.625000 0.125000
v 0.125000 2.625000 -0.125000
v 0.000000 2.625000 -0.125000
vn 0 1 0
f 457//115 458//115 459//115 460//115
v 0.125000 2.625000 0.000000
v 0.250000 2.625000 0.000000
v 0.250000 2.625000 -0.125000
v 0.125000 2.625000 -0.125000
vn 0 1 0
f 461//116 462//116 463//116 464//116
v 0.250000 2.875000 0.000000
v 0.500000 2.875000 0.000000
v 0.500000 2.875000 -0.125000
v 0.250000 2.875000 -0.125000
vn 0 1 0
f 465//117 466//117 467//117 468//117
v -0.250000 3.000000 -0.375000
v -0.125000 3.000000 -0.375000
v -0.125000 3.000000 -0.500000
v -0.250000 3.000000 -0.500000
vn 0 1 0
f 469//118 470//118 471//118 472//118
v -1.375000 3.250000 -0.125000
v -1.125000 3.250000 -0.125000
v -1.125000 3.250000 -0.250000
v -1.375000 3.250000 -0.250000
vn 0 1 0
f 473//119 474//119 475//119 476//119
v -1.125000 3.125000 -0.250000
v -1.125000 3.250000 -0.250000
v -1.125000 3.250000 -0.125000
v -1.125000 3.125000 -0.125000
vn 1 0 0
f 477//120 478//120 479//120 480//120
v -0.250000 2.500000 -0.125000
v -0.250000 2.625000 -0.125000
v -0.250000 2.625000 0.000000
v -0.250000 2.500000 0.000000
vn 1 0 0
f 481//121 482//121 483//121 484//121
v -0.250000 2.875000 -0.625000
v -0.250000 3.250000 -0.625000
v -0.250000 3.250000 -0.500000
v -0.250000 2.875000 -0.500000
vn 1 0 0
f 485//122 486//122 487//122 488//122
v -0.250000 3.000000 -0.500000
v -0.250000 3.250000 -0.500000
v -0.250000 3.250000 -0.375000
v -0.250000 3.000000 -0.375000
vn 1 0 0
f 489//123 490//123 491//123 492//123
v -0.125000 2.500000 -0.500000
v -0.125000 3.000000 -0.500000
v -0.125000 3.000000 -0.375000
v -0.125000 2.500000 -0.375000
vn 1 0 0
f 493//124 494//124 495//124 496//124
v -0.125000 2.625000 -0.375000
v -0.125000 2.875000 -0.375000
v -0.125000 2.875000 -0.250000
v -0.125000 2.625000 -0.250000
vn 1 0 0
f 497//125 498//125 499//125 500//125
v 0.000000 0.000000 -0.500000
v 0.000000 0.125000 -0.500000
v 0.000000 0.125000 -0.250000
v 0.000000 0.000000 -0.250000
vn 1 0 0
f 501//126 502//126 503//126 504//126
v 0.000000 0.875000 -0.125000
v 0.000000 2.000000 -0.125000
v 0.000000 2.000000 0.000000
v 0.000000 0.875000 0.000000
vn 1 0 0
f 505//127 506//127 507//127 508//127
v 0.000000 0.875000 0.000000
v 0.000000 1.500000 0.000000
v 0.000000 1.500000 0.125000
v 0.000000 0.875000 0.125000
vn 1 0 0
f 509//128 510//128 511//128 512//128
v 0.000000 1.375000 -0.250000
v 0.000000 2.625000 -0.250000
v 0.000000 2.625000 -0.125000
v 0.000000 1.375000 -0.125000
vn 1 0 0
f 513//129 514//129 515//129 516//129
v 0.000000 2.125000 -0.375000
v 0.000000 2.625000 -0.375000
v 0.000000 2.625000 -0.250000
v 0.000000 2.125000 -0.250000
vn 1 0 0
f 517//130 518//130 519//130 520//130
v 0.125000 0.375000 -0.125000
v 0.125000 0.875000 -0.125000
v 0.125000 0.875000 0.125000
v 0.125000 0.375000 0.125000
vn 1 0 0
f 521//131 522//131 523//131 524//131
v 0.125000 2.000000 -0.125000
v 0.125000 2.375000 -0.125000
v 0.125000 2.375000 0.125000
v 0.125000 2.000000 0.125000
vn 1 0 0
f 525//132 526//132 527//132 528//132
v 0.125000 2.125000 0.125000
v 0.125000 2.375000 0.125000
v 0.125000 2.375000 0.250000
v 0.125000 2.125000 0.250000
vn 1 0 0
f 529//133 530//133 531//133 532//133
v 0.250000 0.000000 -0.250000
v 0.250000 0.375000 -0.250000
v 0.250000 0.375000 0.125000
v 0.250000 0.000000 0.125000
vn 1 0 0
f 533//134 534//134 535//134 536//134
v 0.250000 0.125000 0.125000
v 0.250000 0.250000 0.125000
v 0.250000 0.250000 0.375000
v 0.250000 0.125000 0.375000
vn 1 0 0
f 537//135 538//135 539//135 540//135
v 0.250000 2.375000 0.125000
v 0.250000 2.500000 0.125000
v 0.250000 2.500000 0.375000
v 0.250000 2.375000 0.375000
vn 1 0 0
f 541//136 542//136 543//136 544//136
v 0.375000 0.000000 0.125000
v 0.375000 0.125000 0.125000
v 0.375000 0.125000 0.375000
v 0.375000 0.000000 0.375000
vn 1 0 0
f 545//137 546//137 547//137 548//137
v 0.375000 2.375000 -0.125000
v 0.375000 2.500000 -0.125000
v 0.375000 2.500000 0.125000
v 0.375000 2.375000 0.125000
vn 1 0 0
f 549//138 550//138 551//138 552//138
v 0.375000 2.500000 0.000000
v 0.375000 2.625000 0.000000
v 0.375000 2.625000 0.125000
v 0.375000 2.500000 0.125000
vn 1 0 0
f 553//139 554//139 555//139 556//139
v 0.625000 2.500000 -0.125000
v 0.625000 2.750000 -0.125000
v 0.625000 2.750000 0.000000
v 0.625000 2.500000 0.000000
vn 1 0 0
f 557//140 558//140 559//140 560//140
g palette_2
usemtl palette_2
v -2.375000 3.250000 0.375000
v -2.375000 3.375000 0.375000
v -2.375000 3.375000 -0.250000
v -2.375000 3.250000 -0.250000
vn -1 0 0
f 561//141 562//141 563//141 564//141
v -2.250000 2.625000 0.500000
v -2.250000 2.875000 0.500000
v -2.250000 2.875000 -0.375000
v -2.250000 2.625000 -0.375000
vn -1 0 0
f 565//142 566//142 567//142 568//142
v -2.250000 2.750000 -0.375000
v -2.250000 2.875000 -0.375000
v -2.250000 2.875000 -0.500000
v -2.250000 2.750000 -0.500000
vn -1 0 0
f 569//143 570//143 571//143 572//143
v -2.250000 3.375000 0.375000
v -2.250000 3.500000 0.375000
v -2.250000 3.500000 -0.250000
v -2.250000 3.375000 -0.250000
vn -1 0 0
f 573//144 574//144 575//144 576//144
v -2.125000 2.875000 0.375000
v -2.125000 3.000000 0.375000
v -2.125000 3.000000 -0.500000
v -2.125000 2.875000 -0.500000
vn -1 0 0
f 577//145 578//145 579//145 580//145
v -2.125000 3.250000 0.625000
v -2.125000 3.625000 0.625000
v -2.125000 3.625000 0.375000
v -2.125000 3.250000 0.375000
vn -1 0 0
f 581//146 582//146 583//146 584//146
v -2.125000 3.250000 0.750000
v -2.125000 3.375000 0.750000
v -2.125000 3.375000 0.625000
v -2.125000 3.250000 0.625000
vn -1 0 0
f 585//147 586//147 587//147 588//147
v -2.125000 3.500000 0.375000
v -2.125000 3.625000 0.375000
v -2.125000 3.625000 -0.125000
v -2.125000 3.500000 -0.125000
vn -1 0 0
f 589//148 590//148 591//148 592//148
v -2.000000 3.000000 0.000000
v -2.000000 3.125000 0.000000
v -2.000000 3.125000 -0.375000
v -2.000000 3.000000 -0.375000
vn -1 0 0
f 593//149 594//149 595//149 596//149
v -2.000000 3.625000 0.500000
v -2.000000 3.750000 0.500000
v -2.000000 3.750000 -0.750000
v -2.000000 3.625000 -0.750000
vn -1 0 0
f 597//150 598//150 599//150 600//150
v -2.000000 3.750000 0.250000
v -2.000000 3.875000 0.250000
v -2.000000 3.875000 -0.625000
v -2.000000 3.750000 -0.625000
vn -1 0 0
f 601//151 602//151 603//151 604//151
v -1.875000 3.875000 0.250000
v -1.875000 4.000000 0.250000
v -1.875000 4.000000 -0.625000
v -1.875000 3.875000 -0.625000
vn -1 0 0
f 605//152 606//152 607//152 608//152
v -1.875000 4.000000 0.125000
v -1.875000 4.125000 0.125000
v -1.875000 4.125000 -0.500000
v -1.875000 4.000000 -0.500000
vn -1 0 0
f 609//153 610//153 611//153 612//153
v -1.750000 2.750000 -0.500000
v -1.750000 2.875000 -0.500000
v -1.750000 2.875000 -1.000000
v -1.750000 2.750000 -1.000000
vn -1 0 0
f 613//154 614//154 615//154 616//154
v -1.625000 2.875000 -0.500000
v -1.625000 3.000000 -0.500000
v -1.625000 3.000000 -1.000000
v -1.625000 2.875000 -1.000000
vn -1 0 0
f 617//155 618//155 619//155 620//155
v -1.625000 3.125000 0.875000
v -1.625000 3.375000 0.875000
v -1.625000 3.375000 0.750000
v -1.625000 3.125000 0.750000
vn -1 0 0
f 621//156 622//156 623//156 624//156
v -1.625000 3.250000 1.000000
v -1.625000 3.375000 1.000000
v -1.625000 3.375000 0.875000
v -1.625000 3.250000 0.875000
vn -1 0 0
f 625//157 626//157 627//157 628//157
v -1.500000 2.750000 0.000000
v -1.500000 3.125000 0.000000
v -1.500000 3.125000 -0.375000
v -1.500000 2.750000 -0.375000
vn -1 0 0
f 629//158 630//158 631//158 632//158
v -1.500000 3.000000 -0.375000
v -1.500000 3.125000 -0.375000
v -1.500000 3.125000 -0.875000
v -1.500000 3.000000 -0.875000
vn -1 0 0
f 633//159 634//159 635//159 636//159
v -1.500000 4.000000 -0.500000
v -1.500000 4.125000 -0.500000
v -1.500000 4.125000 -1.000000
v -1.500000 4.000000 -1.000000
vn -1 0 0
f 637//160 638//160 639//160 640//160
v -1.500000 4.125000 -0.125000
v -1.500000 4.250000 -0.125000
v -1.500000 4.250000 -0.500000
v -1.500000 4.125000 -0.500000
vn -1 0 0
f 641//161 642//161 643//161 644//161
v -1.375000 3.125000 -0.250000
v -1.375000 3.250000 -0.250000
v -1.375000 3.250000 -0.875000
v -1.375000 3.125000 -0.875000
vn -1 0 0
f 645//162 646//162 647//162 648//162
v -1.375000 3.250000 -0.250000
v -1.375000 3.375000 -0.250000
v -1.375000 3.375000 -0.750000
v -1.375000 3.250000 -0.750000
vn -1 0 0
f 649//163 650//163 651//163 652//163
v -1.375000 4.125000 -0.625000
v -1.375000 4.250000 -0.625000
v -1.375000 4.250000 -1.000000
v -1.375000 4.125000 -1.000000
vn -1 0 0
f 653//164 654//164 655//164 656//164
v -1.250000 3.250000 0.875000
v -1.250000 3.625000 0.875000
v -1.250000 3.625000 0.375000
v -1.250000 3.250000 0.375000
vn -1 0 0
f 657//165 658//165 659//165 660//165
v -1.250000 3.250000 1.000000
v -1.250000 3.500000 1.000000
v -1.250000 3.500000 0.875000
v -1.250000 3.250000 0.875000
vn -1 0 0
f 661//166 662//166 663//166 664//166
v -1.250000 3.375000 -0.625000
v -1.250000 3.500000 -0.625000
v -1.250000 3.500000 -0.750000
v -1.250000 3.375000 -0.750000
vn -1 0 0
f 665//167 666//167 667//167 668//167
v -1.250000 3.750000 0.375000
v -1.250000 4.000000 0.375000
v -1.250000 4.000000 0.250000
v -1.250000 3.750000 0.250000
vn -1 0 0
f 669//168 670//168 671//168 672//168
v -1.250000 3.875000 0.500000
v -1.250000 4.000000 0.500000
v -1.250000 4.000000 0.375000
v -1.250000 3.875000 0.375000
vn -1 0 0
f 673//169 674//169 675//169 676//169
v -1.250000 4.000000 0.000000
v -1.250000 4.125000 0.000000
v -1.250000 4.125000 -0.375000
v -1.250000 4.000000 -0.375000
vn -1 0 0
f 677//170 678//170 679//170 680//170
v -1.250000 4.250000 -0.750000
v -1.250000 4.375000 -0.750000
v -1.250000 4.375000 -0.875000
v -1.250000 4.250000 -0.875000
vn -1 0 0
f 681//171 682//171 683//171 684//171
v -1.125000 2.750000 0.625000
v -1.125000 2.875000 0.625000
v -1.125000 2.875000 0.125000
v -1.125000 2.750000 0.125000
vn -1 0 0
f 685//172 686//172 687//172 688//172
v -1.125000 3.500000 1.375000
v -1.125000 3.750000 1.375000
v -1.125000 3.750000 0.875000
v -1.125000 3.500000 0.875000
vn -1 0 0
f 689//173 690//173 691//173 692//173
v -1.125000 4.000000 0.375000
v -1.125000 4.250000 0.375000
v -1.125000 4.250000 0.125000
v -1.125000 4.000000 0.125000
vn -1 0 0
f 693//174 694//174 695//174 696//174
v -1.125000 4.000000 0.500000
v -1.125000 4.125000 0.500000
v -1.125000 4.125000 0.375000
v -1.125000 4.000000 0.375000
vn -1 0 0
f 697//175 698//175 699//175 700//175
v -1.125000 4.125000 -0.500000
v -1.125000 4.250000 -0.500000
v -1.125000 4.250000 -0.625000
v -1.125000 4.125000 -0.625000
vn -1 0 0
f 701//176 702//176 703//176 704//176
v -1.125000 4.125000 0.125000
v -1.125000 4.250000 0.125000
v -1.125000 4.250000 -0.125000
v -1.125000 4.125000 -0.125000
vn -1 0 0
f 705//177 706//177 707//177 708//177
v -1.125000 4.250000 -0.125000
v -1.125000 4.375000 -0.125000
v -1.125000 4.375000 -0.375000
v -1.125000 4.250000 -0.375000
vn -1 0 0
f 709//178 710//178 711//178 712//178
v -1.000000 3.000000 0.000000
v -1.000000 3.125000 0.000000
v -1.000000 3.125000 -0.125000
v -1.000000 3.000000 -0.125000
vn -1 0 0
f 713//179 714//179 715//179 716//179
v -1.000000 3.375000 -0.750000
v -1.000000 3.500000 -0.750000
v -1.000000 3.500000 -1.125000
v -1.000000 3.375000 -1.125000
vn -1 0 0
f 717//180 718//180 719//180 720//180
v -1.000000 3.750000 1.250000
v -1.000000 3.875000 1.250000
v -1.000000 3.875000 0.750000
v -1.000000 3.750000 0.750000
vn -1 0 0
f 721//181 722//181 723//181 724//181
v -1.000000 4.250000 0.250000
v -1.000000 4.500000 0.250000
v -1.000000 4.500000 -0.125000
v -1.000000 4.250000 -0.125000
vn -1 0 0
f 725//182 726//182 727//182 728//182
v -1.000000 4.250000 0.375000
v -1.000000 4.375000 0.375000
v -1.000000 4.375000 0.250000
v -1.000000 4.250000 0.250000
vn -1 0 0
f 729//183 730//183 731//183 732//183
v -0.875000 3.125000 0.000000
v -0.875000 3.250000 0.000000
v -0.875000 3.250000 -0.250000
v -0.875000 3.125000 -0.250000
vn -1 0 0
f 733//184 734//184 735//184 736//184
v -0.875000 3.500000 -0.500000
v -0.875000 3.625000 -0.500000
v -0.875000 3.625000 -1.125000
v -0.875000 3.500000 -1.125000
vn -1 0 0
f 737//185 738//185 739//185 740//185
v -0.875000 3.875000 1.250000
v -0.875000 4.000000 1.250000
v -0.875000 4.000000 0.500000
v -0.875000 3.875000 0.500000
vn -1 0 0
f 741//186 742//186 743//186 744//186
v -0.750000 3.375000 -0.375000
v -0.750000 3.625000 -0.375000
v -0.750000 3.625000 -0.500000
v -0.750000 3.375000 -0.500000
vn -1 0 0
f 745//187 746//187 747//187 748//187
v -0.750000 3.375000 -0.125000
v -0.750000 3.500000 -0.125000
v -0.750000 3.500000 -0.375000
v -0.750000 3.375000 -0.375000
vn -1 0 0
f 749//188 750//188 751//188 752//188
v -0.750000 3.625000 -0.500000
v -0.750000 3.750000 -0.500000
v -0.750000 3.750000 -1.000000
v -0.750000 3.625000 -1.000000
vn -1 0 0
f 753//189 754//189 755//189 756//189
v -0.625000 3.375000 1.375000
v -0.625000 3.500000 1.375000
v -0.625000 3.500000 1.250000
v -0.625000 3.375000 1.250000
vn -1 0 0
f 757//190 758//190 759//190 760//190
v -0.625000 3.750000 -0.500000
v -0.625000 3.875000 -0.500000
v -0.625000 3.875000 -1.000000
v -0.625000 3.750000 -1.000000
vn -1 0 0
f 761//191 762//191 763//191 764//191
v -0.250000 3.750000 -1.000000
v -0.250000 3.875000 -1.000000
v -0.250000 3.875000 -1.250000
v -0.250000 3.750000 -1.250000
vn -1 0 0
f 765//192 766//192 767//192 768//192
v -0.250000 3.875000 0.500000
v -0.250000 4.000000 0.500000
v -0.250000 4.000000 0.125000
v -0.250000 3.875000 0.125000
vn -1 0 0
f 769//193 770//193 771//193 772//193
v -0.250000 4.125000 0.375000
v -0.250000 4.375000 0.375000
v -0.250000 4.375000 0.125000
v -0.250000 4.125000 0.125000
vn -1 0 0
f 773//194 774//194 775//194 776//194
v -0.250000 4.250000 0.125000
v -0.250000 4.375000 0.125000
v -0.250000 4.375000 0.000000
v -0.250000 4.250000 0.000000
vn -1 0 0
f 777//195 778//195 779//195 780//195
v -0.250000 4.250000 0.500000
v -0.250000 4.375000 0.500000
v -0.250000 4.375000 0.375000
v -0.250000 4.250000 0.375000
vn -1 0 0
f 781//196 782//196 783//196 784//196
v -0.125000 3.500000 0.250000
v -0.125000 3.750000 0.250000
v -0.125000 3.750000 -0.125000
v -0.125000 3.500000 -0.125000
vn -1 0 0
f 785//197 786//197 787//197 788//197
v -0.125000 3.500000 0.375000
v -0.125000 3.625000 0.375000
v -0.125000 3.625000 0.250000
v -0.125000 3.500000 0.250000
vn -1 0 0
f 789//198 790//198 791//198 792//198
v -0.125000 3.625000 -0.125000
v -0.125000 3.750000 -0.125000
v -0.125000 3.750000 -0.250000
v -0.125000 3.625000 -0.250000
vn -1 0 0
f 793//199 794//199 795//199 796//199
v -0.125000 3.875000 -0.875000
v -0.125000 4.000000 -0.875000
v -0.125000 4.000000 -1.250000
v -0.125000 3.875000 -1.250000
vn -1 0 0
f 797//200 798//200 799//200 800//200
v -0.125000 4.000000 1.000000
v -0.125000 4.125000 1.000000
v -0.125000 4.125000 0.375000
v -0.125000 4.000000 0.375000
vn -1 0 0
f 801//201 802//201 803//201 804//201
v -0.125000 4.250000 0.000000
v -0.125000 4.375000 0.000000
v -0.125000 4.375000 -0.875000
v -0.125000 4.250000 -0.875000
vn -1 0 0
f 805//202 806//202 807//202 808//202
v -0.125000 4.375000 0.375000
v -0.125000 4.500000 0.375000
v -0.125000 4.500000 -0.750000
v -0.125000 4.375000 -0.750000
vn -1 0 0
f 809//203 810//203 811//203 812//203
v -0.125000 4.500000 0.375000
v -0.125000 4.625000 0.375000
v -0.125000 4.625000 -0.250000
v -0.125000 4.500000 -0.250000
vn -1 0 0
f 813//204 814//204 815//204 816//204
v 0.000000 2.750000 0.875000
v 0.000000 2.875000 0.875000
v 0.000000 2.875000 0.000000
v 0.000000 2.750000 0.000000
vn -1 0 0
f 817//205 818//205 819//205 820//205
v 0.000000 2.875000 1.000000
v 0.000000 3.000000 1.000000
v 0.000000 3.000000 0.125000
v 0.000000 2.875000 0.125000
vn -1 0 0
f 821//206 822//206 823//206 824//206
v 0.000000 3.500000 1.375000
v 0.000000 3.625000 1.375000
v 0.000000 3.625000 1.000000
v 0.000000 3.500000 1.000000
vn -1 0 0
f 825//207 826//207 827//207 828//207
v 0.000000 3.625000 1.250000
v 0.000000 3.875000 1.250000
v 0.000000 3.875000 1.125000
v 0.000000 3.625000 1.125000
vn -1 0 0
f 829//208 830//208 831//208 832//208
v 0.000000 3.750000 -0.500000
v 0.000000 4.125000 -0.500000
v 0.000000 4.125000 -0.625000
v 0.000000 3.750000 -0.625000
vn -1 0 0
f 833//209 834//209 835//209 836//209
v 0.000000 3.750000 -0.375000
v 0.000000 4.000000 -0.375000
v 0.000000 4.000000 -0.500000
v 0.000000 3.750000 -0.500000
vn -1 0 0
f 837//210 838//210 839//210 840//210
v 0.000000 3.750000 -0.250000
v 0.000000 3.875000 -0.250000
v 0.000000 3.875000 -0.375000
v 0.000000 3.750000 -0.375000
vn -1 0 0
f 841//211 842//211 843//211 844//211
v 0.000000 3.750000 0.125000
v 0.000000 3.875000 0.125000
v 0.000000 3.875000 0.000000
v 0.000000 3.750000 0.000000
vn -1 0 0
f 845//212 846//212 847//212 848//212
v 0.000000 3.750000 1.125000
v 0.000000 3.875000 1.125000
v 0.000000 3.875000 1.000000
v 0.000000 3.750000 1.000000
vn -1 0 0
f 849//213 850//213 851//213 852//213
v 0.000000 4.000000 -0.750000
v 0.000000 4.125000 -0.750000
v 0.000000 4.125000 -1.125000
v 0.000000 4.000000 -1.125000
vn -1 0 0
f 853//214 854//214 855//214 856//214
v 0.000000 4.125000 0.875000
v 0.000000 4.250000 0.875000
v 0.000000 4.250000 0.375000
v 0.000000 4.125000 0.375000
vn -1 0 0
f 857//215 858//215 859//215 860//215
v 0.125000 3.000000 0.250000
v 0.125000 3.125000 0.250000
v 0.125000 3.125000 0.125000
v 0.125000 3.000000 0.125000
vn -1 0 0
f 861//216 862//216 863//216 864//216
v 0.125000 3.125000 0.375000
v 0.125000 3.250000 0.375000
v 0.125000 3.250000 0.250000
v 0.125000 3.125000 0.250000
vn -1 0 0
f 865//217 866//217 867//217 868//217
v 0.125000 4.125000 -0.875000
v 0.125000 4.250000 -0.875000
v 0.125000 4.250000 -1.125000
v 0.125000 4.125000 -1.125000
vn -1 0 0
f 869//218 870//218 871//218 872//218
v 0.125000 4.750000 -0.125000
v 0.125000 4.875000 -0.125000
v 0.125000 4.875000 -0.250000
v 0.125000 4.750000 -0.250000
vn -1 0 0
f 873//219 874//219 875//219 876//219
v 0.375000 3.125000 0.000000
v 0.375000 3.375000 0.000000
v 0.375000 3.375000 -0.375000
v 0.375000 3.125000 -0.375000
vn -1 0 0
f 877//220 878//220 879//220 880//220
v 0.375000 3.125000 0.250000
v 0.375000 3.250000 0.250000
v 0.375000 3.250000 0.000000
v 0.375000 3.125000 0.000000
vn -1 0 0
f 881//221 882//221 883//221 884//221
v 0.375000 3.250000 -0.375000
v 0.375000 3.375000 -0.375000
v 0.375000 3.375000 -0.500000
v 0.375000 3.250000 -0.500000
vn -1 0 0
f 885//222 886//222 887//222 888//222
v 0.500000 3.375000 -0.125000
v 0.500000 3.500000 -0.125000
v 0.500000 3.500000 -0.500000
v 0.500000 3.375000 -0.500000
vn -1 0 0
f 889//223 890//223 891//223 892//223
v 0.500000 4.375000 0.500000
v 0.500000 4.500000 0.500000
v 0.500000 4.500000 0.375000
v 0.500000 4.375000 0.375000
vn -1 0 0
f 893//224 894//224 895//224 896//224
v 0.625000 3.500000 -0.125000
v 0.625000 3.625000 -0.125000
v 0.625000 3.625000 -0.375000
v 0.625000 3.500000 -0.375000
vn -1 0 0
f 897//225 898//225 899//225 900//225
v 0.625000 4.250000 -0.375000
v 0.625000 4.375000 -0.375000
v 0.625000 4.375000 -0.500000
v 0.625000 4.250000 -0.500000
vn -1 0 0
f 901//226 902//226 903//226 904//226
v 0.750000 2.750000 -0.125000
v 0.750000 2.875000 -0.125000
v 0.750000 2.875000 -0.875000
v 0.750000 2.750000 -0.875000
vn -1 0 0
f 905//227 906//227 907//227 908//227
v 0.750000 2.875000 -0.250000
v 0.750000 3.000000 -0.250000
v 0.750000 3.000000 -0.750000
v 0.750000 2.875000 -0.750000
vn -1 0 0
f 909//228 910//228 911//228 912//228
v 0.750000 4.375000 -0.625000
v 0.750000 4.500000 -0.625000
v 0.750000 4.500000 -0.750000
v 0.750000 4.375000 -0.750000
vn -1 0 0
f 913//229 914//229 915//229 916//229
v 0.875000 3.000000 -0.375000
v 0.875000 3.125000 -0.375000
v 0.875000 3.125000 -0.750000
v 0.875000 3.000000 -0.750000
vn -1 0 0
f 917//230 918//230 919//230 920//230
v 0.875000 3.125000 -0.375000
v 0.875000 3.250000 -0.375000
v 0.875000 3.250000 -0.625000
v 0.875000 3.125000 -0.625000
vn -1 0 0
f 921//231 922//231 923//231 924//231
v 1.000000 3.625000 -0.250000
v 1.000000 3.750000 -0.250000
v 1.000000 3.750000 -0.625000
v 1.000000 3.625000 -0.625000
vn -1 0 0
f 925//232 926//232 927//232 928//232
v 1.125000 3.125000 0.750000
v 1.125000 3.500000 0.750000
v 1.125000 3.500000 0.500000
v 1.125000 3.125000 0.500000
vn -1 0 0
f 929//233 930//233 931//233 932//233
v 1.125000 3.125000 0.875000
v 1.125000 3.250000 0.875000
v 1.125000 3.250000 0.750000
v 1.125000 3.125000 0.750000
vn -1 0 0
f 933//234 934//234 935//234 936//234
v 1.125000 3.375000 0.500000
v 1.125000 3.500000 0.500000
v 1.125000 3.500000 0.375000
v 1.125000 3.375000 0.375000
vn -1 0 0
f 937//235 938//235 939//235 940//235
v 1.125000 3.875000 0.250000
v 1.125000 4.125000 0.250000
v 1.125000 4.125000 0.125000
v 1.125000 3.875000 0.125000
vn -1 0 0
f 941//236 942//236 943//236 944//236
v 1.125000 3.875000 0.375000
v 1.125000 4.000000 0.375000
v 1.125000 4.000000 0.250000
v 1.125000 3.875000 0.250000
vn -1 0 0
f 945//237 946//237 947//237 948//237
v 1.250000 3.500000 0.625000
v 1.250000 3.625000 0.625000
v 1.250000 3.625000 0.375000
v 1.250000 3.500000 0.375000
vn -1 0 0
f 949//238 950//238 951//238 952//238
v 1.250000 4.125000 0.125000
v 1.250000 4.375000 0.125000
v 1.250000 4.375000 0.000000
v 1.250000 4.125000 0.000000
vn -1 0 0
f 953//239 954//239 955//239 956//239
v 1.250000 4.125000 0.250000
v 1.250000 4.250000 0.250000
v 1.250000 4.250000 0.125000
v 1.250000 4.125000 0.125000
vn -1 0 0
f 957//240 958//240 959//240 960//240
v -2.250000 2.625000 -0.375000
v -2.125000 2.625000 -0.375000
v -2.125000 2.625000 0.500000
v -2.250000 2.625000 0.500000
vn 0 -1 0
f 961//241 962//241 963//241 964//241
v -2.125000 2.625000 0.375000
v -1.375000 2.625000 0.375000
v -1.375000 2.625000 0.500000
v -2.125000 2.625000 0.500000
vn 0 -1 0
f 965//242 966//242 967//242 968//242
v -1.750000 2.750000 -1.000000
v -0.750000 2.750000 -1.000000
v -0.750000 2.750000 -0.875000
v -1.750000 2.750000 -0.875000
vn 0 -1 0
f 969//243 970//243 971//243 972//243
v -0.875000 2.750000 -0.875000
v -0.750000 2.750000 -0.875000
v -0.750000 2.750000 -0.250000
v -0.875000 2.750000 -0.250000
vn 0 -1 0
f 973//244 974//244 975//244 976//244
v 0.750000 2.750000 -0.875000
v 0.875000 2.750000 -0.875000
v 0.875000 2.750000 -0.125000
v 0.750000 2.750000 -0.125000
vn 0 -1 0
f 977//245 978//245 979//245 980//245
v 1.750000 2.750000 -0.875000
v 1.875000 2.750000 -0.875000
v 1.875000 2.750000 -0.250000
v 1.750000 2.750000 -0.250000
vn 0 -1 0
f 981//246 982//246 983//246 984//246
v -2.250000 2.750000 -0.500000
v -1.750000 2.750000 -0.500000
v -1.750000 2.750000 -0.375000
v -2.250000 2.750000 -0.375000
vn 0 -1 0
f 985//247 986//247 987//247 988//247
v -1.250000 2.750000 0.000000
v -1.000000 2.750000 0.000000
v -1.000000 2.750000 0.125000
v -1.250000 2.750000 0.125000
vn 0 -1 0
f 989//248 990//248 991//248 992//248
v 0.000000 2.750000 0.000000
v 0.125000 2.750000 0.000000
v 0.125000 2.750000 0.125000
v 0.000000 2.750000 0.125000
vn 0 -1 0
f 993//249 994//249 995//249 996//249
v 1.000000 2.750000 0.000000
v 1.125000 2.750000 0.000000
v 1.125000 2.750000 0.625000
v 1.000000 2.750000 0.625000
vn 0 -1 0
f 997//250 998//250 999//250 1000//250
v -1.125000 2.750000 0.125000
v -1.000000 2.750000 0.125000
v -1.000000 2.750000 0.625000
v -1.125000 2.750000 0.625000
vn 0 -1 0
f 1001//251 1002//251 1003//251 1004//251
v 0.000000 2.750000 0.375000
v 0.125000 2.750000 0.375000
v 0.125000 2.750000 0.875000
v 0.000000 2.750000 0.875000
vn 0 -1 0
f 1005//252 1006//252 1007//252 1008//252
v -1.000000 2.750000 0.500000
v -0.375000 2.750000 0.500000
v -0.375000 2.750000 0.625000
v -1.000000 2.750000 0.625000
vn 0 -1 0
f 1009//253 1010//253 1011//253 1012//253
v -0.750000 2.875000 -1.000000
v -0.625000 2.875000 -1.000000
v -0.625000 2.875000 -0.250000
v -0.750000 2.875000 -0.250000
vn 0 -1 0
f 1013//254 1014//254 1015//254 1016//254
v -0.625000 2.875000 -0.375000
v -0.375000 2.875000 -0.375000
v -0.375000 2.875000 -0.250000
v -0.625000 2.875000 -0.250000
vn 0 -1 0
f 1017//255 1018//255 1019//255 1020//255
v -0.125000 2.875000 -0.375000
v 0.000000 2.875000 -0.375000
v 0.000000 2.875000 -0.125000
v -0.125000 2.875000 -0.125000
vn 0 -1 0
f 1021//256 1022//256 1023//256 1024//256
v 1.125000 2.875000 0.000000
v 1.625000 2.875000 0.000000
v 1.625000 2.875000 0.125000
v 1.125000 2.875000 0.125000
vn 0 -1 0
f 1025//257 1026//257 1027//257 1028//257
v 0.000000 2.875000 0.875000
v 0.875000 2.875000 0.875000
v 0.875000 2.875000 1.000000
v 0.000000 2.875000 1.000000
vn 0 -1 0
f 1029//258 1030//258 1031//258 1032//258
v 0.375000 3.125000 -0.375000
v 0.500000 3.125000 -0.375000
v 0.500000 3.125000 0.125000
v 0.375000 3.125000 0.125000
vn 0 -1 0
f 1033//259 1034//259 1035//259 1036//259
v 1.625000 3.125000 -0.125000
v 1.875000 3.125000 -0.125000
v 1.875000 3.125000 0.125000
v 1.625000 3.125000 0.125000
vn 0 -1 0
f 1037//260 1038//260 1039//260 1040//260
v 1.750000 3.125000 0.125000
v 1.875000 3.125000 0.125000
v 1.875000 3.125000 0.875000
v 1.750000 3.125000 0.875000
vn 0 -1 0
f 1041//261 1042//261 1043//261 1044//261
v -0.625000 3.125000 0.500000
v -0.500000 3.125000 0.500000
v -0.500000 3.125000 0.625000
v -0.625000 3.125000 0.625000
vn 0 -1 0
f 1045//262 1046//262 1047//262 1048//262
v -1.625000 3.125000 0.750000
v -1.500000 3.125000 0.750000
v -1.500000 3.125000 0.875000
v -1.625000 3.125000 0.875000
vn 0 -1 0
f 1049//263 1050//263 1051//263 1052//263
v 0.375000 3.250000 -0.500000
v 0.875000 3.250000 -0.500000
v 0.875000 3.250000 -0.375000
v 0.375000 3.250000 -0.375000
vn 0 -1 0
f 1053//264 1054//264 1055//264 1056//264
v -2.375000 3.250000 -0.250000
v -2.000000 3.250000 -0.250000
v -2.000000 3.250000 -0.125000
v -2.375000 3.250000 -0.125000
vn 0 -1 0
f 1057//265 1058//265 1059//265 1060//265
v 1.875000 3.250000 -0.125000
v 2.000000 3.250000 -0.125000
v 2.000000 3.250000 0.750000
v 1.875000 3.250000 0.750000
vn 0 -1 0
f 1061//266 1062//266 1063//266 1064//266
v -0.375000 3.250000 0.375000
v 0.000000 3.250000 0.375000
v 0.000000 3.250000 0.625000
v -0.375000 3.250000 0.625000
vn 0 -1 0
f 1065//267 1066//267 1067//267 1068//267
v -0.250000 3.250000 0.625000
v 0.000000 3.250000 0.625000
v 0.000000 3.250000 1.000000
v -0.250000 3.250000 1.000000
vn 0 -1 0
f 1069//268 1070//268 1071//268 1072//268
v -1.625000 3.250000 0.875000
v -1.500000 3.250000 0.875000
v -1.500000 3.250000 1.000000
v -1.625000 3.250000 1.000000
vn 0 -1 0
f 1073//269 1074//269 1075//269 1076//269
v -1.250000 3.250000 0.875000
v -0.875000 3.250000 0.875000
v -0.875000 3.250000 1.000000
v -1.250000 3.250000 1.000000
vn 0 -1 0
f 1077//270 1078//270 1079//270 1080//270
v 0.375000 3.250000 0.875000
v 0.500000 3.250000 0.875000
v 0.500000 3.250000 1.000000
v 0.375000 3.250000 1.000000
vn 0 -1 0
f 1081//271 1082//271 1083//271 1084//271
v -1.000000 3.375000 -1.125000
v 0.000000 3.375000 -1.125000
v 0.000000 3.375000 -1.000000
v -1.000000 3.375000 -1.000000
vn 0 -1 0
f 1085//272 1086//272 1087//272 1088//272
v -0.125000 3.375000 -1.000000
v 0.000000 3.375000 -1.000000
v 0.000000 3.375000 -0.125000
v -0.125000 3.375000 -0.125000
vn 0 -1 0
f 1089//273 1090//273 1091//273 1092//273
v -1.375000 3.375000 0.000000
v -1.250000 3.375000 0.000000
v -1.250000 3.375000 0.125000
v -1.375000 3.375000 0.125000
vn 0 -1 0
f 1093//274 1094//274 1095//274 1096//274
v -0.625000 3.375000 1.250000
v 0.250000 3.375000 1.250000
v 0.250000 3.375000 1.375000
v -0.625000 3.375000 1.375000
vn 0 -1 0
f 1097//275 1098//275 1099//275 1100//275
v 0.000000 3.500000 -1.125000
v 0.125000 3.500000 -1.125000
v 0.125000 3.500000 -1.000000
v 0.000000 3.500000 -1.000000
vn 0 -1 0
f 1101//276 1102//276 1103//276 1104//276
v 0.000000 3.500000 -0.375000
v 0.125000 3.500000 -0.375000
v 0.125000 3.500000 -0.250000
v 0.000000 3.500000 -0.250000
vn 0 -1 0
f 1105//277 1106//277 1107//277 1108//277
v -0.125000 3.500000 -0.125000
v 0.000000 3.500000 -0.125000
v 0.000000 3.500000 0.375000
v -0.125000 3.500000 0.375000
vn 0 -1 0
f 1109//278 1110//278 1111//278 1112//278
v 0.625000 3.500000 0.625000
v 0.750000 3.500000 0.625000
v 0.750000 3.500000 0.750000
v 0.625000 3.500000 0.750000
vn 0 -1 0
f 1113//279 1114//279 1115//279 1116//279
v -1.125000 3.500000 1.000000
v -1.000000 3.500000 1.000000
v -1.000000 3.500000 1.375000
v -1.125000 3.500000 1.375000
vn 0 -1 0
f 1117//280 1118//280 1119//280 1120//280
v -1.000000 3.500000 1.250000
v -0.625000 3.500000 1.250000
v -0.625000 3.500000 1.375000
v -1.000000 3.500000 1.375000
vn 0 -1 0
f 1121//281 1122//281 1123//281 1124//281
v -2.000000 3.625000 -0.750000
v -1.875000 3.625000 -0.750000
v -1.875000 3.625000 -0.125000
v -2.000000 3.625000 -0.125000
vn 0 -1 0
f 1125//282 1126//282 1127//282 1128//282
v -1.000000 3.625000 -0.750000
v -0.875000 3.625000 -0.750000
v -0.875000 3.625000 -0.500000
v -1.000000 3.625000 -0.500000
vn 0 -1 0
f 1129//283 1130//283 1131//283 1132//283
v 1.000000 3.625000 -0.625000
v 1.125000 3.625000 -0.625000
v 1.125000 3.625000 -0.375000
v 1.000000 3.625000 -0.375000
vn 0 -1 0
f 1133//284 1134//284 1135//284 1136//284
v 2.000000 3.625000 -0.625000
v 2.125000 3.625000 -0.625000
v 2.125000 3.625000 0.000000
v 2.000000 3.625000 0.000000
vn 0 -1 0
f 1137//285 1138//285 1139//285 1140//285
v -0.125000 3.625000 -0.250000
v 0.625000 3.625000 -0.250000
v 0.625000 3.625000 -0.125000
v -0.125000 3.625000 -0.125000
vn 0 -1 0
f 1141//286 1142//286 1143//286 1144//286
v -0.750000 3.625000 0.375000
v -0.250000 3.625000 0.375000
v -0.250000 3.625000 0.500000
v -0.750000 3.625000 0.500000
vn 0 -1 0
f 1145//287 1146//287 1147//287 1148//287
v -0.250000 3.750000 -1.250000
v 0.750000 3.750000 -1.250000
v 0.750000 3.750000 -1.125000
v -0.250000 3.750000 -1.125000
vn 0 -1 0
f 1149//288 1150//288 1151//288 1152//288
v 0.625000 3.750000 -1.125000
v 0.750000 3.750000 -1.125000
v 0.750000 3.750000 -0.625000
v 0.625000 3.750000 -0.625000
vn 0 -1 0
f 1153//289 1154//289 1155//289 1156//289
v -0.250000 3.750000 0.000000
v -0.125000 3.750000 0.000000
v -0.125000 3.750000 0.250000
v -0.250000 3.750000 0.250000
vn 0 -1 0
f 1157//290 1158//290 1159//290 1160//290
v -1.375000 3.750000 0.125000
v -1.125000 3.750000 0.125000
v -1.125000 3.750000 0.250000
v -1.375000 3.750000 0.250000
vn 0 -1 0
f 1161//291 1162//291 1163//291 1164//291
v -1.250000 3.750000 0.250000
v -1.125000 3.750000 0.250000
v -1.125000 3.750000 0.375000
v -1.250000 3.750000 0.375000
vn 0 -1 0
f 1165//292 1166//292 1167//292 1168//292
v 1.000000 3.750000 0.250000
v 1.250000 3.750000 0.250000
v 1.250000 3.750000 0.375000
v 1.000000 3.750000 0.375000
vn 0 -1 0
f 1169//293 1170//293 1171//293 1172//293
v 1.750000 3.750000 0.250000
v 1.875000 3.750000 0.250000
v 1.875000 3.750000 0.375000
v 1.750000 3.750000 0.375000
vn 0 -1 0
f 1173//294 1174//294 1175//294 1176//294
v 0.500000 3.750000 0.750000
v 0.625000 3.750000 0.750000
v 0.625000 3.750000 1.125000
v 0.500000 3.750000 1.125000
vn 0 -1 0
f 1177//295 1178//295 1179//295 1180//295
v 0.750000 3.875000 -1.250000
v 0.875000 3.875000 -1.250000
v 0.875000 3.875000 -0.750000
v 0.750000 3.875000 -0.750000
vn 0 -1 0
f 1181//296 1182//296 1183//296 1184//296
v 0.750000 3.875000 0.375000
v 0.875000 3.875000 0.375000
v 0.875000 3.875000 0.625000
v 0.750000 3.875000 0.625000
vn 0 -1 0
f 1185//297 1186//297 1187//297 1188//297
v 0.625000 3.875000 0.625000
v 0.750000 3.875000 0.625000
v 0.750000 3.875000 1.000000
v 0.625000 3.875000 1.000000
vn 0 -1 0
f 1189//298 1190//298 1191//298 1192//298
v -0.250000 3.875000 1.000000
v -0.125000 3.875000 1.000000
v -0.125000 3.875000 1.250000
v -0.250000 3.875000 1.250000
vn 0 -1 0
f 1193//299 1194//299 1195//299 1196//299
v -0.125000 3.875000 1.000000
v 0.000000 3.875000 1.000000
v 0.000000 3.875000 1.125000
v -0.125000 3.875000 1.125000
vn 0 -1 0
f 1197//300 1198//300 1199//300 1200//300
v -1.500000 4.000000 -1.000000
v -0.500000 4.000000 -1.000000
v -0.500000 4.000000 -0.875000
v -1.500000 4.000000 -0.875000
vn 0 -1 0
f 1201//301 1202//301 1203//301 1204//301
v 0.875000 4.000000 -0.875000
v 1.375000 4.000000 -0.875000
v 1.375000 4.000000 -0.750000
v 0.875000 4.000000 -0.750000
vn 0 -1 0
f 1205//302 1206//302 1207//302 1208//302
v 1.250000 4.000000 -0.750000
v 1.375000 4.000000 -0.750000
v 1.375000 4.000000 -0.500000
v 1.250000 4.000000 -0.500000
vn 0 -1 0
f 1209//303 1210//303 1211//303 1212//303
v -0.500000 4.125000 -1.000000
v -0.375000 4.125000 -1.000000
v -0.375000 4.125000 -0.875000
v -0.500000 4.125000 -0.875000
vn 0 -1 0
f 1213//304 1214//304 1215//304 1216//304
v -0.250000 4.125000 -0.875000
v 0.000000 4.125000 -0.875000
v 0.000000 4.125000 -0.750000
v -0.250000 4.125000 -0.750000
vn 0 -1 0
f 1217//305 1218//305 1219//305 1220//305
v 1.375000 4.125000 -0.875000
v 1.500000 4.125000 -0.875000
v 1.500000 4.125000 -0.375000
v 1.375000 4.125000 -0.375000
vn 0 -1 0
f 1221//306 1222//306 1223//306 1224//306
v -0.250000 4.125000 -0.625000
v -0.125000 4.125000 -0.625000
v -0.125000 4.125000 -0.250000
v -0.250000 4.125000 -0.250000
vn 0 -1 0
f 1225//307 1226//307 1227//307 1228//307
v -0.125000 4.125000 -0.625000
v 0.000000 4.125000 -0.625000
v 0.000000 4.125000 -0.500000
v -0.125000 4.125000 -0.500000
vn 0 -1 0
f 1229//308 1230//308 1231//308 1232//308
v -1.500000 4.125000 -0.375000
v -1.250000 4.125000 -0.375000
v -1.250000 4.125000 -0.125000
v -1.500000 4.125000 -0.125000
vn 0 -1 0
f 1233//309 1234//309 1235//309 1236//309
v -0.250000 4.125000 0.125000
v -0.125000 4.125000 0.125000
v -0.125000 4.125000 0.375000
v -0.250000 4.125000 0.375000
vn 0 -1 0
f 1237//310 1238//310 1239//310 1240//310
v 1.500000 4.250000 -0.500000
v 1.625000 4.250000 -0.500000
v 1.625000 4.250000 -0.250000
v 1.500000 4.250000 -0.250000
vn 0 -1 0
f 1241//311 1242//311 1243//311 1244//311
v -0.250000 4.250000 0.375000
v 0.000000 4.250000 0.375000
v 0.000000 4.250000 0.500000
v -0.250000 4.250000 0.500000
vn 0 -1 0
f 1245//312 1246//312 1247//312 1248//312
v 0.125000 4.750000 -0.250000
v 0.375000 4.750000 -0.250000
v 0.375000 4.750000 -0.125000
v 0.125000 4.750000 -0.125000
vn 0 -1 0
f 1249//313 1250//313 1251//313 1252//313
v -0.250000 3.750000 -1.250000
v -0.250000 3.875000 -1.250000
v 0.750000 3.875000 -1.250000
v 0.750000 3.750000 -1.250000
vn 0 0 -1
f 1253//314 1254//314 1255//314 1256//314
v -0.125000 3.875000 -1.250000
v -0.125000 4.000000 -1.250000
v 0.875000 4.000000 -1.250000
v 0.875000 3.875000 -1.250000
vn 0 0 -1
f 1257//315 1258//315 1259//315 1260//315
v -1.000000 3.375000 -1.125000
v -1.000000 3.500000 -1.125000
v 0.000000 3.500000 -1.125000
v 0.000000 3.375000 -1.125000
vn 0 0 -1
f 1261//316 1262//316 1263//316 1264//316
v -0.875000 3.500000 -1.125000
v -0.875000 3.625000 -1.125000
v 0.125000 3.625000 -1.125000
v 0.125000 3.500000 -1.125000
vn 0 0 -1
f 1265//317 1266//317 1267//317 1268//317
v 0.000000 4.000000 -1.125000
v 0.000000 4.125000 -1.125000
v 0.875000 4.125000 -1.125000
v 0.875000 4.000000 -1.125000
vn 0 0 -1
f 1269//318 1270//318 1271//318 1272//318
v 0.125000 4.125000 -1.125000
v 0.125000 4.250000 -1.125000
v 0.750000 4.250000 -1.125000
v 0.750000 4.125000 -1.125000
vn 0 0 -1
f 1273//319 1274//319 1275//319 1276//319
v -1.750000 2.750000 -1.000000
v -1.750000 2.875000 -1.000000
v -0.750000 2.875000 -1.000000
v -0.750000 2.750000 -1.000000
vn 0 0 -1
f 1277//320 1278//320 1279//320 1280//320
v -1.625000 2.875000 -1.000000
v -1.625000 3.000000 -1.000000
v -0.625000 3.000000 -1.000000
v -0.625000 2.875000 -1.000000
vn 0 0 -1
f 1281//321 1282//321 1283//321 1284//321
v -1.500000 4.000000 -1.000000
v -1.500000 4.125000 -1.000000
v -0.500000 4.125000 -1.000000
v -0.500000 4.000000 -1.000000
vn 0 0 -1
f 1285//322 1286//322 1287//322 1288//322
v -1.375000 4.125000 -1.000000
v -1.375000 4.250000 -1.000000
v -0.375000 4.250000 -1.000000
v -0.375000 4.125000 -1.000000
vn 0 0 -1
f 1289//323 1290//323 1291//323 1292//323
v -0.750000 3.625000 -1.000000
v -0.750000 3.750000 -1.000000
v -0.250000 3.750000 -1.000000
v -0.250000 3.625000 -1.000000
vn 0 0 -1
f 1293//324 1294//324 1295//324 1296//324
v -0.625000 3.750000 -1.000000
v -0.625000 3.875000 -1.000000
v -0.250000 3.875000 -1.000000
v -0.250000 3.750000 -1.000000
vn 0 0 -1
f 1297//325 1298//325 1299//325 1300//325
v -1.500000 3.000000 -0.875000
v -1.500000 3.125000 -0.875000
v -0.625000 3.125000 -0.875000
v -0.625000 3.000000 -0.875000
vn 0 0 -1
f 1301//326 1302//326 1303//326 1304//326
v -1.375000 3.125000 -0.875000
v -1.375000 3.250000 -0.875000
v -0.875000 3.250000 -0.875000
v -0.875000 3.125000 -0.875000
vn 0 0 -1
f 1305//327 1306//327 1307//327 1308//327
v -1.250000 4.250000 -0.875000
v -1.250000 4.375000 -0.875000
v -0.500000 4.375000 -0.875000
v -0.500000 4.250000 -0.875000
vn 0 0 -1
f 1309//328 1310//328 1311//328 1312//328
v -0.375000 4.125000 -0.875000
v -0.375000 4.250000 -0.875000
v 0.125000 4.250000 -0.875000
v 0.125000 4.125000 -0.875000
vn 0 0 -1
f 1313//329 1314//329 1315//329 1316//329
v -0.125000 4.250000 -0.875000
v -0.125000 4.375000 -0.875000
v 0.125000 4.375000 -0.875000
v 0.125000 4.250000 -0.875000
vn 0 0 -1
f 1317//330 1318//330 1319//330 1320//330
v 0.750000 2.750000 -0.875000
v 0.750000 2.875000 -0.875000
v 1.875000 2.875000 -0.875000
v 1.875000 2.750000 -0.875000
vn 0 0 -1
f 1321//331 1322//331 1323//331 1324//331
v 0.750000 4.125000 -0.875000
v 0.750000 4.250000 -0.875000
v 1.500000 4.250000 -0.875000
v 1.500000 4.125000 -0.875000
vn 0 0 -1
f 1325//332 1326//332 1327//332 1328//332
v 0.875000 4.000000 -0.875000
v 0.875000 4.125000 -0.875000
v 1.375000 4.125000 -0.875000
v 1.375000 4.000000 -0.875000
vn 0 0 -1
f 1329//333 1330//333 1331//333 1332//333
v -2.000000 3.625000 -0.750000
v -2.000000 3.750000 -0.750000
v -0.875000 3.750000 -0.750000
v -0.875000 3.625000 -0.750000
vn 0 0 -1
f 1333//334 1334//334 1335//334 1336//334
v -1.375000 3.250000 -0.750000
v -1.375000 3.375000 -0.750000
v -1.000000 3.375000 -0.750000
v -1.000000 3.250000 -0.750000
vn 0 0 -1
f 1337//335 1338//335 1339//335 1340//335
v -1.250000 3.375000 -0.750000
v -1.250000 3.500000 -0.750000
v -1.000000 3.500000 -0.750000
v -1.000000 3.375000 -0.750000
vn 0 0 -1
f 1341//336 1342//336 1343//336 1344//336
v -0.250000 4.000000 -0.750000
v -0.250000 4.125000 -0.750000
v 0.000000 4.125000 -0.750000
v 0.000000 4.000000 -0.750000
vn 0 0 -1
f 1345//337 1346//337 1347//337 1348//337
v -0.125000 4.375000 -0.750000
v -0.125000 4.500000 -0.750000
v 0.250000 4.500000 -0.750000
v 0.250000 4.375000 -0.750000
vn 0 0 -1
f 1349//338 1350//338 1351//338 1352//338
v 0.625000 4.250000 -0.750000
v 0.625000 4.375000 -0.750000
v 1.500000 4.375000 -0.750000
v 1.500000 4.250000 -0.750000
vn 0 0 -1
f 1353//339 1354//339 1355//339 1356//339
v 0.750000 2.875000 -0.750000
v 0.750000 3.000000 -0.750000
v 1.875000 3.000000 -0.750000
v 1.875000 2.875000 -0.750000
vn 0 0 -1
f 1357//340 1358//340 1359//340 1360//340
v 0.750000 4.375000 -0.750000
v 0.750000 4.500000 -0.750000
v 1.375000 4.500000 -0.750000
v 1.375000 4.375000 -0.750000
vn 0 0 -1
f 1361//341 1362//341 1363//341 1364//341
v 0.875000 3.000000 -0.750000
v 0.875000 3.125000 -0.750000
v 1.750000 3.125000 -0.750000
v 1.750000 3.000000 -0.750000
vn 0 0 -1
f 1365//342 1366//342 1367//342 1368//342
v -2.000000 3.750000 -0.625000
v -2.000000 3.875000 -0.625000
v -1.375000 3.875000 -0.625000
v -1.375000 3.750000 -0.625000
vn 0 0 -1
f 1369//343 1370//343 1371//343 1372//343
v -1.875000 3.875000 -0.625000
v -1.875000 4.000000 -0.625000
v -1.500000 4.000000 -0.625000
v -1.500000 3.875000 -0.625000
vn 0 0 -1
f 1373//344 1374//344 1375//344 1376//344
v 0.875000 3.125000 -0.625000
v 0.875000 3.250000 -0.625000
v 1.625000 3.250000 -0.625000
v 1.625000 3.125000 -0.625000
vn 0 0 -1
f 1377//345 1378//345 1379//345 1380//345
v 1.000000 3.625000 -0.625000
v 1.000000 3.750000 -0.625000
v 2.125000 3.750000 -0.625000
v 2.125000 3.625000 -0.625000
vn 0 0 -1
f 1381//346 1382//346 1383//346 1384//346
v -2.250000 2.750000 -0.500000
v -2.250000 2.875000 -0.500000
v -1.750000 2.875000 -0.500000
v -1.750000 2.750000 -0.500000
vn 0 0 -1
f 1385//347 1386//347 1387//347 1388//347
v -2.125000 2.875000 -0.500000
v -2.125000 3.000000 -0.500000
v -1.625000 3.000000 -0.500000
v -1.625000 2.875000 -0.500000
vn 0 0 -1
f 1389//348 1390//348 1391//348 1392//348
v -1.875000 4.000000 -0.500000
v -1.875000 4.125000 -0.500000
v -1.500000 4.125000 -0.500000
v -1.500000 4.000000 -0.500000
vn 0 0 -1
f 1393//349 1394//349 1395//349 1396//349
v -1.500000 4.125000 -0.500000
v -1.500000 4.250000 -0.500000
v -1.125000 4.250000 -0.500000
v -1.125000 4.125000 -0.500000
vn 0 0 -1
f 1397//350 1398//350 1399//350 1400//350
v -0.750000 3.750000 -0.500000
v -0.750000 3.875000 -0.500000
v -0.625000 3.875000 -0.500000
v -0.625000 3.750000 -0.500000
vn 0 0 -1
f 1401//351 1402//351 1403//351 1404//351
v 0.375000 3.250000 -0.500000
v 0.375000 3.375000 -0.500000
v 1.500000 3.375000 -0.500000
v 1.500000 3.250000 -0.500000
vn 0 0 -1
f 1405//352 1406//352 1407//352 1408//352
v 0.500000 3.375000 -0.500000
v 0.500000 3.500000 -0.500000
v 1.375000 3.500000 -0.500000
v 1.375000 3.375000 -0.500000
vn 0 0 -1
f 1409//353 1410//353 1411//353 1412//353
v 1.125000 3.750000 -0.500000
v 1.125000 3.875000 -0.500000
v 2.125000 3.875000 -0.500000
v 2.125000 3.750000 -0.500000
vn 0 0 -1
f 1413//354 1414//354 1415//354 1416//354
v 1.250000 3.875000 -0.500000
v 1.250000 4.000000 -0.500000
v 2.000000 4.000000 -0.500000
v 2.000000 3.875000 -0.500000
vn 0 0 -1
f 1417//355 1418//355 1419//355 1420//355
v 1.500000 4.250000 -0.500000
v 1.500000 4.375000 -0.500000
v 1.625000 4.375000 -0.500000
v 1.625000 4.250000 -0.500000
vn 0 0 -1
f 1421//356 1422//356 1423//356 1424//356
v -2.250000 2.625000 -0.375000
v -2.250000 2.750000 -0.375000
v -1.750000 2.750000 -0.375000
v -1.750000 2.625000 -0.375000
vn 0 0 -1
f 1425//357 1426//357 1427//357 1428//357
v -2.000000 3.000000 -0.375000
v -2.000000 3.125000 -0.375000
v -1.750000 3.125000 -0.375000
v -1.750000 3.000000 -0.375000
vn 0 0 -1
f 1429//358 1430//358 1431//358 1432//358
v -0.625000 2.875000 -0.375000
v -0.625000 3.125000 -0.375000
v -0.375000 3.125000 -0.375000
v -0.375000 2.875000 -0.375000
vn 0 0 -1
f 1433//359 1434//359 1435//359 1436//359
v -0.250000 3.000000 -0.375000
v -0.250000 3.125000 -0.375000
v 0.000000 3.125000 -0.375000
v 0.000000 3.000000 -0.375000
vn 0 0 -1
f 1437//360 1438//360 1439//360 1440//360
v -0.125000 2.875000 -0.375000
v -0.125000 3.000000 -0.375000
v 0.000000 3.000000 -0.375000
v 0.000000 2.875000 -0.375000
vn 0 0 -1
f 1441//361 1442//361 1443//361 1444//361
v 0.250000 4.375000 -0.375000
v 0.250000 4.500000 -0.375000
v 0.750000 4.500000 -0.375000
v 0.750000 4.375000 -0.375000
vn 0 0 -1
f 1445//362 1446//362 1447//362 1448//362
v 0.375000 3.125000 -0.375000
v 0.375000 3.250000 -0.375000
v 0.875000 3.250000 -0.375000
v 0.875000 3.125000 -0.375000
vn 0 0 -1
f 1449//363 1450//363 1451//363 1452//363
v 0.375000 4.250000 -0.375000
v 0.375000 4.375000 -0.375000
v 0.625000 4.375000 -0.375000
v 0.625000 4.250000 -0.375000
vn 0 0 -1
f 1453//364 1454//364 1455//364 1456//364
v 0.625000 3.500000 -0.375000
v 0.625000 3.625000 -0.375000
v 1.125000 3.625000 -0.375000
v 1.125000 3.500000 -0.375000
vn 0 0 -1
f 1457//365 1458//365 1459//365 1460//365
v 1.375000 4.000000 -0.375000
v 1.375000 4.125000 -0.375000
v 1.875000 4.125000 -0.375000
v 1.875000 4.000000 -0.375000
vn 0 0 -1
f 1461//366 1462//366 1463//366 1464//366
v -2.375000 3.250000 -0.250000
v -2.375000 3.375000 -0.250000
v -1.375000 3.375000 -0.250000
v -1.375000 3.250000 -0.250000
vn 0 0 -1
f 1465//367 1466//367 1467//367 1468//367
v -2.250000 3.375000 -0.250000
v -2.250000 3.500000 -0.250000
v -1.750000 3.500000 -0.250000
v -1.750000 3.375000 -0.250000
vn 0 0 -1
f 1469//368 1470//368 1471//368 1472//368
v -0.500000 2.750000 -0.250000
v -0.500000 2.875000 -0.250000
v -0.375000 2.875000 -0.250000
v -0.375000 2.750000 -0.250000
vn 0 0 -1
f 1473//369 1474//369 1475//369 1476//369
v -0.250000 3.125000 -0.250000
v -0.250000 3.250000 -0.250000
v -0.125000 3.250000 -0.250000
v -0.125000 3.125000 -0.250000
vn 0 0 -1
f 1477//370 1478//370 1479//370 1480//370
v -0.250000 4.000000 -0.250000
v -0.250000 4.125000 -0.250000
v -0.125000 4.125000 -0.250000
v -0.125000 4.000000 -0.250000
vn 0 0 -1
f 1481//371 1482//371 1483//371 1484//371
v 0.125000 4.500000 -0.250000
v 0.125000 4.625000 -0.250000
v 0.750000 4.625000 -0.250000
v 0.750000 4.500000 -0.250000
vn 0 0 -1
f 1485//372 1486//372 1487//372 1488//372
v 0.125000 4.750000 -0.250000
v 0.125000 4.875000 -0.250000
v 0.375000 4.875000 -0.250000
v 0.375000 4.750000 -0.250000
vn 0 0 -1
f 1489//373 1490//373 1491//373 1492//373
v 0.625000 3.625000 -0.250000
v 0.625000 3.750000 -0.250000
v 1.000000 3.750000 -0.250000
v 1.000000 3.625000 -0.250000
vn 0 0 -1
f 1493//374 1494//374 1495//374 1496//374
v 1.500000 4.125000 -0.250000
v 1.500000 4.250000 -0.250000
v 1.750000 4.250000 -0.250000
v 1.750000 4.125000 -0.250000
vn 0 0 -1
f 1497//375 1498//375 1499//375 1500//375
v -2.125000 3.500000 -0.125000
v -2.125000 3.625000 -0.125000
v -1.875000 3.625000 -0.125000
v -1.875000 3.500000 -0.125000
vn 0 0 -1
f 1501//376 1502//376 1503//376 1504//376
v -1.000000 4.375000 -0.125000
v -1.000000 4.500000 -0.125000
v -0.625000 4.500000 -0.125000
v -0.625000 4.375000 -0.125000
vn 0 0 -1
f 1505//377 1506//377 1507//377 1508//377
v -0.125000 3.500000 -0.125000
v -0.125000 3.625000 -0.125000
v 0.625000 3.625000 -0.125000
v 0.625000 3.500000 -0.125000
vn 0 0 -1
f 1509//378 1510//378 1511//378 1512//378
v 1.500000 3.250000 -0.125000
v 1.500000 3.375000 -0.125000
v 2.000000 3.375000 -0.125000
v 2.000000 3.250000 -0.125000
vn 0 0 -1
f 1513//379 1514//379 1515//379 1516//379
v 1.625000 3.125000 -0.125000
v 1.625000 3.250000 -0.125000
v 1.875000 3.250000 -0.125000
v 1.875000 3.125000 -0.125000
vn 0 0 -1
f 1517//380 1518//380 1519//380 1520//380
v -1.750000 2.750000 0.000000
v -1.750000 3.000000 0.000000
v -1.500000 3.000000 0.000000
v -1.500000 2.750000 0.000000
vn 0 0 -1
f 1521//381 1522//381 1523//381 1524//381
v -1.625000 3.000000 0.000000
v -1.625000 3.125000 0.000000
v -1.500000 3.125000 0.000000
v -1.500000 3.000000 0.000000
vn 0 0 -1
f 1525//382 1526//382 1527//382 1528//382
v -1.500000 4.000000 0.000000
v -1.500000 4.125000 0.000000
v -1.250000 4.125000 0.000000
v -1.250000 4.000000 0.000000
vn 0 0 -1
f 1529//383 1530//383 1531//383 1532//383
v -1.375000 3.125000 0.000000
v -1.375000 3.250000 0.000000
v -0.875000 3.250000 0.000000
v -0.875000 3.125000 0.000000
vn 0 0 -1
f 1533//384 1534//384 1535//384 1536//384
v -0.250000 4.250000 0.000000
v -0.250000 4.375000 0.000000
v -0.125000 4.375000 0.000000
v -0.125000 4.250000 0.000000
vn 0 0 -1
f 1537//385 1538//385 1539//385 1540//385
v 0.000000 2.750000 0.000000
v 0.000000 2.875000 0.000000
v 0.250000 2.875000 0.000000
v 0.250000 2.750000 0.000000
vn 0 0 -1
f 1541//386 1542//386 1543//386 1544//386
v 1.875000 3.375000 0.000000
v 1.875000 3.500000 0.000000
v 2.000000 3.500000 0.000000
v 2.000000 3.375000 0.000000
vn 0 0 -1
f 1545//387 1546//387 1547//387 1548//387
v -1.375000 3.250000 0.125000
v -1.375000 3.375000 0.125000
v -0.875000 3.375000 0.125000
v -0.875000 3.250000 0.125000
vn 0 0 -1
f 1549//388 1550//388 1551//388 1552//388
v -1.250000 3.375000 0.125000
v -1.250000 3.500000 0.125000
v -0.750000 3.500000 0.125000
v -0.750000 3.375000 0.125000
vn 0 0 -1
f 1553//389 1554//389 1555//389 1556//389
v -0.125000 3.750000 0.125000
v -0.125000 4.000000 0.125000
v 0.000000 4.000000 0.125000
v 0.000000 3.750000 0.125000
vn 0 0 -1
f 1557//390 1558//390 1559//390 1560//390
v 0.000000 2.875000 0.125000
v 0.000000 3.000000 0.125000
v 0.625000 3.000000 0.125000
v 0.625000 2.875000 0.125000
vn 0 0 -1
f 1561//391 1562//391 1563//391 1564//391
v 0.125000 3.000000 0.125000
v 0.125000 3.125000 0.125000
v 0.500000 3.125000 0.125000
v 0.500000 3.000000 0.125000
vn 0 0 -1
f 1565//392 1566//392 1567//392 1568//392
v -1.250000 3.500000 0.250000
v -1.250000 3.625000 0.250000
v -1.000000 3.625000 0.250000
v -1.000000 3.500000 0.250000
vn 0 0 -1
f 1569//393 1570//393 1571//393 1572//393
v 0.125000 3.125000 0.250000
v 0.125000 3.250000 0.250000
v 0.375000 3.250000 0.250000
v 0.375000 3.125000 0.250000
vn 0 0 -1
f 1573//394 1574//394 1575//394 1576//394
v -0.250000 3.250000 0.375000
v -0.250000 3.375000 0.375000
v 0.125000 3.375000 0.375000
v 0.125000 3.250000 0.375000
vn 0 0 -1
f 1577//395 1578//395 1579//395 1580//395
v -0.750000 3.500000 0.500000
v -0.750000 3.625000 0.500000
v -0.250000 3.625000 0.500000
v -0.250000 3.500000 0.500000
vn 0 0 -1
f 1581//396 1582//396 1583//396 1584//396
v -0.375000 3.875000 0.500000
v -0.375000 4.000000 0.500000
v -0.250000 4.000000 0.500000
v -0.250000 3.875000 0.500000
vn 0 0 -1
f 1585//397 1586//397 1587//397 1588//397
v -0.125000 3.375000 0.500000
v -0.125000 3.500000 0.500000
v 0.000000 3.500000 0.500000
v 0.000000 3.375000 0.500000
vn 0 0 -1
f 1589//398 1590//398 1591//398 1592//398
v -1.125000 4.125000 -0.625000
v -1.125000 4.250000 -0.625000
v -1.375000 4.250000 -0.625000
v -1.375000 4.125000 -0.625000
vn 0 0 1
f 1593//399 1594//399 1595//399 1596//399
v 0.000000 3.750000 -0.625000
v 0.000000 3.875000 -0.625000
v -0.250000 3.875000 -0.625000
v -0.250000 3.750000 -0.625000
vn 0 0 1
f 1597//400 1598//400 1599//400 1600//400
v 0.000000 4.000000 -0.625000
v 0.000000 4.125000 -0.625000
v -0.250000 4.125000 -0.625000
v -0.250000 4.000000 -0.625000
vn 0 0 1
f 1601//401 1602//401 1603//401 1604//401
v 0.000000 3.875000 -0.625000
v 0.000000 4.000000 -0.625000
v -0.125000 4.000000 -0.625000
v -0.125000 3.875000 -0.625000
vn 0 0 1
f 1605//402 1606//402 1607//402 1608//402
v -0.750000 3.375000 -0.500000
v -0.750000 3.500000 -0.500000
v -1.000000 3.500000 -0.500000
v -1.000000 3.375000 -0.500000
vn 0 0 1
f 1609//403 1610//403 1611//403 1612//403
v -0.750000 3.500000 -0.500000
v -0.750000 3.625000 -0.500000
v -0.875000 3.625000 -0.500000
v -0.875000 3.500000 -0.500000
vn 0 0 1
f 1613//404 1614//404 1615//404 1616//404
v -1.500000 2.750000 -0.375000
v -1.500000 3.000000 -0.375000
v -1.750000 3.000000 -0.375000
v -1.750000 2.750000 -0.375000
vn 0 0 1
f 1617//405 1618//405 1619//405 1620//405
v -1.250000 4.000000 -0.375000
v -1.250000 4.125000 -0.375000
v -1.500000 4.125000 -0.375000
v -1.500000 4.000000 -0.375000
vn 0 0 1
f 1621//406 1622//406 1623//406 1624//406
v -1.000000 3.375000 -0.375000
v -1.000000 3.500000 -0.375000
v -1.125000 3.500000 -0.375000
v -1.125000 3.375000 -0.375000
vn 0 0 1
f 1625//407 1626//407 1627//407 1628//407
v -1.000000 3.250000 -0.250000
v -1.000000 3.375000 -0.250000
v -1.375000 3.375000 -0.250000
v -1.375000 3.250000 -0.250000
vn 0 0 1
f 1629//408 1630//408 1631//408 1632//408
v -0.875000 3.125000 -0.250000
v -0.875000 3.250000 -0.250000
v -1.125000 3.250000 -0.250000
v -1.125000 3.125000 -0.250000
vn 0 0 1
f 1633//409 1634//409 1635//409 1636//409
v 0.125000 3.500000 -0.250000
v 0.125000 3.625000 -0.250000
v -0.375000 3.625000 -0.250000
v -0.375000 3.500000 -0.250000
vn 0 0 1
f 1637//410 1638//410 1639//410 1640//410
v 1.875000 2.750000 -0.250000
v 1.875000 3.000000 -0.250000
v 1.625000 3.000000 -0.250000
v 1.625000 2.750000 -0.250000
vn 0 0 1
f 1641//411 1642//411 1643//411 1644//411
v 1.750000 3.000000 -0.250000
v 1.750000 3.125000 -0.250000
v 1.625000 3.125000 -0.250000
v 1.625000 3.000000 -0.250000
vn 0 0 1
f 1645//412 1646//412 1647//412 1648//412
v -1.125000 4.125000 -0.125000
v -1.125000 4.250000 -0.125000
v -1.500000 4.250000 -0.125000
v -1.500000 4.125000 -0.125000
vn 0 0 1
f 1649//413 1650//413 1651//413 1652//413
v -1.000000 3.000000 -0.125000
v -1.000000 3.125000 -0.125000
v -1.125000 3.125000 -0.125000
v -1.125000 3.000000 -0.125000
vn 0 0 1
f 1653//414 1654//414 1655//414 1656//414
v -1.000000 4.250000 -0.125000
v -1.000000 4.375000 -0.125000
v -1.125000 4.375000 -0.125000
v -1.125000 4.250000 -0.125000
vn 0 0 1
f 1657//415 1658//415 1659//415 1660//415
v -0.125000 2.750000 -0.125000
v -0.125000 3.250000 -0.125000
v -0.375000 3.250000 -0.125000
v -0.375000 2.750000 -0.125000
vn 0 0 1
f 1661//416 1662//416 1663//416 1664//416
v 0.000000 3.375000 -0.125000
v 0.000000 3.500000 -0.125000
v -0.375000 3.500000 -0.125000
v -0.375000 3.375000 -0.125000
vn 0 0 1
f 1665//417 1666//417 1667//417 1668//417
v 0.000000 2.875000 -0.125000
v 0.000000 3.125000 -0.125000
v -0.125000 3.125000 -0.125000
v -0.125000 2.875000 -0.125000
vn 0 0 1
f 1669//418 1670//418 1671//418 1672//418
v 1.375000 4.375000 -0.125000
v 1.375000 4.500000 -0.125000
v 0.750000 4.500000 -0.125000
v 0.750000 4.375000 -0.125000
vn 0 0 1
f 1673//419 1674//419 1675//419 1676//419
v 0.750000 4.500000 0.000000
v 0.750000 4.625000 0.000000
v 0.625000 4.625000 0.000000
v 0.625000 4.500000 0.000000
vn 0 0 1
f 1677//420 1678//420 1679//420 1680//420
v 1.250000 4.125000 0.000000
v 1.250000 4.375000 0.000000
v 0.875000 4.375000 0.000000
v 0.875000 4.125000 0.000000
vn 0 0 1
f 1681//421 1682//421 1683//421 1684//421
v 1.625000 2.750000 0.000000
v 1.625000 2.875000 0.000000
v 1.125000 2.875000 0.000000
v 1.125000 2.750000 0.000000
vn 0 0 1
f 1685//422 1686//422 1687//422 1688//422
v 2.125000 3.625000 0.000000
v 2.125000 3.875000 0.000000
v 1.875000 3.875000 0.000000
v 1.875000 3.625000 0.000000
vn 0 0 1
f 1689//423 1690//423 1691//423 1692//423
v 2.000000 3.875000 0.000000
v 2.000000 4.000000 0.000000
v 1.875000 4.000000 0.000000
v 1.875000 3.875000 0.000000
vn 0 0 1
f 1693//424 1694//424 1695//424 1696//424
v -1.125000 4.000000 0.125000
v -1.125000 4.125000 0.125000
v -1.875000 4.125000 0.125000
v -1.875000 4.000000 0.125000
vn 0 0 1
f 1697//425 1698//425 1699//425 1700//425
v -1.250000 2.625000 0.125000
v -1.250000 2.875000 0.125000
v -1.375000 2.875000 0.125000
v -1.375000 2.625000 0.125000
vn 0 0 1
f 1701//426 1702//426 1703//426 1704//426
v -1.125000 3.625000 0.125000
v -1.125000 3.750000 0.125000
v -1.375000 3.750000 0.125000
v -1.375000 3.625000 0.125000
vn 0 0 1
f 1705//427 1706//427 1707//427 1708//427
v -1.125000 2.750000 0.125000
v -1.125000 2.875000 0.125000
v -1.250000 2.875000 0.125000
v -1.250000 2.750000 0.125000
vn 0 0 1
f 1709//428 1710//428 1711//428 1712//428
v -0.250000 3.875000 0.125000
v -0.250000 4.250000 0.125000
v -0.375000 4.250000 0.125000
v -0.375000 3.875000 0.125000
vn 0 0 1
f 1713//429 1714//429 1715//429 1716//429
v -0.125000 4.000000 0.125000
v -0.125000 4.125000 0.125000
v -0.250000 4.125000 0.125000
v -0.250000 4.000000 0.125000
vn 0 0 1
f 1717//430 1718//430 1719//430 1720//430
v 0.875000 4.125000 0.125000
v 0.875000 4.375000 0.125000
v 0.625000 4.375000 0.125000
v 0.625000 4.125000 0.125000
vn 0 0 1
f 1721//431 1722//431 1723//431 1724//431
v 0.750000 4.375000 0.125000
v 0.750000 4.500000 0.125000
v 0.625000 4.500000 0.125000
v 0.625000 4.375000 0.125000
vn 0 0 1
f 1725//432 1726//432 1727//432 1728//432
v 1.125000 4.000000 0.125000
v 1.125000 4.125000 0.125000
v 0.750000 4.125000 0.125000
v 0.750000 4.000000 0.125000
vn 0 0 1
f 1729//433 1730//433 1731//433 1732//433
v 1.625000 4.250000 0.125000
v 1.625000 4.375000 0.125000
v 1.250000 4.375000 0.125000
v 1.250000 4.250000 0.125000
vn 0 0 1
f 1733//434 1734//434 1735//434 1736//434
v -1.250000 3.875000 0.250000
v -1.250000 4.000000 0.250000
v -1.625000 4.000000 0.250000
v -1.625000 3.875000 0.250000
vn 0 0 1
f 1737//435 1738//435 1739//435 1740//435
v -1.250000 3.750000 0.250000
v -1.250000 3.875000 0.250000
v -1.500000 3.875000 0.250000
v -1.500000 3.750000 0.250000
vn 0 0 1
f 1741//436 1742//436 1743//436 1744//436
v -0.625000 4.375000 0.250000
v -0.625000 4.500000 0.250000
v -1.000000 4.500000 0.250000
v -1.000000 4.375000 0.250000
vn 0 0 1
f 1745//437 1746//437 1747//437 1748//437
v 1.250000 3.625000 0.250000
v 1.250000 3.750000 0.250000
v 1.000000 3.750000 0.250000
v 1.000000 3.625000 0.250000
vn 0 0 1
f 1749//438 1750//438 1751//438 1752//438
v 1.875000 4.000000 0.250000
v 1.875000 4.125000 0.250000
v 1.125000 4.125000 0.250000
v 1.125000 4.000000 0.250000
vn 0 0 1
f 1753//439 1754//439 1755//439 1756//439
v 1.750000 4.125000 0.250000
v 1.750000 4.250000 0.250000
v 1.250000 4.250000 0.250000
v 1.250000 4.125000 0.250000
vn 0 0 1
f 1757//440 1758//440 1759//440 1760//440
v 1.875000 3.625000 0.250000
v 1.875000 3.750000 0.250000
v 1.750000 3.750000 0.250000
v 1.750000 3.625000 0.250000
vn 0 0 1
f 1761//441 1762//441 1763//441 1764//441
v -2.125000 3.250000 0.375000
v -2.125000 3.375000 0.375000
v -2.375000 3.375000 0.375000
v -2.375000 3.250000 0.375000
vn 0 0 1
f 1765//442 1766//442 1767//442 1768//442
v -2.125000 3.375000 0.375000
v -2.125000 3.500000 0.375000
v -2.250000 3.500000 0.375000
v -2.250000 3.375000 0.375000
vn 0 0 1
f 1769//443 1770//443 1771//443 1772//443
v -1.375000 2.875000 0.375000
v -1.375000 3.000000 0.375000
v -2.125000 3.000000 0.375000
v -2.125000 2.875000 0.375000
vn 0 0 1
f 1773//444 1774//444 1775//444 1776//444
v -1.500000 3.000000 0.375000
v -1.500000 3.125000 0.375000
v -1.625000 3.125000 0.375000
v -1.625000 3.000000 0.375000
vn 0 0 1
f 1777//445 1778//445 1779//445 1780//445
v -1.250000 3.250000 0.375000
v -1.250000 3.625000 0.375000
v -1.500000 3.625000 0.375000
v -1.500000 3.250000 0.375000
vn 0 0 1
f 1781//446 1782//446 1783//446 1784//446
v -1.375000 3.625000 0.375000
v -1.375000 3.750000 0.375000
v -1.500000 3.750000 0.375000
v -1.500000 3.625000 0.375000
vn 0 0 1
f 1785//447 1786//447 1787//447 1788//447
v -0.375000 4.125000 0.375000
v -0.375000 4.250000 0.375000
v -1.125000 4.250000 0.375000
v -1.125000 4.125000 0.375000
vn 0 0 1
f 1789//448 1790//448 1791//448 1792//448
v -0.500000 4.250000 0.375000
v -0.500000 4.375000 0.375000
v -1.000000 4.375000 0.375000
v -1.000000 4.250000 0.375000
vn 0 0 1
f 1793//449 1794//449 1795//449 1796//449
v 0.000000 4.125000 0.375000
v 0.000000 4.250000 0.375000
v -0.250000 4.250000 0.375000
v -0.250000 4.125000 0.375000
vn 0 0 1
f 1797//450 1798//450 1799//450 1800//450
v 0.500000 4.375000 0.375000
v 0.500000 4.625000 0.375000
v -0.125000 4.625000 0.375000
v -0.125000 4.375000 0.375000
vn 0 0 1
f 1801//451 1802//451 1803//451 1804//451
v 0.625000 4.500000 0.375000
v 0.625000 4.625000 0.375000
v 0.500000 4.625000 0.375000
v 0.500000 4.500000 0.375000
vn 0 0 1
f 1805//452 1806//452 1807//452 1808//452
v 1.250000 3.500000 0.375000
v 1.250000 3.625000 0.375000
v 0.750000 3.625000 0.375000
v 0.750000 3.500000 0.375000
vn 0 0 1
f 1809//453 1810//453 1811//453 1812//453
v 1.000000 3.625000 0.375000
v 1.000000 3.875000 0.375000
v 0.750000 3.875000 0.375000
v 0.750000 3.625000 0.375000
vn 0 0 1
f 1813//454 1814//454 1815//454 1816//454
v 1.125000 3.375000 0.375000
v 1.125000 3.500000 0.375000
v 0.875000 3.500000 0.375000
v 0.875000 3.375000 0.375000
vn 0 0 1
f 1817//455 1818//455 1819//455 1820//455
v 1.375000 3.750000 0.375000
v 1.375000 3.875000 0.375000
v 1.000000 3.875000 0.375000
v 1.000000 3.750000 0.375000
vn 0 0 1
f 1821//456 1822//456 1823//456 1824//456
v 1.875000 3.875000 0.375000
v 1.875000 4.000000 0.375000
v 1.125000 4.000000 0.375000
v 1.125000 3.875000 0.375000
vn 0 0 1
f 1825//457 1826//457 1827//457 1828//457
v 1.875000 3.750000 0.375000
v 1.875000 3.875000 0.375000
v 1.625000 3.875000 0.375000
v 1.625000 3.750000 0.375000
vn 0 0 1
f 1829//458 1830//458 1831//458 1832//458
v -1.375000 2.625000 0.500000
v -1.375000 2.875000 0.500000
v -2.250000 2.875000 0.500000
v -2.250000 2.625000 0.500000
vn 0 0 1
f 1833//459 1834//459 1835//459 1836//459
v -1.500000 3.625000 0.500000
v -1.500000 3.750000 0.500000
v -2.000000 3.750000 0.500000
v -2.000000 3.625000 0.500000
vn 0 0 1
f 1837//460 1838//460 1839//460 1840//460
v -0.875000 3.875000 0.500000
v -0.875000 4.000000 0.500000
v -1.250000 4.000000 0.500000
v -1.250000 3.875000 0.500000
vn 0 0 1
f 1841//461 1842//461 1843//461 1844//461
v -0.375000 4.000000 0.500000
v -0.375000 4.125000 0.500000
v -1.125000 4.125000 0.500000
v -1.125000 4.000000 0.500000
vn 0 0 1
f 1845//462 1846//462 1847//462 1848//462
v -0.375000 3.000000 0.500000
v -0.375000 3.125000 0.500000
v -0.625000 3.125000 0.500000
v -0.625000 3.000000 0.500000
vn 0 0 1
f 1849//463 1850//463 1851//463 1852//463
v 0.625000 4.250000 0.500000
v 0.625000 4.500000 0.500000
v 0.500000 4.500000 0.500000
v 0.500000 4.250000 0.500000
vn 0 0 1
f 1853//464 1854//464 1855//464 1856//464
v 1.125000 3.250000 0.500000
v 1.125000 3.375000 0.500000
v 0.750000 3.375000 0.500000
v 0.750000 3.250000 0.500000
vn 0 0 1
f 1857//465 1858//465 1859//465 1860//465
v 1.125000 3.125000 0.500000
v 1.125000 3.250000 0.500000
v 0.875000 3.250000 0.500000
v 0.875000 3.125000 0.500000
vn 0 0 1
f 1861//466 1862//466 1863//466 1864//466
v -1.500000 3.375000 0.625000
v -1.500000 3.625000 0.625000
v -2.125000 3.625000 0.625000
v -2.125000 3.375000 0.625000
vn 0 0 1
f 1865//467 1866//467 1867//467 1868//467
v -0.375000 2.750000 0.625000
v -0.375000 2.875000 0.625000
v -1.125000 2.875000 0.625000
v -1.125000 2.750000 0.625000
vn 0 0 1
f 1869//468 1870//468 1871//468 1872//468
v -0.375000 2.875000 0.625000
v -0.375000 3.000000 0.625000
v -0.750000 3.000000 0.625000
v -0.750000 2.875000 0.625000
vn 0 0 1
f 1873//469 1874//469 1875//469 1876//469
v -0.500000 3.125000 0.625000
v -0.500000 3.250000 0.625000
v -0.750000 3.250000 0.625000
v -0.750000 3.125000 0.625000
vn 0 0 1
f 1877//470 1878//470 1879//470 1880//470
v 0.750000 3.750000 0.625000
v 0.750000 3.875000 0.625000
v 0.625000 3.875000 0.625000
v 0.625000 3.750000 0.625000
vn 0 0 1
f 1881//471 1882//471 1883//471 1884//471
v 0.875000 3.875000 0.625000
v 0.875000 4.000000 0.625000
v 0.750000 4.000000 0.625000
v 0.750000 3.875000 0.625000
vn 0 0 1
f 1885//472 1886//472 1887//472 1888//472
v 1.125000 2.750000 0.625000
v 1.125000 2.875000 0.625000
v 0.875000 2.875000 0.625000
v 0.875000 2.750000 0.625000
vn 0 0 1
f 1889//473 1890//473 1891//473 1892//473
v 1.000000 2.875000 0.625000
v 1.000000 3.000000 0.625000
v 0.875000 3.000000 0.625000
v 0.875000 2.875000 0.625000
vn 0 0 1
f 1893//474 1894//474 1895//474 1896//474
v 1.875000 3.500000 0.625000
v 1.875000 3.625000 0.625000
v 1.250000 3.625000 0.625000
v 1.250000 3.500000 0.625000
vn 0 0 1
f 1897//475 1898//475 1899//475 1900//475
v -1.625000 3.250000 0.750000
v -1.625000 3.375000 0.750000
v -2.125000 3.375000 0.750000
v -2.125000 3.250000 0.750000
vn 0 0 1
f 1901//476 1902//476 1903//476 1904//476
v 0.750000 3.500000 0.750000
v 0.750000 3.625000 0.750000
v 0.375000 3.625000 0.750000
v 0.375000 3.500000 0.750000
vn 0 0 1
f 1905//477 1906//477 1907//477 1908//477
v 0.625000 3.375000 0.750000
v 0.625000 3.500000 0.750000
v 0.500000 3.500000 0.750000
v 0.500000 3.375000 0.750000
vn 0 0 1
f 1909//478 1910//478 1911//478 1912//478
v 0.750000 3.625000 0.750000
v 0.750000 3.750000 0.750000
v 0.500000 3.750000 0.750000
v 0.500000 3.625000 0.750000
vn 0 0 1
f 1913//479 1914//479 1915//479 1916//479
v 2.000000 3.250000 0.750000
v 2.000000 3.500000 0.750000
v 1.125000 3.500000 0.750000
v 1.125000 3.250000 0.750000
vn 0 0 1
f 1917//480 1918//480 1919//480 1920//480
v -0.750000 3.125000 0.875000
v -0.750000 3.250000 0.875000
v -1.625000 3.250000 0.875000
v -1.625000 3.125000 0.875000
vn 0 0 1
f 1921//481 1922//481 1923//481 1924//481
v -1.125000 3.500000 0.875000
v -1.125000 3.625000 0.875000
v -1.250000 3.625000 0.875000
v -1.250000 3.500000 0.875000
vn 0 0 1
f 1925//482 1926//482 1927//482 1928//482
v 0.875000 2.750000 0.875000
v 0.875000 2.875000 0.875000
v 0.000000 2.875000 0.875000
v 0.000000 2.750000 0.875000
vn 0 0 1
f 1929//483 1930//483 1931//483 1932//483
v 0.625000 4.125000 0.875000
v 0.625000 4.250000 0.875000
v 0.000000 4.250000 0.875000
v 0.000000 4.125000 0.875000
vn 0 0 1
f 1933//484 1934//484 1935//484 1936//484
v 0.875000 3.125000 0.875000
v 0.875000 3.250000 0.875000
v 0.375000 3.250000 0.875000
v 0.375000 3.125000 0.875000
vn 0 0 1
f 1937//485 1938//485 1939//485 1940//485
v 0.750000 3.250000 0.875000
v 0.750000 3.375000 0.875000
v 0.500000 3.375000 0.875000
v 0.500000 3.250000 0.875000
vn 0 0 1
f 1941//486 1942//486 1943//486 1944//486
v 1.875000 3.125000 0.875000
v 1.875000 3.250000 0.875000
v 1.125000 3.250000 0.875000
v 1.125000 3.125000 0.875000
vn 0 0 1
f 1945//487 1946//487 1947//487 1948//487
v -1.500000 3.250000 1.000000
v -1.500000 3.375000 1.000000
v -1.625000 3.375000 1.000000
v -1.625000 3.250000 1.000000
vn 0 0 1
f 1949//488 1950//488 1951//488 1952//488
v -0.875000 3.250000 1.000000
v -0.875000 3.375000 1.000000
v -1.250000 3.375000 1.000000
v -1.250000 3.250000 1.000000
vn 0 0 1
f 1953//489 1954//489 1955//489 1956//489
v -1.000000 3.375000 1.000000
v -1.000000 3.500000 1.000000
v -1.250000 3.500000 1.000000
v -1.250000 3.375000 1.000000
vn 0 0 1
f 1957//490 1958//490 1959//490 1960//490
v -0.125000 3.500000 1.000000
v -0.125000 3.875000 1.000000
v -0.250000 3.875000 1.000000
v -0.250000 3.500000 1.000000
vn 0 0 1
f 1961//491 1962//491 1963//491 1964//491
v 0.000000 3.625000 1.000000
v 0.000000 3.875000 1.000000
v -0.125000 3.875000 1.000000
v -0.125000 3.625000 1.000000
vn 0 0 1
f 1965//492 1966//492 1967//492 1968//492
v 0.750000 4.000000 1.000000
v 0.750000 4.125000 1.000000
v -0.125000 4.125000 1.000000
v -0.125000 4.000000 1.000000
vn 0 0 1
f 1969//493 1970//493 1971//493 1972//493
v 0.875000 2.875000 1.000000
v 0.875000 3.000000 1.000000
v 0.000000 3.000000 1.000000
v 0.000000 2.875000 1.000000
vn 0 0 1
f 1973//494 1974//494 1975//494 1976//494
v 0.750000 3.875000 1.000000
v 0.750000 4.000000 1.000000
v 0.000000 4.000000 1.000000
v 0.000000 3.875000 1.000000
vn 0 0 1
f 1977//495 1978//495 1979//495 1980//495
v 0.875000 3.000000 1.000000
v 0.875000 3.125000 1.000000
v 0.250000 3.125000 1.000000
v 0.250000 3.000000 1.000000
vn 0 0 1
f 1981//496 1982//496 1983//496 1984//496
v 0.500000 3.250000 1.000000
v 0.500000 3.500000 1.000000
v 0.250000 3.500000 1.000000
v 0.250000 3.250000 1.000000
vn 0 0 1
f 1985//497 1986//497 1987//497 1988//497
v 0.000000 3.875000 1.125000
v 0.000000 4.000000 1.125000
v -0.125000 4.000000 1.125000
v -0.125000 3.875000 1.125000
vn 0 0 1
f 1989//498 1990//498 1991//498 1992//498
v 0.625000 3.750000 1.125000
v 0.625000 3.875000 1.125000
v 0.125000 3.875000 1.125000
v 0.125000 3.750000 1.125000
vn 0 0 1
f 1993//499 1994//499 1995//499 1996//499
v -0.250000 3.750000 1.250000
v -0.250000 3.875000 1.250000
v -1.000000 3.875000 1.250000
v -1.000000 3.750000 1.250000
vn 0 0 1
f 1997//500 1998//500 1999//500 2000//500
v -0.125000 3.875000 1.250000
v -0.125000 4.000000 1.250000
v -0.875000 4.000000 1.250000
v -0.875000 3.875000 1.250000
vn 0 0 1
f 2001//501 2002//501 2003//501 2004//501
v 0.250000 3.250000 1.250000
v 0.250000 3.375000 1.250000
v -0.250000 3.375000 1.250000
v -0.250000 3.250000 1.250000
vn 0 0 1
f 2005//502 2006//502 2007//502 2008//502
v 0.250000 3.625000 1.250000
v 0.250000 3.750000 1.250000
v 0.000000 3.750000 1.250000
v 0.000000 3.625000 1.250000
vn 0 0 1
f 2009//503 2010//503 2011//503 2012//503
v 0.125000 3.750000 1.250000
v 0.125000 3.875000 1.250000
v 0.000000 3.875000 1.250000
v 0.000000 3.750000 1.250000
vn 0 0 1
f 2013//504 2014//504 2015//504 2016//504
v -0.250000 3.500000 1.375000
v -0.250000 3.750000 1.375000
v -1.125000 3.750000 1.375000
v -1.125000 3.500000 1.375000
vn 0 0 1
f 2017//505 2018//505 2019//505 2020//505
v 0.250000 3.375000 1.375000
v 0.250000 3.500000 1.375000
v -0.625000 3.500000 1.375000
v -0.625000 3.375000 1.375000
vn 0 0 1
f 2021//506 2022//506 2023//506 2024//506
v 0.250000 3.500000 1.375000
v 0.250000 3.625000 1.375000
v 0.000000 3.625000 1.375000
v 0.000000 3.500000 1.375000
vn 0 0 1
f 2025//507 2026//507 2027//507 2028//507
v -1.750000 2.875000 -0.500000
v -1.625000 2.875000 -0.500000
v -1.625000 2.875000 -1.000000
v -1.750000 2.875000 -1.000000
vn 0 1 0
f 2029//508 2030//508 2031//508 2032//508
v 0.750000 2.875000 -0.750000
v 1.875000 2.875000 -0.750000
v 1.875000 2.875000 -0.875000
v 0.750000 2.875000 -0.875000
vn 0 1 0
f 2033//509 2034//509 2035//509 2036//509
v -2.250000 2.875000 0.500000
v -2.125000 2.875000 0.500000
v -2.125000 2.875000 -0.500000
v -2.250000 2.875000 -0.500000
vn 0 1 0
f 2037//510 2038//510 2039//510 2040//510
v 0.000000 2.875000 0.125000
v 0.625000 2.875000 0.125000
v 0.625000 2.875000 0.000000
v 0.000000 2.875000 0.000000
vn 0 1 0
f 2041//511 2042//511 2043//511 2044//511
v -2.125000 2.875000 0.500000
v -1.375000 2.875000 0.500000
v -1.375000 2.875000 0.375000
v -2.125000 2.875000 0.375000
vn 0 1 0
f 2045//512 2046//512 2047//512 2048//512
v -1.625000 3.000000 -0.375000
v -1.500000 3.000000 -0.375000
v -1.500000 3.000000 -1.000000
v -1.625000 3.000000 -1.000000
vn 0 1 0
f 2049//513 2050//513 2051//513 2052//513
v -1.500000 3.000000 -0.875000
v -0.625000 3.000000 -0.875000
v -0.625000 3.000000 -1.000000
v -1.500000 3.000000 -1.000000
vn 0 1 0
f 2053//514 2054//514 2055//514 2056//514
v 0.750000 3.000000 -0.375000
v 0.875000 3.000000 -0.375000
v 0.875000 3.000000 -0.750000
v 0.750000 3.000000 -0.750000
vn 0 1 0
f 2057//515 2058//515 2059//515 2060//515
v 1.750000 3.000000 -0.250000
v 1.875000 3.000000 -0.250000
v 1.875000 3.000000 -0.750000
v 1.750000 3.000000 -0.750000
vn 0 1 0
f 2061//516 2062//516 2063//516 2064//516
v -2.125000 3.000000 0.000000
v -2.000000 3.000000 0.000000
v -2.000000 3.000000 -0.500000
v -2.125000 3.000000 -0.500000
vn 0 1 0
f 2065//517 2066//517 2067//517 2068//517
v -2.000000 3.000000 -0.375000
v -1.625000 3.000000 -0.375000
v -1.625000 3.000000 -0.500000
v -2.000000 3.000000 -0.500000
vn 0 1 0
f 2069//518 2070//518 2071//518 2072//518
v -1.250000 3.000000 0.000000
v -1.000000 3.000000 0.000000
v -1.000000 3.000000 -0.125000
v -1.250000 3.000000 -0.125000
vn 0 1 0
f 2073//519 2074//519 2075//519 2076//519
v 0.000000 3.000000 0.500000
v 0.125000 3.000000 0.500000
v 0.125000 3.000000 0.125000
v 0.000000 3.000000 0.125000
vn 0 1 0
f 2077//520 2078//520 2079//520 2080//520
v -0.625000 3.000000 0.625000
v -0.375000 3.000000 0.625000
v -0.375000 3.000000 0.500000
v -0.625000 3.000000 0.500000
vn 0 1 0
f 2081//521 2082//521 2083//521 2084//521
v -1.500000 3.125000 -0.250000
v -1.375000 3.125000 -0.250000
v -1.375000 3.125000 -0.875000
v -1.500000 3.125000 -0.875000
vn 0 1 0
f 2085//522 2086//522 2087//522 2088//522
v 0.875000 3.125000 -0.625000
v 1.750000 3.125000 -0.625000
v 1.750000 3.125000 -0.750000
v 0.875000 3.125000 -0.750000
vn 0 1 0
f 2089//523 2090//523 2091//523 2092//523
v 1.625000 3.125000 -0.250000
v 1.750000 3.125000 -0.250000
v 1.750000 3.125000 -0.625000
v 1.625000 3.125000 -0.625000
vn 0 1 0
f 2093//524 2094//524 2095//524 2096//524
v -2.000000 3.125000 -0.250000
v -1.750000 3.125000 -0.250000
v -1.750000 3.125000 -0.375000
v -2.000000 3.125000 -0.375000
vn 0 1 0
f 2097//525 2098//525 2099//525 2100//525
v -0.250000 3.125000 -0.250000
v 0.000000 3.125000 -0.250000
v 0.000000 3.125000 -0.375000
v -0.250000 3.125000 -0.375000
vn 0 1 0
f 2101//526 2102//526 2103//526 2104//526
v -1.125000 3.125000 -0.125000
v -0.875000 3.125000 -0.125000
v -0.875000 3.125000 -0.250000
v -1.125000 3.125000 -0.250000
vn 0 1 0
f 2105//527 2106//527 2107//527 2108//527
v -0.125000 3.125000 -0.125000
v 0.000000 3.125000 -0.125000
v 0.000000 3.125000 -0.250000
v -0.125000 3.125000 -0.250000
vn 0 1 0
f 2109//528 2110//528 2111//528 2112//528
v -1.375000 3.125000 0.000000
v -1.250000 3.125000 0.000000
v -1.250000 3.125000 -0.125000
v -1.375000 3.125000 -0.125000
vn 0 1 0
f 2113//529 2114//529 2115//529 2116//529
v -1.000000 3.125000 0.000000
v -0.875000 3.125000 0.000000
v -0.875000 3.125000 -0.125000
v -1.000000 3.125000 -0.125000
vn 0 1 0
f 2117//530 2118//530 2119//530 2120//530
v 0.125000 3.125000 0.250000
v 0.375000 3.125000 0.250000
v 0.375000 3.125000 0.125000
v 0.125000 3.125000 0.125000
vn 0 1 0
f 2121//531 2122//531 2123//531 2124//531
v 0.375000 3.125000 1.000000
v 0.875000 3.125000 1.000000
v 0.875000 3.125000 0.875000
v 0.375000 3.125000 0.875000
vn 0 1 0
f 2125//532 2126//532 2127//532 2128//532
v -1.375000 3.250000 -0.750000
v -1.000000 3.250000 -0.750000
v -1.000000 3.250000 -0.875000
v -1.375000 3.250000 -0.875000
vn 0 1 0
f 2129//533 2130//533 2131//533 2132//533
v 0.875000 3.250000 -0.500000
v 1.625000 3.250000 -0.500000
v 1.625000 3.250000 -0.625000
v 0.875000 3.250000 -0.625000
vn 0 1 0
f 2133//534 2134//534 2135//534 2136//534
v 1.500000 3.250000 -0.125000
v 1.625000 3.250000 -0.125000
v 1.625000 3.250000 -0.500000
v 1.500000 3.250000 -0.500000
vn 0 1 0
f 2137//535 2138//535 2139//535 2140//535
v -1.375000 3.250000 0.125000
v -0.875000 3.250000 0.125000
v -0.875000 3.250000 0.000000
v -1.375000 3.250000 0.000000
vn 0 1 0
f 2141//536 2142//536 2143//536 2144//536
v -1.500000 3.250000 0.875000
v -1.250000 3.250000 0.875000
v -1.250000 3.250000 0.375000
v -1.500000 3.250000 0.375000
vn 0 1 0
f 2145//537 2146//537 2147//537 2148//537
v 0.750000 3.250000 0.875000
v 0.875000 3.250000 0.875000
v 0.875000 3.250000 0.500000
v 0.750000 3.250000 0.500000
vn 0 1 0
f 2149//538 2150//538 2151//538 2152//538
v 1.125000 3.250000 0.875000
v 1.875000 3.250000 0.875000
v 1.875000 3.250000 0.750000
v 1.125000 3.250000 0.750000
vn 0 1 0
f 2153//539 2154//539 2155//539 2156//539
v -1.375000 3.375000 -0.625000
v -1.250000 3.375000 -0.625000
v -1.250000 3.375000 -0.750000
v -1.375000 3.375000 -0.750000
vn 0 1 0
f 2157//540 2158//540 2159//540 2160//540
v 0.375000 3.375000 -0.125000
v 0.500000 3.375000 -0.125000
v 0.500000 3.375000 -0.500000
v 0.375000 3.375000 -0.500000
vn 0 1 0
f 2161//541 2162//541 2163//541 2164//541
v -1.125000 3.375000 -0.250000
v -1.000000 3.375000 -0.250000
v -1.000000 3.375000 -0.375000
v -1.125000 3.375000 -0.375000
vn 0 1 0
f 2165//542 2166//542 2167//542 2168//542
v -2.375000 3.375000 0.375000
v -2.250000 3.375000 0.375000
v -2.250000 3.375000 -0.250000
v -2.375000 3.375000 -0.250000
vn 0 1 0
f 2169//543 2170//543 2171//543 2172//543
v 1.875000 3.375000 0.000000
v 2.000000 3.375000 0.000000
v 2.000000 3.375000 -0.125000
v 1.875000 3.375000 -0.125000
vn 0 1 0
f 2173//544 2174//544 2175//544 2176//544
v -0.625000 3.375000 0.500000
v 0.000000 3.375000 0.500000
v 0.000000 3.375000 0.375000
v -0.625000 3.375000 0.375000
vn 0 1 0
f 2177//545 2178//545 2179//545 2180//545
v 0.875000 3.375000 0.500000
v 1.125000 3.375000 0.500000
v 1.125000 3.375000 0.375000
v 0.875000 3.375000 0.375000
vn 0 1 0
f 2181//546 2182//546 2183//546 2184//546
v -2.125000 3.375000 0.750000
v -1.500000 3.375000 0.750000
v -1.500000 3.375000 0.625000
v -2.125000 3.375000 0.625000
vn 0 1 0
f 2185//547 2186//547 2187//547 2188//547
v 0.625000 3.375000 0.875000
v 0.750000 3.375000 0.875000
v 0.750000 3.375000 0.625000
v 0.625000 3.375000 0.625000
vn 0 1 0
f 2189//548 2190//548 2191//548 2192//548
v -1.625000 3.375000 1.000000
v -1.500000 3.375000 1.000000
v -1.500000 3.375000 0.750000
v -1.625000 3.375000 0.750000
vn 0 1 0
f 2193//549 2194//549 2195//549 2196//549
v 0.500000 3.375000 0.875000
v 0.625000 3.375000 0.875000
v 0.625000 3.375000 0.750000
v 0.500000 3.375000 0.750000
vn 0 1 0
f 2197//550 2198//550 2199//550 2200//550
v -1.000000 3.500000 -0.500000
v -0.875000 3.500000 -0.500000
v -0.875000 3.500000 -1.125000
v -1.000000 3.500000 -1.125000
vn 0 1 0
f 2201//551 2202//551 2203//551 2204//551
v 0.500000 3.500000 -0.125000
v 0.625000 3.500000 -0.125000
v 0.625000 3.500000 -0.500000
v 0.500000 3.500000 -0.500000
vn 0 1 0
f 2205//552 2206//552 2207//552 2208//552
v 0.625000 3.500000 -0.375000
v 1.125000 3.500000 -0.375000
v 1.125000 3.500000 -0.500000
v 0.625000 3.500000 -0.500000
vn 0 1 0
f 2209//553 2210//553 2211//553 2212//553
v -2.250000 3.500000 0.375000
v -2.125000 3.500000 0.375000
v -2.125000 3.500000 -0.250000
v -2.250000 3.500000 -0.250000
vn 0 1 0
f 2213//554 2214//554 2215//554 2216//554
v -2.125000 3.500000 -0.125000
v -1.875000 3.500000 -0.125000
v -1.875000 3.500000 -0.250000
v -2.125000 3.500000 -0.250000
vn 0 1 0
f 2217//555 2218//555 2219//555 2220//555
v -0.375000 3.500000 -0.125000
v 0.000000 3.500000 -0.125000
v 0.000000 3.500000 -0.250000
v -0.375000 3.500000 -0.250000
vn 0 1 0
f 2221//556 2222//556 2223//556 2224//556
v -1.250000 3.500000 0.250000
v -1.000000 3.500000 0.250000
v -1.000000 3.500000 0.125000
v -1.250000 3.500000 0.125000
vn 0 1 0
f 2225//557 2226//557 2227//557 2228//557
v -0.750000 3.500000 0.500000
v -0.625000 3.500000 0.500000
v -0.625000 3.500000 0.250000
v -0.750000 3.500000 0.250000
vn 0 1 0
f 2229//558 2230//558 2231//558 2232//558
v 1.875000 3.500000 0.750000
v 2.000000 3.500000 0.750000
v 2.000000 3.500000 0.250000
v 1.875000 3.500000 0.250000
vn 0 1 0
f 2233//559 2234//559 2235//559 2236//559
v 1.125000 3.500000 0.750000
v 1.250000 3.500000 0.750000
v 1.250000 3.500000 0.375000
v 1.125000 3.500000 0.375000
vn 0 1 0
f 2237//560 2238//560 2239//560 2240//560
v 1.250000 3.500000 0.750000
v 1.875000 3.500000 0.750000
v 1.875000 3.500000 0.625000
v 1.250000 3.500000 0.625000
vn 0 1 0
f 2241//561 2242//561 2243//561 2244//561
v 0.375000 3.500000 1.000000
v 0.500000 3.500000 1.000000
v 0.500000 3.500000 0.750000
v 0.375000 3.500000 0.750000
vn 0 1 0
f 2245//562 2246//562 2247//562 2248//562
v -1.250000 3.500000 1.000000
v -1.125000 3.500000 1.000000
v -1.125000 3.500000 0.875000
v -1.250000 3.500000 0.875000
vn 0 1 0
f 2249//563 2250//563 2251//563 2252//563
v -0.125000 3.500000 1.375000
v 0.000000 3.500000 1.375000
v 0.000000 3.500000 1.000000
v -0.125000 3.500000 1.000000
vn 0 1 0
f 2253//564 2254//564 2255//564 2256//564
v -0.250000 3.500000 1.375000
v -0.125000 3.500000 1.375000
v -0.125000 3.500000 1.250000
v -0.250000 3.500000 1.250000
vn 0 1 0
f 2257//565 2258//565 2259//565 2260//565
v -0.875000 3.625000 -0.500000
v -0.750000 3.625000 -0.500000
v -0.750000 3.625000 -1.125000
v -0.875000 3.625000 -1.125000
vn 0 1 0
f 2261//566 2262//566 2263//566 2264//566
v -0.750000 3.625000 -1.000000
v -0.250000 3.625000 -1.000000
v -0.250000 3.625000 -1.125000
v -0.750000 3.625000 -1.125000
vn 0 1 0
f 2265//567 2266//567 2267//567 2268//567
v 0.625000 3.625000 -0.250000
v 1.000000 3.625000 -0.250000
v 1.000000 3.625000 -0.375000
v 0.625000 3.625000 -0.375000
vn 0 1 0
f 2269//568 2270//568 2271//568 2272//568
v -2.125000 3.625000 0.625000
v -2.000000 3.625000 0.625000
v -2.000000 3.625000 -0.125000
v -2.125000 3.625000 -0.125000
vn 0 1 0
f 2273//569 2274//569 2275//569 2276//569
v -1.375000 3.625000 0.375000
v -1.250000 3.625000 0.375000
v -1.250000 3.625000 0.125000
v -1.375000 3.625000 0.125000
vn 0 1 0
f 2277//570 2278//570 2279//570 2280//570
v -1.250000 3.625000 0.375000
v -1.125000 3.625000 0.375000
v -1.125000 3.625000 0.250000
v -1.250000 3.625000 0.250000
vn 0 1 0
f 2281//571 2282//571 2283//571 2284//571
v 1.000000 3.625000 0.375000
v 1.250000 3.625000 0.375000
v 1.250000 3.625000 0.250000
v 1.000000 3.625000 0.250000
vn 0 1 0
f 2285//572 2286//572 2287//572 2288//572
v 1.750000 3.625000 0.625000
v 1.875000 3.625000 0.625000
v 1.875000 3.625000 0.250000
v 1.750000 3.625000 0.250000
vn 0 1 0
f 2289//573 2290//573 2291//573 2292//573
v -2.000000 3.625000 0.625000
v -1.500000 3.625000 0.625000
v -1.500000 3.625000 0.500000
v -2.000000 3.625000 0.500000
vn 0 1 0
f 2293//574 2294//574 2295//574 2296//574
v 0.000000 3.625000 1.375000
v 0.250000 3.625000 1.375000
v 0.250000 3.625000 1.250000
v 0.000000 3.625000 1.250000
vn 0 1 0
f 2297//575 2298//575 2299//575 2300//575
v -0.750000 3.750000 -0.500000
v -0.625000 3.750000 -0.500000
v -0.625000 3.750000 -1.000000
v -0.750000 3.750000 -1.000000
vn 0 1 0
f 2301//576 2302//576 2303//576 2304//576
v -2.000000 3.750000 -0.625000
v -1.375000 3.750000 -0.625000
v -1.375000 3.750000 -0.750000
v -2.000000 3.750000 -0.750000
vn 0 1 0
f 2305//577 2306//577 2307//577 2308//577
v 1.125000 3.750000 -0.500000
v 2.125000 3.750000 -0.500000
v 2.125000 3.750000 -0.625000
v 1.125000 3.750000 -0.625000
vn 0 1 0
f 2309//578 2310//578 2311//578 2312//578
v -0.125000 3.750000 0.125000
v 0.000000 3.750000 0.125000
v 0.000000 3.750000 0.000000
v -0.125000 3.750000 0.000000
vn 0 1 0
f 2313//579 2314//579 2315//579 2316//579
v -1.500000 3.750000 0.375000
v -1.375000 3.750000 0.375000
v -1.375000 3.750000 0.250000
v -1.500000 3.750000 0.250000
vn 0 1 0
f 2317//580 2318//580 2319//580 2320//580
v 0.625000 3.750000 0.750000
v 0.750000 3.750000 0.750000
v 0.750000 3.750000 0.625000
v 0.625000 3.750000 0.625000
vn 0 1 0
f 2321//581 2322//581 2323//581 2324//581
v -1.125000 3.750000 1.375000
v -1.000000 3.750000 1.375000
v -1.000000 3.750000 0.750000
v -1.125000 3.750000 0.750000
vn 0 1 0
f 2325//582 2326//582 2327//582 2328//582
v 0.125000 3.750000 1.250000
v 0.250000 3.750000 1.250000
v 0.250000 3.750000 1.125000
v 0.125000 3.750000 1.125000
vn 0 1 0
f 2329//583 2330//583 2331//583 2332//583
v -1.000000 3.750000 1.375000
v -0.250000 3.750000 1.375000
v -0.250000 3.750000 1.250000
v -1.000000 3.750000 1.250000
vn 0 1 0
f 2333//584 2334//584 2335//584 2336//584
v -0.250000 3.875000 -0.875000
v -0.125000 3.875000 -0.875000
v -0.125000 3.875000 -1.250000
v -0.250000 3.875000 -1.250000
vn 0 1 0
f 2337//585 2338//585 2339//585 2340//585
v -0.625000 3.875000 -0.875000
v -0.250000 3.875000 -0.875000
v -0.250000 3.875000 -1.000000
v -0.625000 3.875000 -1.000000
vn 0 1 0
f 2341//586 2342//586 2343//586 2344//586
v -2.000000 3.875000 0.250000
v -1.875000 3.875000 0.250000
v -1.875000 3.875000 -0.625000
v -2.000000 3.875000 -0.625000
vn 0 1 0
f 2345//587 2346//587 2347//587 2348//587
v 2.000000 3.875000 0.000000
v 2.125000 3.875000 0.000000
v 2.125000 3.875000 -0.500000
v 2.000000 3.875000 -0.500000
vn 0 1 0
f 2349//588 2350//588 2351//588 2352//588
v -0.375000 3.875000 0.500000
v -0.250000 3.875000 0.500000
v -0.250000 3.875000 0.125000
v -0.375000 3.875000 0.125000
vn 0 1 0
f 2353//589 2354//589 2355//589 2356//589
v 0.875000 3.875000 0.375000
v 1.125000 3.875000 0.375000
v 1.125000 3.875000 0.125000
v 0.875000 3.875000 0.125000
vn 0 1 0
f 2357//590 2358//590 2359//590 2360//590
v -1.000000 3.875000 1.250000
v -0.875000 3.875000 1.250000
v -0.875000 3.875000 0.500000
v -1.000000 3.875000 0.500000
vn 0 1 0
f 2361//591 2362//591 2363//591 2364//591
v 0.000000 3.875000 1.250000
v 0.125000 3.875000 1.250000
v 0.125000 3.875000 1.000000
v 0.000000 3.875000 1.000000
vn 0 1 0
f 2365//592 2366//592 2367//592 2368//592
v 0.125000 3.875000 1.125000
v 0.625000 3.875000 1.125000
v 0.625000 3.875000 1.000000
v 0.125000 3.875000 1.000000
vn 0 1 0
f 2369//593 2370//593 2371//593 2372//593
v -0.125000 4.000000 -0.750000
v 0.000000 4.000000 -0.750000
v 0.000000 4.000000 -1.250000
v -0.125000 4.000000 -1.250000
vn 0 1 0
f 2373//594 2374//594 2375//594 2376//594
v 0.000000 4.000000 -1.125000
v 0.875000 4.000000 -1.125000
v 0.875000 4.000000 -1.250000
v 0.000000 4.000000 -1.250000
vn 0 1 0
f 2377//595 2378//595 2379//595 2380//595
v -1.875000 4.000000 -0.500000
v -1.500000 4.000000 -0.500000
v -1.500000 4.000000 -0.625000
v -1.875000 4.000000 -0.625000
vn 0 1 0
f 2381//596 2382//596 2383//596 2384//596
v 1.375000 4.000000 -0.375000
v 2.000000 4.000000 -0.375000
v 2.000000 4.000000 -0.500000
v 1.375000 4.000000 -0.500000
vn 0 1 0
f 2385//597 2386//597 2387//597 2388//597
v 1.875000 4.000000 0.000000
v 2.000000 4.000000 0.000000
v 2.000000 4.000000 -0.375000
v 1.875000 4.000000 -0.375000
vn 0 1 0
f 2389//598 2390//598 2391//598 2392//598
v -1.875000 4.000000 0.250000
v -1.125000 4.000000 0.250000
v -1.125000 4.000000 0.125000
v -1.875000 4.000000 0.125000
vn 0 1 0
f 2393//599 2394//599 2395//599 2396//599
v -0.250000 4.000000 1.250000
v -0.125000 4.000000 1.250000
v -0.125000 4.000000 0.125000
v -0.250000 4.000000 0.125000
vn 0 1 0
f 2397//600 2398//600 2399//600 2400//600
v 0.750000 4.000000 0.625000
v 0.875000 4.000000 0.625000
v 0.875000 4.000000 0.125000
v 0.750000 4.000000 0.125000
vn 0 1 0
f 2401//601 2402//601 2403//601 2404//601
v -1.250000 4.000000 0.500000
v -1.125000 4.000000 0.500000
v -1.125000 4.000000 0.250000
v -1.250000 4.000000 0.250000
vn 0 1 0
f 2405//602 2406//602 2407//602 2408//602
v 1.125000 4.000000 0.375000
v 1.875000 4.000000 0.375000
v 1.875000 4.000000 0.250000
v 1.125000 4.000000 0.250000
vn 0 1 0
f 2409//603 2410//603 2411//603 2412//603
v -0.875000 4.000000 1.250000
v -0.250000 4.000000 1.250000
v -0.250000 4.000000 0.500000
v -0.875000 4.000000 0.500000
vn 0 1 0
f 2413//604 2414//604 2415//604 2416//604
v -0.125000 4.000000 1.125000
v 0.000000 4.000000 1.125000
v 0.000000 4.000000 1.000000
v -0.125000 4.000000 1.000000
vn 0 1 0
f 2417//605 2418//605 2419//605 2420//605
v 0.000000 4.125000 -0.875000
v 0.125000 4.125000 -0.875000
v 0.125000 4.125000 -1.125000
v 0.000000 4.125000 -1.125000
vn 0 1 0
f 2421//606 2422//606 2423//606 2424//606
v 0.750000 4.125000 -0.875000
v 0.875000 4.125000 -0.875000
v 0.875000 4.125000 -1.125000
v 0.750000 4.125000 -1.125000
vn 0 1 0
f 2425//607 2426//607 2427//607 2428//607
v -1.500000 4.125000 -0.500000
v -1.375000 4.125000 -0.500000
v -1.375000 4.125000 -1.000000
v -1.500000 4.125000 -1.000000
vn 0 1 0
f 2429//608 2430//608 2431//608 2432//608
v -1.375000 4.125000 -0.500000
v -1.125000 4.125000 -0.500000
v -1.125000 4.125000 -0.625000
v -1.375000 4.125000 -0.625000
vn 0 1 0
f 2433//609 2434//609 2435//609 2436//609
v -1.875000 4.125000 0.125000
v -1.500000 4.125000 0.125000
v -1.500000 4.125000 -0.500000
v -1.875000 4.125000 -0.500000
vn 0 1 0
f 2437//610 2438//610 2439//610 2440//610
v 1.500000 4.125000 -0.250000
v 1.875000 4.125000 -0.250000
v 1.875000 4.125000 -0.375000
v 1.500000 4.125000 -0.375000
vn 0 1 0
f 2441//611 2442//611 2443//611 2444//611
v 1.750000 4.125000 0.250000
v 1.875000 4.125000 0.250000
v 1.875000 4.125000 -0.250000
v 1.750000 4.125000 -0.250000
vn 0 1 0
f 2445//612 2446//612 2447//612 2448//612
v -1.250000 4.125000 0.125000
v -1.125000 4.125000 0.125000
v -1.125000 4.125000 -0.125000
v -1.250000 4.125000 -0.125000
vn 0 1 0
f 2449//613 2450//613 2451//613 2452//613
v -1.500000 4.125000 0.125000
v -1.250000 4.125000 0.125000
v -1.250000 4.125000 0.000000
v -1.500000 4.125000 0.000000
vn 0 1 0
f 2453//614 2454//614 2455//614 2456//614
v 0.875000 4.125000 0.125000
v 1.250000 4.125000 0.125000
v 1.250000 4.125000 0.000000
v 0.875000 4.125000 0.000000
vn 0 1 0
f 2457//615 2458//615 2459//615 2460//615
v 1.125000 4.125000 0.250000
v 1.250000 4.125000 0.250000
v 1.250000 4.125000 0.125000
v 1.125000 4.125000 0.125000
vn 0 1 0
f 2461//616 2462//616 2463//616 2464//616
v -1.125000 4.125000 0.500000
v -0.375000 4.125000 0.500000
v -0.375000 4.125000 0.375000
v -1.125000 4.125000 0.375000
vn 0 1 0
f 2465//617 2466//617 2467//617 2468//617
v -0.125000 4.125000 1.000000
v 0.000000 4.125000 1.000000
v 0.000000 4.125000 0.375000
v -0.125000 4.125000 0.375000
vn 0 1 0
f 2469//618 2470//618 2471//618 2472//618
v 0.625000 4.125000 1.000000
v 0.750000 4.125000 1.000000
v 0.750000 4.125000 0.375000
v 0.625000 4.125000 0.375000
vn 0 1 0
f 2473//619 2474//619 2475//619 2476//619
v 0.000000 4.125000 1.000000
v 0.625000 4.125000 1.000000
v 0.625000 4.125000 0.875000
v 0.000000 4.125000 0.875000
vn 0 1 0
f 2477//620 2478//620 2479//620 2480//620
v 0.125000 4.250000 -1.000000
v 0.750000 4.250000 -1.000000
v 0.750000 4.250000 -1.125000
v 0.125000 4.250000 -1.125000
vn 0 1 0
f 2481//621 2482//621 2483//621 2484//621
v -1.375000 4.250000 -0.750000
v -1.250000 4.250000 -0.750000
v -1.250000 4.250000 -1.000000
v -1.375000 4.250000 -1.000000
vn 0 1 0
f 2485//622 2486//622 2487//622 2488//622
v -1.250000 4.250000 -0.875000
v -0.375000 4.250000 -0.875000
v -0.375000 4.250000 -1.000000
v -1.250000 4.250000 -1.000000
vn 0 1 0
f 2489//623 2490//623 2491//623 2492//623
v 0.625000 4.250000 -0.750000
v 0.750000 4.250000 -0.750000
v 0.750000 4.250000 -1.000000
v 0.625000 4.250000 -1.000000
vn 0 1 0
f 2493//624 2494//624 2495//624 2496//624
v -0.500000 4.250000 0.375000
v -0.375000 4.250000 0.375000
v -0.375000 4.250000 -0.875000
v -0.500000 4.250000 -0.875000
vn 0 1 0
f 2497//625 2498//625 2499//625 2500//625
v -0.375000 4.250000 0.125000
v -0.250000 4.250000 0.125000
v -0.250000 4.250000 -0.875000
v -0.375000 4.250000 -0.875000
vn 0 1 0
f 2501//626 2502//626 2503//626 2504//626
v -0.250000 4.250000 0.000000
v -0.125000 4.250000 0.000000
v -0.125000 4.250000 -0.875000
v -0.250000 4.250000 -0.875000
vn 0 1 0
f 2505//627 2506//627 2507//627 2508//627
v 0.750000 4.250000 -0.750000
v 1.500000 4.250000 -0.750000
v 1.500000 4.250000 -0.875000
v 0.750000 4.250000 -0.875000
vn 0 1 0
f 2509//628 2510//628 2511//628 2512//628
v -1.500000 4.250000 -0.125000
v -1.375000 4.250000 -0.125000
v -1.375000 4.250000 -0.500000
v -1.500000 4.250000 -0.500000
vn 0 1 0
f 2513//629 2514//629 2515//629 2516//629
v 0.375000 4.250000 -0.375000
v 0.625000 4.250000 -0.375000
v 0.625000 4.250000 -0.500000
v 0.375000 4.250000 -0.500000
vn 0 1 0
f 2517//630 2518//630 2519//630 2520//630
v -1.375000 4.250000 -0.125000
v -1.125000 4.250000 -0.125000
v -1.125000 4.250000 -0.375000
v -1.375000 4.250000 -0.375000
vn 0 1 0
f 2521//631 2522//631 2523//631 2524//631
v 1.625000 4.250000 0.250000
v 1.750000 4.250000 0.250000
v 1.750000 4.250000 -0.250000
v 1.625000 4.250000 -0.250000
vn 0 1 0
f 2525//632 2526//632 2527//632 2528//632
v -1.125000 4.250000 0.375000
v -1.000000 4.250000 0.375000
v -1.000000 4.250000 -0.125000
v -1.125000 4.250000 -0.125000
vn 0 1 0
f 2529//633 2530//633 2531//633 2532//633
v 1.250000 4.250000 0.250000
v 1.625000 4.250000 0.250000
v 1.625000 4.250000 0.125000
v 1.250000 4.250000 0.125000
vn 0 1 0
f 2533//634 2534//634 2535//634 2536//634
v 0.500000 4.250000 0.875000
v 0.625000 4.250000 0.875000
v 0.625000 4.250000 0.500000
v 0.500000 4.250000 0.500000
vn 0 1 0
f 2537//635 2538//635 2539//635 2540//635
v -1.250000 4.375000 -0.750000
v -0.500000 4.375000 -0.750000
v -0.500000 4.375000 -0.875000
v -1.250000 4.375000 -0.875000
vn 0 1 0
f 2541//636 2542//636 2543//636 2544//636
v -0.125000 4.375000 -0.750000
v 0.125000 4.375000 -0.750000
v 0.125000 4.375000 -0.875000
v -0.125000 4.375000 -0.875000
vn 0 1 0
f 2545//637 2546//637 2547//637 2548//637
v -0.750000 4.375000 -0.125000
v -0.500000 4.375000 -0.125000
v -0.500000 4.375000 -0.750000
v -0.750000 4.375000 -0.750000
vn 0 1 0
f 2549//638 2550//638 2551//638 2552//638
v 0.625000 4.375000 -0.375000
v 0.750000 4.375000 -0.375000
v 0.750000 4.375000 -0.750000
v 0.625000 4.375000 -0.750000
vn 0 1 0
f 2553//639 2554//639 2555//639 2556//639
v 1.375000 4.375000 -0.375000
v 1.500000 4.375000 -0.375000
v 1.500000 4.375000 -0.750000
v 1.375000 4.375000 -0.750000
vn 0 1 0
f 2557//640 2558//640 2559//640 2560//640
v 0.250000 4.375000 -0.375000
v 0.375000 4.375000 -0.375000
v 0.375000 4.375000 -0.500000
v 0.250000 4.375000 -0.500000
vn 0 1 0
f 2561//641 2562//641 2563//641 2564//641
v 1.500000 4.375000 -0.375000
v 1.625000 4.375000 -0.375000
v 1.625000 4.375000 -0.500000
v 1.500000 4.375000 -0.500000
vn 0 1 0
f 2565//642 2566//642 2567//642 2568//642
v -1.125000 4.375000 -0.125000
v -0.750000 4.375000 -0.125000
v -0.750000 4.375000 -0.375000
v -1.125000 4.375000 -0.375000
vn 0 1 0
f 2569//643 2570//643 2571//643 2572//643
v -0.625000 4.375000 0.375000
v -0.500000 4.375000 0.375000
v -0.500000 4.375000 -0.125000
v -0.625000 4.375000 -0.125000
vn 0 1 0
f 2573//644 2574//644 2575//644 2576//644
v 0.750000 4.375000 0.125000
v 0.875000 4.375000 0.125000
v 0.875000 4.375000 -0.125000
v 0.750000 4.375000 -0.125000
vn 0 1 0
f 2577//645 2578//645 2579//645 2580//645
v 0.875000 4.375000 0.000000
v 1.625000 4.375000 0.000000
v 1.625000 4.375000 -0.125000
v 0.875000 4.375000 -0.125000
vn 0 1 0
f 2581//646 2582//646 2583//646 2584//646
v -0.250000 4.375000 0.500000
v -0.125000 4.375000 0.500000
v -0.125000 4.375000 0.000000
v -0.250000 4.375000 0.000000
vn 0 1 0
f 2585//647 2586//647 2587//647 2588//647
v 1.250000 4.375000 0.125000
v 1.625000 4.375000 0.125000
v 1.625000 4.375000 0.000000
v 1.250000 4.375000 0.000000
vn 0 1 0
f 2589//648 2590//648 2591//648 2592//648
v -1.000000 4.375000 0.375000
v -0.625000 4.375000 0.375000
v -0.625000 4.375000 0.250000
v -1.000000 4.375000 0.250000
vn 0 1 0
f 2593//649 2594//649 2595//649 2596//649
v -0.125000 4.375000 0.500000
v 0.500000 4.375000 0.500000
v 0.500000 4.375000 0.375000
v -0.125000 4.375000 0.375000
vn 0 1 0
f 2597//650 2598//650 2599//650 2600//650
v -0.125000 4.500000 -0.625000
v 0.250000 4.500000 -0.625000
v 0.250000 4.500000 -0.750000
v -0.125000 4.500000 -0.750000
vn 0 1 0
f 2601//651 2602//651 2603//651 2604//651
v 0.750000 4.500000 -0.625000
v 1.375000 4.500000 -0.625000
v 1.375000 4.500000 -0.750000
v 0.750000 4.500000 -0.750000
vn 0 1 0
f 2605//652 2606//652 2607//652 2608//652
v 0.125000 4.500000 -0.250000
v 0.250000 4.500000 -0.250000
v 0.250000 4.500000 -0.625000
v 0.125000 4.500000 -0.625000
vn 0 1 0
f 2609//653 2610//653 2611//653 2612//653
v 0.250000 4.500000 -0.250000
v 0.750000 4.500000 -0.250000
v 0.750000 4.500000 -0.375000
v 0.250000 4.500000 -0.375000
vn 0 1 0
f 2613//654 2614//654 2615//654 2616//654
v 0.750000 4.500000 -0.125000
v 1.375000 4.500000 -0.125000
v 1.375000 4.500000 -0.250000
v 0.750000 4.500000 -0.250000
vn 0 1 0
f 2617//655 2618//655 2619//655 2620//655
v -1.000000 4.500000 0.250000
v -0.625000 4.500000 0.250000
v -0.625000 4.500000 -0.125000
v -1.000000 4.500000 -0.125000
vn 0 1 0
f 2621//656 2622//656 2623//656 2624//656
v 0.625000 4.500000 0.125000
v 0.750000 4.500000 0.125000
v 0.750000 4.500000 0.000000
v 0.625000 4.500000 0.000000
vn 0 1 0
f 2625//657 2626//657 2627//657 2628//657
v 0.500000 4.500000 0.500000
v 0.625000 4.500000 0.500000
v 0.625000 4.500000 0.375000
v 0.500000 4.500000 0.375000
vn 0 1 0
f 2629//658 2630//658 2631//658 2632//658
v -0.125000 4.625000 0.375000
v 0.000000 4.625000 0.375000
v 0.000000 4.625000 -0.250000
v -0.125000 4.625000 -0.250000
vn 0 1 0
f 2633//659 2634//659 2635//659 2636//659
v 0.000000 4.625000 -0.125000
v 0.500000 4.625000 -0.125000
v 0.500000 4.625000 -0.250000
v 0.000000 4.625000 -0.250000
vn 0 1 0
f 2637//660 2638//660 2639//660 2640//660
v 0.500000 4.625000 0.375000
v 0.625000 4.625000 0.375000
v 0.625000 4.625000 -0.125000
v 0.500000 4.625000 -0.125000
vn 0 1 0
f 2641//661 2642//661 2643//661 2644//661
v 0.625000 4.625000 0.000000
v 0.750000 4.625000 0.000000
v 0.750000 4.625000 -0.125000
v 0.625000 4.625000 -0.125000
vn 0 1 0
f 2645//662 2646//662 2647//662 2648//662
v 0.125000 4.875000 0.125000
v 0.250000 4.875000 0.125000
v 0.250000 4.875000 -0.250000
v 0.125000 4.875000 -0.250000
vn 0 1 0
f 2649//663 2650//663 2651//663 2652//663
v 0.250000 4.875000 0.125000
v 0.375000 4.875000 0.125000
v 0.375000 4.875000 0.000000
v 0.250000 4.875000 0.000000
vn 0 1 0
f 2653//664 2654//664 2655//664 2656//664
v -1.750000 2.750000 -0.375000
v -1.750000 3.125000 -0.375000
v -1.750000 3.125000 0.000000
v -1.750000 2.750000 0.000000
vn 1 0 0
f 2657//665 2658//665 2659//665 2660//665
v -1.500000 3.250000 0.375000
v -1.500000 3.750000 0.375000
v -1.500000 3.750000 0.500000
v -1.500000 3.250000 0.500000
vn 1 0 0
f 2661//666 2662//666 2663//666 2664//666
v -1.500000 3.250000 0.500000
v -1.500000 3.625000 0.500000
v -1.500000 3.625000 0.625000
v -1.500000 3.250000 0.625000
vn 1 0 0
f 2665//667 2666//667 2667//667 2668//667
v -1.500000 3.250000 0.625000
v -1.500000 3.375000 0.625000
v -1.500000 3.375000 1.000000
v -1.500000 3.250000 1.000000
vn 1 0 0
f 2669//668 2670//668 2671//668 2672//668
v -1.500000 4.000000 -0.375000
v -1.500000 4.125000 -0.375000
v -1.500000 4.125000 0.000000
v -1.500000 4.000000 0.000000
vn 1 0 0
f 2673//669 2674//669 2675//669 2676//669
v -1.375000 2.625000 0.125000
v -1.375000 2.875000 0.125000
v -1.375000 2.875000 0.500000
v -1.375000 2.625000 0.500000
vn 1 0 0
f 2677//670 2678//670 2679//670 2680//670
v -1.375000 3.250000 -0.250000
v -1.375000 3.375000 -0.250000
v -1.375000 3.375000 0.125000
v -1.375000 3.250000 0.125000
vn 1 0 0
f 2681//671 2682//671 2683//671 2684//671
v -1.375000 3.625000 0.125000
v -1.375000 3.750000 0.125000
v -1.375000 3.750000 0.375000
v -1.375000 3.625000 0.375000
vn 1 0 0
f 2685//672 2686//672 2687//672 2688//672
v -1.250000 2.625000 0.000000
v -1.250000 2.750000 0.000000
v -1.250000 2.750000 0.125000
v -1.250000 2.625000 0.125000
vn 1 0 0
f 2689//673 2690//673 2691//673 2692//673
v -1.250000 3.000000 -0.125000
v -1.250000 3.125000 -0.125000
v -1.250000 3.125000 0.000000
v -1.250000 3.000000 0.000000
vn 1 0 0
f 2693//674 2694//674 2695//674 2696//674
v -1.250000 3.375000 0.000000
v -1.250000 3.500000 0.000000
v -1.250000 3.500000 0.125000
v -1.250000 3.375000 0.125000
vn 1 0 0
f 2697//675 2698//675 2699//675 2700//675
v -1.250000 3.500000 0.125000
v -1.250000 3.625000 0.125000
v -1.250000 3.625000 0.250000
v -1.250000 3.500000 0.250000
vn 1 0 0
f 2701//676 2702//676 2703//676 2704//676
v -1.000000 3.375000 -0.500000
v -1.000000 3.500000 -0.500000
v -1.000000 3.500000 -0.375000
v -1.000000 3.375000 -0.375000
vn 1 0 0
f 2705//677 2706//677 2707//677 2708//677
v -0.875000 3.625000 -0.750000
v -0.875000 3.750000 -0.750000
v -0.875000 3.750000 -0.500000
v -0.875000 3.625000 -0.500000
vn 1 0 0
f 2709//678 2710//678 2711//678 2712//678
v -0.750000 2.750000 -1.000000
v -0.750000 2.875000 -1.000000
v -0.750000 2.875000 -0.250000
v -0.750000 2.750000 -0.250000
vn 1 0 0
f 2713//679 2714//679 2715//679 2716//679
v -0.750000 3.125000 0.625000
v -0.750000 3.250000 0.625000
v -0.750000 3.250000 0.875000
v -0.750000 3.125000 0.875000
vn 1 0 0
f 2717//680 2718//680 2719//680 2720//680
v -0.750000 3.500000 0.250000
v -0.750000 3.625000 0.250000
v -0.750000 3.625000 0.500000
v -0.750000 3.500000 0.500000
vn 1 0 0
f 2721//681 2722//681 2723//681 2724//681
v -0.625000 2.875000 -1.000000
v -0.625000 3.000000 -1.000000
v -0.625000 3.000000 -0.375000
v -0.625000 2.875000 -0.375000
vn 1 0 0
f 2725//682 2726//682 2727//682 2728//682
v -0.625000 3.000000 -0.875000
v -0.625000 3.125000 -0.875000
v -0.625000 3.125000 -0.375000
v -0.625000 3.000000 -0.375000
vn 1 0 0
f 2729//683 2730//683 2731//683 2732//683
v -0.625000 3.375000 0.250000
v -0.625000 3.500000 0.250000
v -0.625000 3.500000 0.500000
v -0.625000 3.375000 0.500000
vn 1 0 0
f 2733//684 2734//684 2735//684 2736//684
v -0.625000 4.375000 -0.125000
v -0.625000 4.500000 -0.125000
v -0.625000 4.500000 0.250000
v -0.625000 4.375000 0.250000
vn 1 0 0
f 2737//685 2738//685 2739//685 2740//685
v -0.500000 4.000000 -1.000000
v -0.500000 4.125000 -1.000000
v -0.500000 4.125000 -0.875000
v -0.500000 4.000000 -0.875000
vn 1 0 0
f 2741//686 2742//686 2743//686 2744//686
v -0.500000 4.250000 -0.875000
v -0.500000 4.375000 -0.875000
v -0.500000 4.375000 0.375000
v -0.500000 4.250000 0.375000
vn 1 0 0
f 2745//687 2746//687 2747//687 2748//687
v -0.375000 2.750000 -0.125000
v -0.375000 3.250000 -0.125000
v -0.375000 3.250000 0.375000
v -0.375000 2.750000 0.375000
vn 1 0 0
f 2749//688 2750//688 2751//688 2752//688
v -0.375000 2.750000 0.375000
v -0.375000 3.125000 0.375000
v -0.375000 3.125000 0.500000
v -0.375000 2.750000 0.500000
vn 1 0 0
f 2753//689 2754//689 2755//689 2756//689
v -0.375000 2.750000 0.500000
v -0.375000 3.000000 0.500000
v -0.375000 3.000000 0.625000
v -0.375000 2.750000 0.625000
vn 1 0 0
f 2757//690 2758//690 2759//690 2760//690
v -0.375000 3.875000 0.125000
v -0.375000 4.250000 0.125000
v -0.375000 4.250000 0.375000
v -0.375000 3.875000 0.375000
vn 1 0 0
f 2761//691 2762//691 2763//691 2764//691
v -0.375000 3.875000 0.375000
v -0.375000 4.125000 0.375000
v -0.375000 4.125000 0.500000
v -0.375000 3.875000 0.500000
vn 1 0 0
f 2765//692 2766//692 2767//692 2768//692
v -0.375000 4.125000 -1.000000
v -0.375000 4.250000 -1.000000
v -0.375000 4.250000 -0.875000
v -0.375000 4.125000 -0.875000
vn 1 0 0
f 2769//693 2770//693 2771//693 2772//693
v -0.250000 3.500000 1.000000
v -0.250000 3.875000 1.000000
v -0.250000 3.875000 1.250000
v -0.250000 3.500000 1.250000
vn 1 0 0
f 2773//694 2774//694 2775//694 2776//694
v -0.250000 3.500000 1.250000
v -0.250000 3.750000 1.250000
v -0.250000 3.750000 1.375000
v -0.250000 3.500000 1.375000
vn 1 0 0
f 2777//695 2778//695 2779//695 2780//695
v -0.250000 4.000000 -0.625000
v -0.250000 4.125000 -0.625000
v -0.250000 4.125000 -0.250000
v -0.250000 4.000000 -0.250000
vn 1 0 0
f 2781//696 2782//696 2783//696 2784//696
v -0.125000 2.750000 -0.250000
v -0.125000 2.875000 -0.250000
v -0.125000 2.875000 -0.125000
v -0.125000 2.750000 -0.125000
vn 1 0 0
f 2785//697 2786//697 2787//697 2788//697
v -0.125000 3.125000 -0.250000
v -0.125000 3.250000 -0.250000
v -0.125000 3.250000 -0.125000
v -0.125000 3.125000 -0.125000
vn 1 0 0
f 2789//698 2790//698 2791//698 2792//698
v -0.125000 3.750000 0.000000
v -0.125000 4.000000 0.000000
v -0.125000 4.000000 0.125000
v -0.125000 3.750000 0.125000
vn 1 0 0
f 2793//699 2794//699 2795//699 2796//699
v -0.125000 3.875000 1.125000
v -0.125000 4.000000 1.125000
v -0.125000 4.000000 1.250000
v -0.125000 3.875000 1.250000
vn 1 0 0
f 2797//700 2798//700 2799//700 2800//700
v 0.000000 2.875000 -0.375000
v 0.000000 3.125000 -0.375000
v 0.000000 3.125000 -0.125000
v 0.000000 2.875000 -0.125000
vn 1 0 0
f 2801//701 2802//701 2803//701 2804//701
v 0.000000 3.375000 -1.125000
v 0.000000 3.500000 -1.125000
v 0.000000 3.500000 -0.125000
v 0.000000 3.375000 -0.125000
vn 1 0 0
f 2805//702 2806//702 2807//702 2808//702
v 0.000000 3.875000 1.000000
v 0.000000 4.000000 1.000000
v 0.000000 4.000000 1.125000
v 0.000000 3.875000 1.125000
vn 1 0 0
f 2809//703 2810//703 2811//703 2812//703
v 0.125000 3.500000 -1.125000
v 0.125000 3.625000 -1.125000
v 0.125000 3.625000 -1.000000
v 0.125000 3.500000 -1.000000
vn 1 0 0
f 2813//704 2814//704 2815//704 2816//704
v 0.125000 3.500000 -0.375000
v 0.125000 3.625000 -0.375000
v 0.125000 3.625000 -0.250000
v 0.125000 3.500000 -0.250000
vn 1 0 0
f 2817//705 2818//705 2819//705 2820//705
v 0.125000 3.750000 1.125000
v 0.125000 3.875000 1.125000
v 0.125000 3.875000 1.250000
v 0.125000 3.750000 1.250000
vn 1 0 0
f 2821//706 2822//706 2823//706 2824//706
v 0.250000 3.250000 1.000000
v 0.250000 3.625000 1.000000
v 0.250000 3.625000 1.250000
v 0.250000 3.250000 1.250000
vn 1 0 0
f 2825//707 2826//707 2827//707 2828//707
v 0.250000 3.375000 1.250000
v 0.250000 3.625000 1.250000
v 0.250000 3.625000 1.375000
v 0.250000 3.375000 1.375000
vn 1 0 0
f 2829//708 2830//708 2831//708 2832//708
v 0.250000 3.625000 1.125000
v 0.250000 3.750000 1.125000
v 0.250000 3.750000 1.250000
v 0.250000 3.625000 1.250000
vn 1 0 0
f 2833//709 2834//709 2835//709 2836//709
v 0.250000 4.375000 -0.625000
v 0.250000 4.500000 -0.625000
v 0.250000 4.500000 -0.375000
v 0.250000 4.375000 -0.375000
vn 1 0 0
f 2837//710 2838//710 2839//710 2840//710
v 0.375000 4.250000 -0.500000
v 0.375000 4.375000 -0.500000
v 0.375000 4.375000 -0.375000
v 0.375000 4.250000 -0.375000
vn 1 0 0
f 2841//711 2842//711 2843//711 2844//711
v 0.375000 4.750000 -0.250000
v 0.375000 4.875000 -0.250000
v 0.375000 4.875000 0.125000
v 0.375000 4.750000 0.125000
vn 1 0 0
f 2845//712 2846//712 2847//712 2848//712
v 0.500000 3.250000 0.875000
v 0.500000 3.500000 0.875000
v 0.500000 3.500000 1.000000
v 0.500000 3.250000 1.000000
vn 1 0 0
f 2849//713 2850//713 2851//713 2852//713
v 0.500000 3.375000 0.750000
v 0.500000 3.500000 0.750000
v 0.500000 3.500000 0.875000
v 0.500000 3.375000 0.875000
vn 1 0 0
f 2853//714 2854//714 2855//714 2856//714
v 0.625000 3.375000 0.625000
v 0.625000 3.500000 0.625000
v 0.625000 3.500000 0.750000
v 0.625000 3.375000 0.750000
vn 1 0 0
f 2857//715 2858//715 2859//715 2860//715
v 0.625000 3.750000 0.625000
v 0.625000 3.875000 0.625000
v 0.625000 3.875000 1.125000
v 0.625000 3.750000 1.125000
vn 1 0 0
f 2861//716 2862//716 2863//716 2864//716
v 0.625000 4.125000 0.125000
v 0.625000 4.625000 0.125000
v 0.625000 4.625000 0.375000
v 0.625000 4.125000 0.375000
vn 1 0 0
f 2865//717 2866//717 2867//717 2868//717
v 0.625000 4.125000 0.375000
v 0.625000 4.500000 0.375000
v 0.625000 4.500000 0.500000
v 0.625000 4.125000 0.500000
vn 1 0 0
f 2869//718 2870//718 2871//718 2872//718
v 0.625000 4.125000 0.500000
v 0.625000 4.250000 0.500000
v 0.625000 4.250000 0.875000
v 0.625000 4.125000 0.875000
vn 1 0 0
f 2873//719 2874//719 2875//719 2876//719
v 0.625000 4.500000 0.000000
v 0.625000 4.625000 0.000000
v 0.625000 4.625000 0.125000
v 0.625000 4.500000 0.125000
vn 1 0 0
f 2877//720 2878//720 2879//720 2880//720
v 0.750000 3.250000 0.625000
v 0.750000 3.375000 0.625000
v 0.750000 3.375000 0.875000
v 0.750000 3.250000 0.875000
vn 1 0 0
f 2881//721 2882//721 2883//721 2884//721
v 0.750000 3.500000 0.375000
v 0.750000 3.875000 0.375000
v 0.750000 3.875000 0.625000
v 0.750000 3.500000 0.625000
vn 1 0 0
f 2885//722 2886//722 2887//722 2888//722
v 0.750000 3.500000 0.625000
v 0.750000 3.750000 0.625000
v 0.750000 3.750000 0.750000
v 0.750000 3.500000 0.750000
vn 1 0 0
f 2889//723 2890//723 2891//723 2892//723
v 0.750000 3.750000 -1.250000
v 0.750000 3.875000 -1.250000
v 0.750000 3.875000 -0.625000
v 0.750000 3.750000 -0.625000
vn 1 0 0
f 2893//724 2894//724 2895//724 2896//724
v 0.750000 3.875000 0.625000
v 0.750000 4.125000 0.625000
v 0.750000 4.125000 1.000000
v 0.750000 3.875000 1.000000
vn 1 0 0
f 2897//725 2898//725 2899//725 2900//725
v 0.750000 4.000000 0.375000
v 0.750000 4.125000 0.375000
v 0.750000 4.125000 0.625000
v 0.750000 4.000000 0.625000
vn 1 0 0
f 2901//726 2902//726 2903//726 2904//726
v 0.750000 4.125000 -1.125000
v 0.750000 4.250000 -1.125000
v 0.750000 4.250000 -0.875000
v 0.750000 4.125000 -0.875000
vn 1 0 0
f 2905//727 2906//727 2907//727 2908//727
v 0.750000 4.375000 -0.125000
v 0.750000 4.625000 -0.125000
v 0.750000 4.625000 0.000000
v 0.750000 4.375000 0.000000
vn 1 0 0
f 2909//728 2910//728 2911//728 2912//728
v 0.750000 4.375000 0.000000
v 0.750000 4.500000 0.000000
v 0.750000 4.500000 0.125000
v 0.750000 4.375000 0.125000
vn 1 0 0
f 2913//729 2914//729 2915//729 2916//729
v 0.750000 4.500000 -0.250000
v 0.750000 4.625000 -0.250000
v 0.750000 4.625000 -0.125000
v 0.750000 4.500000 -0.125000
vn 1 0 0
f 2917//730 2918//730 2919//730 2920//730
v 0.875000 2.750000 0.625000
v 0.875000 3.000000 0.625000
v 0.875000 3.000000 0.875000
v 0.875000 2.750000 0.875000
vn 1 0 0
f 2921//731 2922//731 2923//731 2924//731
v 0.875000 2.875000 0.875000
v 0.875000 3.125000 0.875000
v 0.875000 3.125000 1.000000
v 0.875000 2.875000 1.000000
vn 1 0 0
f 2925//732 2926//732 2927//732 2928//732
v 0.875000 3.125000 0.500000
v 0.875000 3.250000 0.500000
v 0.875000 3.250000 0.875000
v 0.875000 3.125000 0.875000
vn 1 0 0
f 2929//733 2930//733 2931//733 2932//733
v 0.875000 3.875000 -1.250000
v 0.875000 4.000000 -1.250000
v 0.875000 4.000000 -0.750000
v 0.875000 3.875000 -0.750000
vn 1 0 0
f 2933//734 2934//734 2935//734 2936//734
v 0.875000 3.875000 0.125000
v 0.875000 4.000000 0.125000
v 0.875000 4.000000 0.625000
v 0.875000 3.875000 0.625000
vn 1 0 0
f 2937//735 2938//735 2939//735 2940//735
v 0.875000 4.000000 -1.125000
v 0.875000 4.125000 -1.125000
v 0.875000 4.125000 -0.875000
v 0.875000 4.000000 -0.875000
vn 1 0 0
f 2941//736 2942//736 2943//736 2944//736
v 0.875000 4.125000 0.000000
v 0.875000 4.375000 0.000000
v 0.875000 4.375000 0.125000
v 0.875000 4.125000 0.125000
vn 1 0 0
f 2945//737 2946//737 2947//737 2948//737
v 1.000000 3.625000 0.250000
v 1.000000 3.750000 0.250000
v 1.000000 3.750000 0.375000
v 1.000000 3.625000 0.375000
vn 1 0 0
f 2949//738 2950//738 2951//738 2952//738
v 1.125000 2.750000 0.000000
v 1.125000 2.875000 0.000000
v 1.125000 2.875000 0.625000
v 1.125000 2.750000 0.625000
vn 1 0 0
f 2953//739 2954//739 2955//739 2956//739
v 1.375000 4.000000 -0.875000
v 1.375000 4.125000 -0.875000
v 1.375000 4.125000 -0.375000
v 1.375000 4.000000 -0.375000
vn 1 0 0
f 2957//740 2958//740 2959//740 2960//740
v 1.375000 4.375000 -0.750000
v 1.375000 4.500000 -0.750000
v 1.375000 4.500000 -0.625000
v 1.375000 4.375000 -0.625000
vn 1 0 0
f 2961//741 2962//741 2963//741 2964//741
v 1.500000 3.250000 -0.500000
v 1.500000 3.375000 -0.500000
v 1.500000 3.375000 -0.125000
v 1.500000 3.250000 -0.125000
vn 1 0 0
f 2965//742 2966//742 2967//742 2968//742
v 1.500000 4.125000 -0.875000
v 1.500000 4.250000 -0.875000
v 1.500000 4.250000 -0.250000
v 1.500000 4.125000 -0.250000
vn 1 0 0
f 2969//743 2970//743 2971//743 2972//743
v 1.500000 4.250000 -0.750000
v 1.500000 4.375000 -0.750000
v 1.500000 4.375000 -0.500000
v 1.500000 4.250000 -0.500000
vn 1 0 0
f 2973//744 2974//744 2975//744 2976//744
v 1.625000 2.750000 -0.250000
v 1.625000 3.250000 -0.250000
v 1.625000 3.250000 -0.125000
v 1.625000 2.750000 -0.125000
vn 1 0 0
f 2977//745 2978//745 2979//745 2980//745
v 1.625000 2.750000 -0.125000
v 1.625000 3.125000 -0.125000
v 1.625000 3.125000 0.000000
v 1.625000 2.750000 0.000000
vn 1 0 0
f 2981//746 2982//746 2983//746 2984//746
v 1.625000 2.875000 0.000000
v 1.625000 3.125000 0.000000
v 1.625000 3.125000 0.125000
v 1.625000 2.875000 0.125000
vn 1 0 0
f 2985//747 2986//747 2987//747 2988//747
v 1.625000 3.125000 -0.625000
v 1.625000 3.250000 -0.625000
v 1.625000 3.250000 -0.250000
v 1.625000 3.125000 -0.250000
vn 1 0 0
f 2989//748 2990//748 2991//748 2992//748
v 1.625000 4.250000 -0.500000
v 1.625000 4.375000 -0.500000
v 1.625000 4.375000 0.125000
v 1.625000 4.250000 0.125000
vn 1 0 0
f 2993//749 2994//749 2995//749 2996//749
v 1.750000 3.000000 -0.750000
v 1.750000 3.125000 -0.750000
v 1.750000 3.125000 -0.250000
v 1.750000 3.000000 -0.250000
vn 1 0 0
f 2997//750 2998//750 2999//750 3000//750
v 1.750000 4.125000 -0.250000
v 1.750000 4.250000 -0.250000
v 1.750000 4.250000 0.250000
v 1.750000 4.125000 0.250000
vn 1 0 0
f 3001//751 3002//751 3003//751 3004//751
v 1.875000 2.750000 -0.875000
v 1.875000 2.875000 -0.875000
v 1.875000 2.875000 -0.250000
v 1.875000 2.750000 -0.250000
vn 1 0 0
f 3005//752 3006//752 3007//752 3008//752
v 1.875000 2.875000 -0.750000
v 1.875000 3.000000 -0.750000
v 1.875000 3.000000 -0.250000
v 1.875000 2.875000 -0.250000
vn 1 0 0
f 3009//753 3010//753 3011//753 3012//753
v 1.875000 3.125000 -0.125000
v 1.875000 3.250000 -0.125000
v 1.875000 3.250000 0.875000
v 1.875000 3.125000 0.875000
vn 1 0 0
f 3013//754 3014//754 3015//754 3016//754
v 1.875000 3.500000 0.250000
v 1.875000 3.625000 0.250000
v 1.875000 3.625000 0.625000
v 1.875000 3.500000 0.625000
vn 1 0 0
f 3017//755 3018//755 3019//755 3020//755
v 1.875000 3.625000 0.000000
v 1.875000 4.125000 0.000000
v 1.875000 4.125000 0.250000
v 1.875000 3.625000 0.250000
vn 1 0 0
f 3021//756 3022//756 3023//756 3024//756
v 1.875000 3.750000 0.250000
v 1.875000 4.000000 0.250000
v 1.875000 4.000000 0.375000
v 1.875000 3.750000 0.375000
vn 1 0 0
f 3025//757 3026//757 3027//757 3028//757
v 1.875000 4.000000 -0.375000
v 1.875000 4.125000 -0.375000
v 1.875000 4.125000 0.000000
v 1.875000 4.000000 0.000000
vn 1 0 0
f 3029//758 3030//758 3031//758 3032//758
v 2.000000 3.250000 -0.125000
v 2.000000 3.375000 -0.125000
v 2.000000 3.375000 0.750000
v 2.000000 3.250000 0.750000
vn 1 0 0
f 3033//759 3034//759 3035//759 3036//759
v 2.000000 3.375000 0.000000
v 2.000000 3.500000 0.000000
v 2.000000 3.500000 0.750000
v 2.000000 3.375000 0.750000
vn 1 0 0
f 3037//760 3038//760 3039//760 3040//760
v 2.000000 3.875000 -0.500000
v 2.000000 4.000000 -0.500000
v 2.000000 4.000000 0.000000
v 2.000000 3.875000 0.000000
vn 1 0 0
f 3041//761 3042//761 3043//761 3044//761
v 2.125000 3.625000 -0.625000
v 2.125000 3.750000 -0.625000
v 2.125000 3.750000 0.000000
v 2.125000 3.625000 0.000000
vn 1 0 0
f 3045//762 3046//762 3047//762 3048//762
v 2.125000 3.750000 -0.500000
v 2.125000 3.875000 -0.500000
v 2.125000 3.875000 0.000000
v 2.125000 3.750000 0.000000
vn 1 0 0
f 3049//763 3050//763 3051//763 3052//763
g palette_3
usemtl palette_3
v -2.375000 3.125000 0.750000
v -2.375000 3.250000 0.750000
v -2.375000 3.250000 -0.125000
v -2.375000 3.125000 -0.125000
vn -1 0 0
f 3053//764 3054//764 3055//764 3056//764
v -2.250000 3.000000 0.625000
v -2.250000 3.125000 0.625000
v -2.250000 3.125000 0.000000
v -2.250000 3.000000 0.000000
vn -1 0 0
f 3057//765 3058//765 3059//765 3060//765
v -2.125000 2.500000 0.375000
v -2.125000 2.625000 0.375000
v -2.125000 2.625000 -0.375000
v -2.125000 2.500000 -0.375000
vn -1 0 0
f 3061//766 3062//766 3063//766 3064//766
v -2.000000 2.375000 0.375000
v -2.000000 2.500000 0.375000
v -2.000000 2.500000 -0.250000
v -2.000000 2.375000 -0.250000
vn -1 0 0
f 3065//767 3066//767 3067//767 3068//767
v -1.875000 3.500000 -0.125000
v -1.875000 3.625000 -0.125000
v -1.875000 3.625000 -0.750000
v -1.875000 3.500000 -0.750000
vn -1 0 0
f 3069//768 3070//768 3071//768 3072//768
v -1.750000 2.625000 -0.375000
v -1.750000 2.750000 -0.375000
v -1.750000 2.750000 -0.875000
v -1.750000 2.625000 -0.875000
vn -1 0 0
f 3073//769 3074//769 3075//769 3076//769
v -1.750000 3.375000 -0.250000
v -1.750000 3.500000 -0.250000
v -1.750000 3.500000 -0.625000
v -1.750000 3.375000 -0.625000
vn -1 0 0
f 3077//770 3078//770 3079//770 3080//770
v -1.625000 2.500000 -0.375000
v -1.625000 2.625000 -0.375000
v -1.625000 2.625000 -0.750000
v -1.625000 2.500000 -0.750000
vn -1 0 0
f 3081//771 3082//771 3083//771 3084//771
v -1.500000 3.000000 0.875000
v -1.500000 3.125000 0.875000
v -1.500000 3.125000 0.375000
v -1.500000 3.000000 0.375000
vn -1 0 0
f 3085//772 3086//772 3087//772 3088//772
v -1.500000 3.875000 -0.625000
v -1.500000 4.000000 -0.625000
v -1.500000 4.000000 -0.875000
v -1.500000 3.875000 -0.875000
vn -1 0 0
f 3089//773 3090//773 3091//773 3092//773
v -1.375000 2.875000 0.750000
v -1.375000 3.000000 0.750000
v -1.375000 3.000000 0.375000
v -1.375000 2.875000 0.375000
vn -1 0 0
f 3093//774 3094//774 3095//774 3096//774
v -1.375000 3.750000 -0.625000
v -1.375000 3.875000 -0.625000
v -1.375000 3.875000 -0.750000
v -1.375000 3.750000 -0.750000
vn -1 0 0
f 3097//775 3098//775 3099//775 3100//775
v -1.125000 3.625000 0.375000
v -1.125000 3.750000 0.375000
v -1.125000 3.750000 0.125000
v -1.125000 3.625000 0.125000
vn -1 0 0
f 3101//776 3102//776 3103//776 3104//776
v -1.000000 2.625000 0.500000
v -1.000000 2.750000 0.500000
v -1.000000 2.750000 0.000000
v -1.000000 2.625000 0.000000
vn -1 0 0
f 3105//777 3106//777 3107//777 3108//777
v -1.000000 3.250000 -0.750000
v -1.000000 3.375000 -0.750000
v -1.000000 3.375000 -1.000000
v -1.000000 3.250000 -1.000000
vn -1 0 0
f 3109//778 3110//778 3111//778 3112//778
v -1.000000 3.250000 -0.125000
v -1.000000 3.375000 -0.125000
v -1.000000 3.375000 -0.250000
v -1.000000 3.250000 -0.250000
vn -1 0 0
f 3113//779 3114//779 3115//779 3116//779
v -1.000000 3.375000 1.250000
v -1.000000 3.500000 1.250000
v -1.000000 3.500000 1.000000
v -1.000000 3.375000 1.000000
vn -1 0 0
f 3117//780 3118//780 3119//780 3120//780
v -1.000000 3.500000 0.250000
v -1.000000 3.625000 0.250000
v -1.000000 3.625000 0.125000
v -1.000000 3.500000 0.125000
vn -1 0 0
f 3121//781 3122//781 3123//781 3124//781
v -0.875000 2.500000 0.500000
v -0.875000 2.625000 0.500000
v -0.875000 2.625000 -0.125000
v -0.875000 2.500000 -0.125000
vn -1 0 0
f 3125//782 3126//782 3127//782 3128//782
v -0.875000 3.250000 1.250000
v -0.875000 3.375000 1.250000
v -0.875000 3.375000 1.000000
v -0.875000 3.250000 1.000000
vn -1 0 0
f 3129//783 3130//783 3131//783 3132//783
v -0.500000 3.125000 1.250000
v -0.500000 3.250000 1.250000
v -0.500000 3.250000 0.625000
v -0.500000 3.125000 0.625000
vn -1 0 0
f 3133//784 3134//784 3135//784 3136//784
v -0.375000 3.000000 1.125000
v -0.375000 3.125000 1.125000
v -0.375000 3.125000 1.000000
v -0.375000 3.000000 1.000000
vn -1 0 0
f 3137//785 3138//785 3139//785 3140//785
v -0.250000 3.500000 0.500000
v -0.250000 3.625000 0.500000
v -0.250000 3.625000 0.375000
v -0.250000 3.500000 0.375000
vn -1 0 0
f 3141//786 3142//786 3143//786 3144//786
v -0.250000 3.625000 -1.000000
v -0.250000 3.750000 -1.000000
v -0.250000 3.750000 -1.125000
v -0.250000 3.625000 -1.125000
vn -1 0 0
f 3145//787 3146//787 3147//787 3148//787
v -0.125000 4.000000 -0.250000
v -0.125000 4.125000 -0.250000
v -0.125000 4.125000 -0.500000
v -0.125000 4.000000 -0.500000
vn -1 0 0
f 3149//788 3150//788 3151//788 3152//788
v -0.125000 4.000000 0.375000
v -0.125000 4.125000 0.375000
v -0.125000 4.125000 0.125000
v -0.125000 4.000000 0.125000
vn -1 0 0
f 3153//789 3154//789 3155//789 3156//789
v 0.000000 3.000000 1.000000
v 0.000000 3.250000 1.000000
v 0.000000 3.250000 0.500000
v 0.000000 3.000000 0.500000
vn -1 0 0
f 3157//790 3158//790 3159//790 3160//790
v 0.000000 3.125000 0.500000
v 0.000000 3.250000 0.500000
v 0.000000 3.250000 0.375000
v 0.000000 3.125000 0.375000
vn -1 0 0
f 3161//791 3162//791 3163//791 3164//791
v 0.000000 3.375000 0.500000
v 0.000000 3.500000 0.500000
v 0.000000 3.500000 -0.125000
v 0.000000 3.375000 -0.125000
vn -1 0 0
f 3165//792 3166//792 3167//792 3168//792
v 0.000000 3.625000 1.125000
v 0.000000 3.750000 1.125000
v 0.000000 3.750000 1.000000
v 0.000000 3.625000 1.000000
vn -1 0 0
f 3169//793 3170//793 3171//793 3172//793
v 0.000000 3.875000 -0.250000
v 0.000000 4.000000 -0.250000
v 0.000000 4.000000 -0.375000
v 0.000000 3.875000 -0.375000
vn -1 0 0
f 3173//794 3174//794 3175//794 3176//794
v 0.000000 3.875000 0.125000
v 0.000000 4.000000 0.125000
v 0.000000 4.000000 0.000000
v 0.000000 3.875000 0.000000
vn -1 0 0
f 3177//795 3178//795 3179//795 3180//795
v 0.125000 2.625000 0.125000
v 0.125000 2.750000 0.125000
v 0.125000 2.750000 0.000000
v 0.125000 2.625000 0.000000
vn -1 0 0
f 3181//796 3182//796 3183//796 3184//796
v 0.125000 2.625000 0.875000
v 0.125000 2.750000 0.875000
v 0.125000 2.750000 0.625000
v 0.125000 2.625000 0.625000
vn -1 0 0
f 3185//797 3186//797 3187//797 3188//797
v 0.125000 3.250000 0.375000
v 0.125000 3.375000 0.375000
v 0.125000 3.375000 0.000000
v 0.125000 3.250000 0.000000
vn -1 0 0
f 3189//798 3190//798 3191//798 3192//798
v 0.250000 2.500000 0.750000
v 0.250000 2.625000 0.750000
v 0.250000 2.625000 0.375000
v 0.250000 2.500000 0.375000
vn -1 0 0
f 3193//799 3194//799 3195//799 3196//799
v 0.500000 3.000000 0.125000
v 0.500000 3.125000 0.125000
v 0.500000 3.125000 -0.375000
v 0.500000 3.000000 -0.375000
vn -1 0 0
f 3197//800 3198//800 3199//800 3200//800
v 0.625000 2.875000 -0.125000
v 0.625000 3.000000 -0.125000
v 0.625000 3.000000 -0.250000
v 0.625000 2.875000 -0.250000
vn -1 0 0
f 3201//801 3202//801 3203//801 3204//801
v 0.625000 2.875000 0.125000
v 0.625000 3.000000 0.125000
v 0.625000 3.000000 0.000000
v 0.625000 2.875000 0.000000
vn -1 0 0
f 3205//802 3206//802 3207//802 3208//802
v 0.875000 2.625000 0.000000
v 0.875000 2.750000 0.000000
v 0.875000 2.750000 -0.875000
v 0.875000 2.625000 -0.875000
vn -1 0 0
f 3209//803 3210//803 3211//803 3212//803
v 1.000000 2.500000 -0.125000
v 1.000000 2.625000 -0.125000
v 1.000000 2.625000 -0.750000
v 1.000000 2.500000 -0.750000
vn -1 0 0
f 3213//804 3214//804 3215//804 3216//804
v 1.000000 2.875000 0.750000
v 1.000000 3.000000 0.750000
v 1.000000 3.000000 0.625000
v 1.000000 2.875000 0.625000
vn -1 0 0
f 3217//805 3218//805 3219//805 3220//805
v 1.125000 3.500000 -0.375000
v 1.125000 3.625000 -0.375000
v 1.125000 3.625000 -0.625000
v 1.125000 3.500000 -0.625000
vn -1 0 0
f 3221//806 3222//806 3223//806 3224//806
v -2.000000 2.375000 -0.250000
v -1.375000 2.375000 -0.250000
v -1.375000 2.375000 0.375000
v -2.000000 2.375000 0.375000
vn 0 -1 0
f 3225//807 3226//807 3227//807 3228//807
v -1.625000 2.500000 -0.750000
v -1.000000 2.500000 -0.750000
v -1.000000 2.500000 -0.250000
v -1.625000 2.500000 -0.250000
vn 0 -1 0
f 3229//808 3230//808 3231//808 3232//808
v 1.000000 2.500000 -0.750000
v 1.625000 2.500000 -0.750000
v 1.625000 2.500000 -0.125000
v 1.000000 2.500000 -0.125000
vn 0 -1 0
f 3233//809 3234//809 3235//809 3236//809
v -2.125000 2.500000 -0.375000
v -2.000000 2.500000 -0.375000
v -2.000000 2.500000 0.375000
v -2.125000 2.500000 0.375000
vn 0 -1 0
f 3237//810 3238//810 3239//810 3240//810
v -2.000000 2.500000 -0.375000
v -1.625000 2.500000 -0.375000
v -1.625000 2.500000 -0.250000
v -2.000000 2.500000 -0.250000
vn 0 -1 0
f 3241//811 3242//811 3243//811 3244//811
v -1.375000 2.500000 -0.250000
v -1.250000 2.500000 -0.250000
v -1.250000 2.500000 0.375000
v -1.375000 2.500000 0.375000
vn 0 -1 0
f 3245//812 3246//812 3247//812 3248//812
v -1.250000 2.500000 -0.250000
v -1.000000 2.500000 -0.250000
v -1.000000 2.500000 -0.125000
v -1.250000 2.500000 -0.125000
vn 0 -1 0
f 3249//813 3250//813 3251//813 3252//813
v -0.875000 2.500000 -0.125000
v -0.625000 2.500000 -0.125000
v -0.625000 2.500000 0.500000
v -0.875000 2.500000 0.500000
vn 0 -1 0
f 3253//814 3254//814 3255//814 3256//814
v -0.625000 2.500000 0.000000
v -0.250000 2.500000 0.000000
v -0.250000 2.500000 0.500000
v -0.625000 2.500000 0.500000
vn 0 -1 0
f 3257//815 3258//815 3259//815 3260//815
v 0.250000 2.500000 0.125000
v 0.875000 2.500000 0.125000
v 0.875000 2.500000 0.750000
v 0.250000 2.500000 0.750000
vn 0 -1 0
f 3261//816 3262//816 3263//816 3264//816
v -1.750000 2.625000 -0.875000
v -1.625000 2.625000 -0.875000
v -1.625000 2.625000 -0.375000
v -1.750000 2.625000 -0.375000
vn 0 -1 0
f 3265//817 3266//817 3267//817 3268//817
v -1.625000 2.625000 -0.875000
v -0.875000 2.625000 -0.875000
v -0.875000 2.625000 -0.750000
v -1.625000 2.625000 -0.750000
vn 0 -1 0
f 3269//818 3270//818 3271//818 3272//818
v 0.875000 2.625000 -0.875000
v 1.000000 2.625000 -0.875000
v 1.000000 2.625000 0.875000
v 0.875000 2.625000 0.875000
vn 0 -1 0
f 3273//819 3274//819 3275//819 3276//819
v 1.000000 2.625000 -0.875000
v 1.750000 2.625000 -0.875000
v 1.750000 2.625000 -0.750000
v 1.000000 2.625000 -0.750000
vn 0 -1 0
f 3277//820 3278//820 3279//820 3280//820
v -1.000000 2.625000 -0.750000
v -0.875000 2.625000 -0.750000
v -0.875000 2.625000 0.500000
v -1.000000 2.625000 0.500000
vn 0 -1 0
f 3281//821 3282//821 3283//821 3284//821
v 1.625000 2.625000 -0.750000
v 1.750000 2.625000 -0.750000
v 1.750000 2.625000 0.000000
v 1.625000 2.625000 0.000000
vn 0 -1 0
f 3285//822 3286//822 3287//822 3288//822
v -1.250000 2.625000 -0.125000
v -1.000000 2.625000 -0.125000
v -1.000000 2.625000 0.000000
v -1.250000 2.625000 0.000000
vn 0 -1 0
f 3289//823 3290//823 3291//823 3292//823
v -0.250000 2.625000 -0.125000
v -0.125000 2.625000 -0.125000
v -0.125000 2.625000 0.500000
v -0.250000 2.625000 0.500000
vn 0 -1 0
f 3293//824 3294//824 3295//824 3296//824
v 1.000000 2.625000 -0.125000
v 1.625000 2.625000 -0.125000
v 1.625000 2.625000 0.000000
v 1.000000 2.625000 0.000000
vn 0 -1 0
f 3297//825 3298//825 3299//825 3300//825
v 0.375000 2.625000 0.000000
v 0.875000 2.625000 0.000000
v 0.875000 2.625000 0.125000
v 0.375000 2.625000 0.125000
vn 0 -1 0
f 3301//826 3302//826 3303//826 3304//826
v 0.125000 2.625000 0.625000
v 0.250000 2.625000 0.625000
v 0.250000 2.625000 0.875000
v 0.125000 2.625000 0.875000
vn 0 -1 0
f 3305//827 3306//827 3307//827 3308//827
v 0.250000 2.625000 0.750000
v 0.875000 2.625000 0.750000
v 0.875000 2.625000 0.875000
v 0.250000 2.625000 0.875000
vn 0 -1 0
f 3309//828 3310//828 3311//828 3312//828
v 0.625000 2.875000 -0.250000
v 0.750000 2.875000 -0.250000
v 0.750000 2.875000 -0.125000
v 0.625000 2.875000 -0.125000
vn 0 -1 0
f 3313//829 3314//829 3315//829 3316//829
v -1.375000 2.875000 0.125000
v -1.125000 2.875000 0.125000
v -1.125000 2.875000 0.750000
v -1.375000 2.875000 0.750000
vn 0 -1 0
f 3317//830 3318//830 3319//830 3320//830
v 1.125000 2.875000 0.125000
v 1.625000 2.875000 0.125000
v 1.625000 2.875000 0.750000
v 1.125000 2.875000 0.750000
vn 0 -1 0
f 3321//831 3322//831 3323//831 3324//831
v -1.125000 2.875000 0.625000
v -0.750000 2.875000 0.625000
v -0.750000 2.875000 0.750000
v -1.125000 2.875000 0.750000
vn 0 -1 0
f 3325//832 3326//832 3327//832 3328//832
v 1.000000 2.875000 0.625000
v 1.125000 2.875000 0.625000
v 1.125000 2.875000 0.750000
v 1.000000 2.875000 0.750000
vn 0 -1 0
f 3329//833 3330//833 3331//833 3332//833
v 0.500000 3.000000 -0.375000
v 0.625000 3.000000 -0.375000
v 0.625000 3.000000 -0.125000
v 0.500000 3.000000 -0.125000
vn 0 -1 0
f 3333//834 3334//834 3335//834 3336//834
v 0.625000 3.000000 -0.375000
v 0.750000 3.000000 -0.375000
v 0.750000 3.000000 -0.250000
v 0.625000 3.000000 -0.250000
vn 0 -1 0
f 3337//835 3338//835 3339//835 3340//835
v -2.250000 3.000000 0.000000
v -2.125000 3.000000 0.000000
v -2.125000 3.000000 0.625000
v -2.250000 3.000000 0.625000
vn 0 -1 0
f 3341//836 3342//836 3343//836 3344//836
v 0.500000 3.000000 0.000000
v 0.625000 3.000000 0.000000
v 0.625000 3.000000 0.125000
v 0.500000 3.000000 0.125000
vn 0 -1 0
f 3345//837 3346//837 3347//837 3348//837
v 1.625000 3.000000 0.125000
v 1.750000 3.000000 0.125000
v 1.750000 3.000000 0.875000
v 1.625000 3.000000 0.875000
vn 0 -1 0
f 3349//838 3350//838 3351//838 3352//838
v -2.125000 3.000000 0.375000
v -1.625000 3.000000 0.375000
v -1.625000 3.000000 0.625000
v -2.125000 3.000000 0.625000
vn 0 -1 0
f 3353//839 3354//839 3355//839 3356//839
v -1.500000 3.000000 0.375000
v -1.375000 3.000000 0.375000
v -1.375000 3.000000 0.875000
v -1.500000 3.000000 0.875000
vn 0 -1 0
f 3357//840 3358//840 3359//840 3360//840
v -0.750000 3.000000 0.625000
v -0.625000 3.000000 0.625000
v -0.625000 3.000000 0.875000
v -0.750000 3.000000 0.875000
vn 0 -1 0
f 3361//841 3362//841 3363//841 3364//841
v 0.875000 3.000000 0.625000
v 1.000000 3.000000 0.625000
v 1.000000 3.000000 0.875000
v 0.875000 3.000000 0.875000
vn 0 -1 0
f 3365//842 3366//842 3367//842 3368//842
v -1.375000 3.000000 0.750000
v -0.750000 3.000000 0.750000
v -0.750000 3.000000 0.875000
v -1.375000 3.000000 0.875000
vn 0 -1 0
f 3369//843 3370//843 3371//843 3372//843
v 1.000000 3.000000 0.750000
v 1.625000 3.000000 0.750000
v 1.625000 3.000000 0.875000
v 1.000000 3.000000 0.875000
vn 0 -1 0
f 3373//844 3374//844 3375//844 3376//844
v -0.375000 3.000000 1.000000
v 0.250000 3.000000 1.000000
v 0.250000 3.000000 1.125000
v -0.375000 3.000000 1.125000
vn 0 -1 0
f 3377//845 3378//845 3379//845 3380//845
v -0.625000 3.125000 -0.875000
v -0.375000 3.125000 -0.875000
v -0.375000 3.125000 -0.375000
v -0.625000 3.125000 -0.375000
vn 0 -1 0
f 3381//846 3382//846 3383//846 3384//846
v -0.375000 3.125000 -0.875000
v -0.250000 3.125000 -0.875000
v -0.250000 3.125000 -0.625000
v -0.375000 3.125000 -0.625000
vn 0 -1 0
f 3385//847 3386//847 3387//847 3388//847
v -2.375000 3.125000 -0.125000
v -2.250000 3.125000 -0.125000
v -2.250000 3.125000 0.750000
v -2.375000 3.125000 0.750000
vn 0 -1 0
f 3389//848 3390//848 3391//848 3392//848
v -2.250000 3.125000 -0.125000
v -2.000000 3.125000 -0.125000
v -2.000000 3.125000 0.000000
v -2.250000 3.125000 0.000000
vn 0 -1 0
f 3393//849 3394//849 3395//849 3396//849
v -1.750000 3.125000 -0.125000
v -1.500000 3.125000 -0.125000
v -1.500000 3.125000 0.000000
v -1.750000 3.125000 0.000000
vn 0 -1 0
f 3397//850 3398//850 3399//850 3400//850
v -1.625000 3.125000 0.375000
v -1.500000 3.125000 0.375000
v -1.500000 3.125000 0.750000
v -1.625000 3.125000 0.750000
vn 0 -1 0
f 3401//851 3402//851 3403//851 3404//851
v 0.000000 3.125000 0.375000
v 0.125000 3.125000 0.375000
v 0.125000 3.125000 0.500000
v 0.000000 3.125000 0.500000
vn 0 -1 0
f 3405//852 3406//852 3407//852 3408//852
v -0.500000 3.125000 0.500000
v -0.375000 3.125000 0.500000
v -0.375000 3.125000 1.250000
v -0.500000 3.125000 1.250000
vn 0 -1 0
f 3409//853 3410//853 3411//853 3412//853
v -2.250000 3.125000 0.625000
v -1.625000 3.125000 0.625000
v -1.625000 3.125000 0.750000
v -2.250000 3.125000 0.750000
vn 0 -1 0
f 3413//854 3414//854 3415//854 3416//854
v 0.250000 3.125000 1.000000
v 0.375000 3.125000 1.000000
v 0.375000 3.125000 1.250000
v 0.250000 3.125000 1.250000
vn 0 -1 0
f 3417//855 3418//855 3419//855 3420//855
v -0.375000 3.125000 1.125000
v 0.250000 3.125000 1.125000
v 0.250000 3.125000 1.250000
v -0.375000 3.125000 1.250000
vn 0 -1 0
f 3421//856 3422//856 3423//856 3424//856
v -1.000000 3.250000 -1.000000
v -0.125000 3.250000 -1.000000
v -0.125000 3.250000 -0.875000
v -1.000000 3.250000 -0.875000
vn 0 -1 0
f 3425//857 3426//857 3427//857 3428//857
v -0.250000 3.250000 -0.875000
v -0.125000 3.250000 -0.875000
v -0.125000 3.250000 -0.250000
v -0.250000 3.250000 -0.250000
vn 0 -1 0
f 3429//858 3430//858 3431//858 3432//858
v -1.000000 3.250000 -0.250000
v -0.875000 3.250000 -0.250000
v -0.875000 3.250000 -0.125000
v -1.000000 3.250000 -0.125000
vn 0 -1 0
f 3433//859 3434//859 3435//859 3436//859
v 0.125000 3.250000 0.000000
v 0.375000 3.250000 0.000000
v 0.375000 3.250000 0.250000
v 0.125000 3.250000 0.250000
vn 0 -1 0
f 3437//860 3438//860 3439//860 3440//860
v -0.750000 3.250000 0.625000
v -0.500000 3.250000 0.625000
v -0.500000 3.250000 1.250000
v -0.750000 3.250000 1.250000
vn 0 -1 0
f 3441//861 3442//861 3443//861 3444//861
v -0.375000 3.250000 0.625000
v -0.250000 3.250000 0.625000
v -0.250000 3.250000 1.000000
v -0.375000 3.250000 1.000000
vn 0 -1 0
f 3445//862 3446//862 3447//862 3448//862
v -0.875000 3.250000 0.875000
v -0.750000 3.250000 0.875000
v -0.750000 3.250000 1.250000
v -0.875000 3.250000 1.250000
vn 0 -1 0
f 3449//863 3450//863 3451//863 3452//863
v -1.750000 3.375000 -0.625000
v -1.375000 3.375000 -0.625000
v -1.375000 3.375000 -0.250000
v -1.750000 3.375000 -0.250000
vn 0 -1 0
f 3453//864 3454//864 3455//864 3456//864
v 1.500000 3.375000 -0.500000
v 1.875000 3.375000 -0.500000
v 1.875000 3.375000 -0.125000
v 1.500000 3.375000 -0.125000
vn 0 -1 0
f 3457//865 3458//865 3459//865 3460//865
v -1.375000 3.375000 -0.250000
v -1.125000 3.375000 -0.250000
v -1.125000 3.375000 0.000000
v -1.375000 3.375000 0.000000
vn 0 -1 0
f 3461//866 3462//866 3463//866 3464//866
v 0.000000 3.375000 -0.125000
v 0.125000 3.375000 -0.125000
v 0.125000 3.375000 0.375000
v 0.000000 3.375000 0.375000
vn 0 -1 0
f 3465//867 3466//867 3467//867 3468//867
v 0.125000 3.375000 -0.125000
v 0.375000 3.375000 -0.125000
v 0.375000 3.375000 0.000000
v 0.125000 3.375000 0.000000
vn 0 -1 0
f 3469//868 3470//868 3471//868 3472//868
v 0.750000 3.375000 0.500000
v 0.875000 3.375000 0.500000
v 0.875000 3.375000 0.625000
v 0.750000 3.375000 0.625000
vn 0 -1 0
f 3473//869 3474//869 3475//869 3476//869
v -1.000000 3.375000 1.000000
v -0.875000 3.375000 1.000000
v -0.875000 3.375000 1.250000
v -1.000000 3.375000 1.250000
vn 0 -1 0
f 3477//870 3478//870 3479//870 3480//870
v 0.000000 3.500000 -1.000000
v 0.500000 3.500000 -1.000000
v 0.500000 3.500000 -0.375000
v 0.000000 3.500000 -0.375000
vn 0 -1 0
f 3481//871 3482//871 3483//871 3484//871
v -1.875000 3.500000 -0.750000
v -1.750000 3.500000 -0.750000
v -1.750000 3.500000 -0.250000
v -1.875000 3.500000 -0.250000
vn 0 -1 0
f 3485//872 3486//872 3487//872 3488//872
v -1.750000 3.500000 -0.750000
v -1.250000 3.500000 -0.750000
v -1.250000 3.500000 -0.625000
v -1.750000 3.500000 -0.625000
vn 0 -1 0
f 3489//873 3490//873 3491//873 3492//873
v 1.125000 3.500000 -0.625000
v 2.000000 3.500000 -0.625000
v 2.000000 3.500000 -0.500000
v 1.125000 3.500000 -0.500000
vn 0 -1 0
f 3493//874 3494//874 3495//874 3496//874
v 1.875000 3.500000 -0.500000
v 2.000000 3.500000 -0.500000
v 2.000000 3.500000 0.000000
v 1.875000 3.500000 0.000000
vn 0 -1 0
f 3497//875 3498//875 3499//875 3500//875
v -1.125000 3.500000 -0.375000
v -0.750000 3.500000 -0.375000
v -0.750000 3.500000 0.125000
v -1.125000 3.500000 0.125000
vn 0 -1 0
f 3501//876 3502//876 3503//876 3504//876
v -1.250000 3.500000 0.000000
v -1.125000 3.500000 0.000000
v -1.125000 3.500000 0.125000
v -1.250000 3.500000 0.125000
vn 0 -1 0
f 3505//877 3506//877 3507//877 3508//877
v -0.250000 3.500000 0.375000
v 0.000000 3.500000 0.375000
v 0.000000 3.500000 0.500000
v -0.250000 3.500000 0.500000
vn 0 -1 0
f 3509//878 3510//878 3511//878 3512//878
v 0.125000 3.625000 -1.125000
v 0.625000 3.625000 -1.125000
v 0.625000 3.625000 -1.000000
v 0.125000 3.625000 -1.000000
vn 0 -1 0
f 3513//879 3514//879 3515//879 3516//879
v 0.500000 3.625000 -1.000000
v 0.625000 3.625000 -1.000000
v 0.625000 3.625000 -0.250000
v 0.500000 3.625000 -0.250000
vn 0 -1 0
f 3517//880 3518//880 3519//880 3520//880
v -1.000000 3.625000 -0.500000
v -0.750000 3.625000 -0.500000
v -0.750000 3.625000 -0.375000
v -1.000000 3.625000 -0.375000
vn 0 -1 0
f 3521//881 3522//881 3523//881 3524//881
v 0.125000 3.625000 -0.375000
v 0.500000 3.625000 -0.375000
v 0.500000 3.625000 -0.250000
v 0.125000 3.625000 -0.250000
vn 0 -1 0
f 3525//882 3526//882 3527//882 3528//882
v -0.375000 3.625000 -0.250000
v -0.250000 3.625000 -0.250000
v -0.250000 3.625000 0.375000
v -0.375000 3.625000 0.375000
vn 0 -1 0
f 3529//883 3530//883 3531//883 3532//883
v -1.125000 3.625000 0.125000
v -1.000000 3.625000 0.125000
v -1.000000 3.625000 0.250000
v -1.125000 3.625000 0.250000
vn 0 -1 0
f 3533//884 3534//884 3535//884 3536//884
v -0.750000 3.625000 0.250000
v -0.375000 3.625000 0.250000
v -0.375000 3.625000 0.375000
v -0.750000 3.625000 0.375000
vn 0 -1 0
f 3537//885 3538//885 3539//885 3540//885
v -0.250000 3.625000 0.250000
v -0.125000 3.625000 0.250000
v -0.125000 3.625000 0.375000
v -0.250000 3.625000 0.375000
vn 0 -1 0
f 3541//886 3542//886 3543//886 3544//886
v 0.375000 3.625000 0.750000
v 0.500000 3.625000 0.750000
v 0.500000 3.625000 1.125000
v 0.375000 3.625000 1.125000
vn 0 -1 0
f 3545//887 3546//887 3547//887 3548//887
v 0.250000 3.625000 1.000000
v 0.375000 3.625000 1.000000
v 0.375000 3.625000 1.125000
v 0.250000 3.625000 1.125000
vn 0 -1 0
f 3549//888 3550//888 3551//888 3552//888
v -0.875000 3.750000 -0.750000
v -0.750000 3.750000 -0.750000
v -0.750000 3.750000 -0.500000
v -0.875000 3.750000 -0.500000
vn 0 -1 0
f 3553//889 3554//889 3555//889 3556//889
v 0.625000 3.750000 -0.625000
v 1.000000 3.750000 -0.625000
v 1.000000 3.750000 -0.250000
v 0.625000 3.750000 -0.250000
vn 0 -1 0
f 3557//890 3558//890 3559//890 3560//890
v -0.250000 3.750000 -0.250000
v -0.125000 3.750000 -0.250000
v -0.125000 3.750000 0.000000
v -0.250000 3.750000 0.000000
vn 0 -1 0
f 3561//891 3562//891 3563//891 3564//891
v -1.500000 3.875000 -0.875000
v -1.375000 3.875000 -0.875000
v -1.375000 3.875000 -0.625000
v -1.500000 3.875000 -0.625000
vn 0 -1 0
f 3565//892 3566//892 3567//892 3568//892
v -1.375000 3.875000 -0.875000
v -0.625000 3.875000 -0.875000
v -0.625000 3.875000 -0.750000
v -1.375000 3.875000 -0.750000
vn 0 -1 0
f 3569//893 3570//893 3571//893 3572//893
v -0.750000 3.875000 -0.750000
v -0.625000 3.875000 -0.750000
v -0.625000 3.875000 -0.500000
v -0.750000 3.875000 -0.500000
vn 0 -1 0
f 3573//894 3574//894 3575//894 3576//894
v 0.750000 3.875000 -0.750000
v 1.250000 3.875000 -0.750000
v 1.250000 3.875000 -0.625000
v 0.750000 3.875000 -0.625000
vn 0 -1 0
f 3577//895 3578//895 3579//895 3580//895
v 1.125000 3.875000 -0.625000
v 1.250000 3.875000 -0.625000
v 1.250000 3.875000 -0.500000
v 1.125000 3.875000 -0.500000
vn 0 -1 0
f 3581//896 3582//896 3583//896 3584//896
v -0.125000 4.000000 -0.500000
v 0.000000 4.000000 -0.500000
v 0.000000 4.000000 -0.250000
v -0.125000 4.000000 -0.250000
vn 0 -1 0
f 3585//897 3586//897 3587//897 3588//897
v -0.125000 4.000000 0.000000
v 0.000000 4.000000 0.000000
v 0.000000 4.000000 0.125000
v -0.125000 4.000000 0.125000
vn 0 -1 0
f 3589//898 3590//898 3591//898 3592//898
v -0.250000 3.625000 -1.125000
v -0.250000 3.750000 -1.125000
v 0.625000 3.750000 -1.125000
v 0.625000 3.625000 -1.125000
vn 0 0 -1
f 3593//899 3594//899 3595//899 3596//899
v -1.000000 3.250000 -1.000000
v -1.000000 3.375000 -1.000000
v -0.125000 3.375000 -1.000000
v -0.125000 3.250000 -1.000000
vn 0 0 -1
f 3597//900 3598//900 3599//900 3600//900
v 0.125000 3.500000 -1.000000
v 0.125000 3.625000 -1.000000
v 0.500000 3.625000 -1.000000
v 0.500000 3.500000 -1.000000
vn 0 0 -1
f 3601//901 3602//901 3603//901 3604//901
v -1.750000 2.625000 -0.875000
v -1.750000 2.750000 -0.875000
v -0.875000 2.750000 -0.875000
v -0.875000 2.625000 -0.875000
vn 0 0 -1
f 3605//902 3606//902 3607//902 3608//902
v -1.500000 3.875000 -0.875000
v -1.500000 4.000000 -0.875000
v -0.625000 4.000000 -0.875000
v -0.625000 3.875000 -0.875000
vn 0 0 -1
f 3609//903 3610//903 3611//903 3612//903
v -0.875000 3.125000 -0.875000
v -0.875000 3.250000 -0.875000
v -0.250000 3.250000 -0.875000
v -0.250000 3.125000 -0.875000
vn 0 0 -1
f 3613//904 3614//904 3615//904 3616//904
v 0.875000 2.625000 -0.875000
v 0.875000 2.750000 -0.875000
v 1.750000 2.750000 -0.875000
v 1.750000 2.625000 -0.875000
vn 0 0 -1
f 3617//905 3618//905 3619//905 3620//905
v -1.875000 3.500000 -0.750000
v -1.875000 3.625000 -0.750000
v -1.000000 3.625000 -0.750000
v -1.000000 3.500000 -0.750000
vn 0 0 -1
f 3621//906 3622//906 3623//906 3624//906
v -1.625000 2.500000 -0.750000
v -1.625000 2.625000 -0.750000
v -1.000000 2.625000 -0.750000
v -1.000000 2.500000 -0.750000
vn 0 0 -1
f 3625//907 3626//907 3627//907 3628//907
v -1.375000 3.750000 -0.750000
v -1.375000 3.875000 -0.750000
v -0.750000 3.875000 -0.750000
v -0.750000 3.750000 -0.750000
vn 0 0 -1
f 3629//908 3630//908 3631//908 3632//908
v 0.875000 3.875000 -0.750000
v 0.875000 4.000000 -0.750000
v 1.250000 4.000000 -0.750000
v 1.250000 3.875000 -0.750000
vn 0 0 -1
f 3633//909 3634//909 3635//909 3636//909
v 1.000000 2.500000 -0.750000
v 1.000000 2.625000 -0.750000
v 1.625000 2.625000 -0.750000
v 1.625000 2.500000 -0.750000
vn 0 0 -1
f 3637//910 3638//910 3639//910 3640//910
v -1.750000 3.375000 -0.625000
v -1.750000 3.500000 -0.625000
v -1.250000 3.500000 -0.625000
v -1.250000 3.375000 -0.625000
vn 0 0 -1
f 3641//911 3642//911 3643//911 3644//911
v 0.750000 3.750000 -0.625000
v 0.750000 3.875000 -0.625000
v 1.125000 3.875000 -0.625000
v 1.125000 3.750000 -0.625000
vn 0 0 -1
f 3645//912 3646//912 3647//912 3648//912
v 1.125000 3.500000 -0.625000
v 1.125000 3.625000 -0.625000
v 2.000000 3.625000 -0.625000
v 2.000000 3.500000 -0.625000
vn 0 0 -1
f 3649//913 3650//913 3651//913 3652//913
v -0.875000 3.625000 -0.500000
v -0.875000 3.750000 -0.500000
v -0.750000 3.750000 -0.500000
v -0.750000 3.625000 -0.500000
vn 0 0 -1
f 3653//914 3654//914 3655//914 3656//914
v -0.125000 4.000000 -0.500000
v -0.125000 4.125000 -0.500000
v 0.000000 4.125000 -0.500000
v 0.000000 4.000000 -0.500000
vn 0 0 -1
f 3657//915 3658//915 3659//915 3660//915
v 1.375000 3.375000 -0.500000
v 1.375000 3.500000 -0.500000
v 1.875000 3.500000 -0.500000
v 1.875000 3.375000 -0.500000
vn 0 0 -1
f 3661//916 3662//916 3663//916 3664//916
v -2.125000 2.500000 -0.375000
v -2.125000 2.625000 -0.375000
v -1.625000 2.625000 -0.375000
v -1.625000 2.500000 -0.375000
vn 0 0 -1
f 3665//917 3666//917 3667//917 3668//917
v -1.000000 3.500000 -0.375000
v -1.000000 3.625000 -0.375000
v -0.750000 3.625000 -0.375000
v -0.750000 3.500000 -0.375000
vn 0 0 -1
f 3669//918 3670//918 3671//918 3672//918
v 0.500000 3.000000 -0.375000
v 0.500000 3.125000 -0.375000
v 0.875000 3.125000 -0.375000
v 0.875000 3.000000 -0.375000
vn 0 0 -1
f 3673//919 3674//919 3675//919 3676//919
v -2.000000 2.375000 -0.250000
v -2.000000 2.500000 -0.250000
v -1.375000 2.500000 -0.250000
v -1.375000 2.375000 -0.250000
vn 0 0 -1
f 3677//920 3678//920 3679//920 3680//920
v -0.500000 2.625000 -0.250000
v -0.500000 2.750000 -0.250000
v -0.375000 2.750000 -0.250000
v -0.375000 2.625000 -0.250000
vn 0 0 -1
f 3681//921 3682//921 3683//921 3684//921
v -0.250000 3.750000 -0.250000
v -0.250000 4.000000 -0.250000
v 0.000000 4.000000 -0.250000
v 0.000000 3.750000 -0.250000
vn 0 0 -1
f 3685//922 3686//922 3687//922 3688//922
v 0.625000 2.875000 -0.250000
v 0.625000 3.000000 -0.250000
v 0.750000 3.000000 -0.250000
v 0.750000 2.875000 -0.250000
vn 0 0 -1
f 3689//923 3690//923 3691//923 3692//923
v -2.375000 3.125000 -0.125000
v -2.375000 3.250000 -0.125000
v -2.000000 3.250000 -0.125000
v -2.000000 3.125000 -0.125000
vn 0 0 -1
f 3693//924 3694//924 3695//924 3696//924
v 0.000000 3.375000 -0.125000
v 0.000000 3.500000 -0.125000
v 0.500000 3.500000 -0.125000
v 0.500000 3.375000 -0.125000
vn 0 0 -1
f 3697//925 3698//925 3699//925 3700//925
v -2.250000 3.000000 0.000000
v -2.250000 3.125000 0.000000
v -2.000000 3.125000 0.000000
v -2.000000 3.000000 0.000000
vn 0 0 -1
f 3701//926 3702//926 3703//926 3704//926
v -1.750000 3.000000 0.000000
v -1.750000 3.125000 0.000000
v -1.625000 3.125000 0.000000
v -1.625000 3.000000 0.000000
vn 0 0 -1
f 3705//927 3706//927 3707//927 3708//927
v -1.250000 3.000000 0.000000
v -1.250000 3.125000 0.000000
v -1.000000 3.125000 0.000000
v -1.000000 3.000000 0.000000
vn 0 0 -1
f 3709//928 3710//928 3711//928 3712//928
v 0.125000 2.625000 0.000000
v 0.125000 2.750000 0.000000
v 0.250000 2.750000 0.000000
v 0.250000 2.625000 0.000000
vn 0 0 -1
f 3713//929 3714//929 3715//929 3716//929
v 0.125000 3.250000 0.000000
v 0.125000 3.375000 0.000000
v 0.375000 3.375000 0.000000
v 0.375000 3.250000 0.000000
vn 0 0 -1
f 3717//930 3718//930 3719//930 3720//930
v 0.625000 2.625000 0.000000
v 0.625000 2.750000 0.000000
v 0.875000 2.750000 0.000000
v 0.875000 2.625000 0.000000
vn 0 0 -1
f 3721//931 3722//931 3723//931 3724//931
v 0.375000 2.500000 0.125000
v 0.375000 2.625000 0.125000
v 0.875000 2.625000 0.125000
v 0.875000 2.500000 0.125000
vn 0 0 -1
f 3725//932 3726//932 3727//932 3728//932
v 1.625000 3.000000 0.125000
v 1.625000 3.125000 0.125000
v 1.750000 3.125000 0.125000
v 1.750000 3.000000 0.125000
vn 0 0 -1
f 3729//933 3730//933 3731//933 3732//933
v -0.250000 3.625000 0.250000
v -0.250000 3.750000 0.250000
v -0.125000 3.750000 0.250000
v -0.125000 3.625000 0.250000
vn 0 0 -1
f 3733//934 3734//934 3735//934 3736//934
v -0.250000 3.500000 0.375000
v -0.250000 3.625000 0.375000
v -0.125000 3.625000 0.375000
v -0.125000 3.500000 0.375000
vn 0 0 -1
f 3737//935 3738//935 3739//935 3740//935
v 0.000000 3.125000 0.375000
v 0.000000 3.250000 0.375000
v 0.125000 3.250000 0.375000
v 0.125000 3.125000 0.375000
vn 0 0 -1
f 3741//936 3742//936 3743//936 3744//936
v -0.625000 3.375000 0.500000
v -0.625000 3.500000 0.500000
v -0.125000 3.500000 0.500000
v -0.125000 3.375000 0.500000
vn 0 0 -1
f 3745//937 3746//937 3747//937 3748//937
v 0.000000 3.000000 0.500000
v 0.000000 3.125000 0.500000
v 0.125000 3.125000 0.500000
v 0.125000 3.000000 0.500000
vn 0 0 -1
f 3749//938 3750//938 3751//938 3752//938
v -0.375000 3.000000 1.000000
v -0.375000 3.250000 1.000000
v 0.000000 3.250000 1.000000
v 0.000000 3.000000 1.000000
vn 0 0 -1
f 3753//939 3754//939 3755//939 3756//939
v -0.125000 3.875000 -0.625000
v -0.125000 4.000000 -0.625000
v -0.250000 4.000000 -0.625000
v -0.250000 3.875000 -0.625000
vn 0 0 1
f 3757//940 3758//940 3759//940 3760//940
v 0.500000 3.500000 -0.375000
v 0.500000 3.625000 -0.375000
v 0.125000 3.625000 -0.375000
v 0.125000 3.500000 -0.375000
vn 0 0 1
f 3761//941 3762//941 3763//941 3764//941
v -0.125000 3.625000 -0.250000
v -0.125000 3.750000 -0.250000
v -0.250000 3.750000 -0.250000
v -0.250000 3.625000 -0.250000
vn 0 0 1
f 3765//942 3766//942 3767//942 3768//942
v -1.000000 2.500000 -0.125000
v -1.000000 2.625000 -0.125000
v -1.250000 2.625000 -0.125000
v -1.250000 2.500000 -0.125000
vn 0 0 1
f 3769//943 3770//943 3771//943 3772//943
v -0.875000 3.250000 -0.125000
v -0.875000 3.375000 -0.125000
v -1.000000 3.375000 -0.125000
v -1.000000 3.250000 -0.125000
vn 0 0 1
f 3773//944 3774//944 3775//944 3776//944
v -0.125000 3.250000 -0.125000
v -0.125000 3.375000 -0.125000
v -0.250000 3.375000 -0.125000
v -0.250000 3.250000 -0.125000
vn 0 0 1
f 3777//945 3778//945 3779//945 3780//945
v 1.625000 2.500000 -0.125000
v 1.625000 2.625000 -0.125000
v 1.000000 2.625000 -0.125000
v 1.000000 2.500000 -0.125000
vn 0 0 1
f 3781//946 3782//946 3783//946 3784//946
v -1.000000 2.625000 0.000000
v -1.000000 2.750000 0.000000
v -1.250000 2.750000 0.000000
v -1.250000 2.625000 0.000000
vn 0 0 1
f 3785//947 3786//947 3787//947 3788//947
v -1.125000 3.375000 0.000000
v -1.125000 3.500000 0.000000
v -1.250000 3.500000 0.000000
v -1.250000 3.375000 0.000000
vn 0 0 1
f 3789//948 3790//948 3791//948 3792//948
v 0.000000 3.750000 0.000000
v 0.000000 4.000000 0.000000
v -0.125000 4.000000 0.000000
v -0.125000 3.750000 0.000000
vn 0 0 1
f 3793//949 3794//949 3795//949 3796//949
v 1.750000 2.625000 0.000000
v 1.750000 2.750000 0.000000
v 1.000000 2.750000 0.000000
v 1.000000 2.625000 0.000000
vn 0 0 1
f 3797//950 3798//950 3799//950 3800//950
v -1.000000 3.500000 0.125000
v -1.000000 3.625000 0.125000
v -1.250000 3.625000 0.125000
v -1.250000 3.500000 0.125000
vn 0 0 1
f 3801//951 3802//951 3803//951 3804//951
v 1.125000 3.875000 0.125000
v 1.125000 4.000000 0.125000
v 0.875000 4.000000 0.125000
v 0.875000 3.875000 0.125000
vn 0 0 1
f 3805//952 3806//952 3807//952 3808//952
v -0.375000 3.500000 0.250000
v -0.375000 3.625000 0.250000
v -0.750000 3.625000 0.250000
v -0.750000 3.500000 0.250000
vn 0 0 1
f 3809//953 3810//953 3811//953 3812//953
v 2.000000 3.500000 0.250000
v 2.000000 3.625000 0.250000
v 1.875000 3.625000 0.250000
v 1.875000 3.500000 0.250000
vn 0 0 1
f 3813//954 3814//954 3815//954 3816//954
v -1.250000 2.500000 0.375000
v -1.250000 2.625000 0.375000
v -2.125000 2.625000 0.375000
v -2.125000 2.500000 0.375000
vn 0 0 1
f 3817//955 3818//955 3819//955 3820//955
v -1.375000 2.375000 0.375000
v -1.375000 2.500000 0.375000
v -2.000000 2.500000 0.375000
v -2.000000 2.375000 0.375000
vn 0 0 1
f 3821//956 3822//956 3823//956 3824//956
v -0.125000 2.625000 0.500000
v -0.125000 2.750000 0.500000
v -1.000000 2.750000 0.500000
v -1.000000 2.625000 0.500000
vn 0 0 1
f 3825//957 3826//957 3827//957 3828//957
v -0.250000 2.500000 0.500000
v -0.250000 2.625000 0.500000
v -0.875000 2.625000 0.500000
v -0.875000 2.500000 0.500000
vn 0 0 1
f 3829//958 3830//958 3831//958 3832//958
v -1.625000 3.000000 0.625000
v -1.625000 3.125000 0.625000
v -2.250000 3.125000 0.625000
v -2.250000 3.000000 0.625000
vn 0 0 1
f 3833//959 3834//959 3835//959 3836//959
v 0.875000 3.375000 0.625000
v 0.875000 3.500000 0.625000
v 0.625000 3.500000 0.625000
v 0.625000 3.375000 0.625000
vn 0 0 1
f 3837//960 3838//960 3839//960 3840//960
v -1.625000 3.125000 0.750000
v -1.625000 3.250000 0.750000
v -2.375000 3.250000 0.750000
v -2.375000 3.125000 0.750000
vn 0 0 1
f 3841//961 3842//961 3843//961 3844//961
v -0.750000 2.875000 0.750000
v -0.750000 3.000000 0.750000
v -1.375000 3.000000 0.750000
v -1.375000 2.875000 0.750000
vn 0 0 1
f 3845//962 3846//962 3847//962 3848//962
v 0.875000 2.500000 0.750000
v 0.875000 2.625000 0.750000
v 0.250000 2.625000 0.750000
v 0.250000 2.500000 0.750000
vn 0 0 1
f 3849//963 3850//963 3851//963 3852//963
v 1.625000 2.875000 0.750000
v 1.625000 3.000000 0.750000
v 1.000000 3.000000 0.750000
v 1.000000 2.875000 0.750000
vn 0 0 1
f 3853//964 3854//964 3855//964 3856//964
v -0.625000 3.000000 0.875000
v -0.625000 3.125000 0.875000
v -1.500000 3.125000 0.875000
v -1.500000 3.000000 0.875000
vn 0 0 1
f 3857//965 3858//965 3859//965 3860//965
v 1.000000 2.625000 0.875000
v 1.000000 2.750000 0.875000
v 0.125000 2.750000 0.875000
v 0.125000 2.625000 0.875000
vn 0 0 1
f 3861//966 3862//966 3863//966 3864//966
v 1.750000 3.000000 0.875000
v 1.750000 3.125000 0.875000
v 0.875000 3.125000 0.875000
v 0.875000 3.000000 0.875000
vn 0 0 1
f 3865//967 3866//967 3867//967 3868//967
v 0.000000 3.500000 1.000000
v 0.000000 3.625000 1.000000
v -0.125000 3.625000 1.000000
v -0.125000 3.500000 1.000000
vn 0 0 1
f 3869//968 3870//968 3871//968 3872//968
v 0.375000 3.500000 1.000000
v 0.375000 3.625000 1.000000
v 0.250000 3.625000 1.000000
v 0.250000 3.500000 1.000000
vn 0 0 1
f 3873//969 3874//969 3875//969 3876//969
v 0.250000 3.000000 1.125000
v 0.250000 3.125000 1.125000
v -0.375000 3.125000 1.125000
v -0.375000 3.000000 1.125000
vn 0 0 1
f 3877//970 3878//970 3879//970 3880//970
v 0.500000 3.625000 1.125000
v 0.500000 3.750000 1.125000
v 0.250000 3.750000 1.125000
v 0.250000 3.625000 1.125000
vn 0 0 1
f 3881//971 3882//971 3883//971 3884//971
v -0.625000 3.375000 1.250000
v -0.625000 3.500000 1.250000
v -1.000000 3.500000 1.250000
v -1.000000 3.375000 1.250000
vn 0 0 1
f 3885//972 3886//972 3887//972 3888//972
v -0.250000 3.250000 1.250000
v -0.250000 3.375000 1.250000
v -0.875000 3.375000 1.250000
v -0.875000 3.250000 1.250000
vn 0 0 1
f 3889//973 3890//973 3891//973 3892//973
v 0.375000 3.125000 1.250000
v 0.375000 3.250000 1.250000
v -0.500000 3.250000 1.250000
v -0.500000 3.125000 1.250000
vn 0 0 1
f 3893//974 3894//974 3895//974 3896//974
v -1.375000 2.625000 0.375000
v -1.250000 2.625000 0.375000
v -1.250000 2.625000 0.125000
v -1.375000 2.625000 0.125000
vn 0 1 0
f 3897//975 3898//975 3899//975 3900//975
v -1.750000 2.750000 0.000000
v -1.500000 2.750000 0.000000
v -1.500000 2.750000 -0.375000
v -1.750000 2.750000 -0.375000
vn 0 1 0
f 3901//976 3902//976 3903//976 3904//976
v 1.625000 2.750000 0.000000
v 1.750000 2.750000 0.000000
v 1.750000 2.750000 -0.250000
v 1.625000 2.750000 -0.250000
vn 0 1 0
f 3905//977 3906//977 3907//977 3908//977
v -0.375000 2.750000 0.500000
v -0.125000 2.750000 0.500000
v -0.125000 2.750000 -0.125000
v -0.375000 2.750000 -0.125000
vn 0 1 0
f 3909//978 3910//978 3911//978 3912//978
v 0.875000 2.750000 0.875000
v 1.000000 2.750000 0.875000
v 1.000000 2.750000 0.625000
v 0.875000 2.750000 0.625000
vn 0 1 0
f 3913//979 3914//979 3915//979 3916//979
v 0.875000 3.125000 0.875000
v 1.125000 3.125000 0.875000
v 1.125000 3.125000 0.500000
v 0.875000 3.125000 0.500000
vn 0 1 0
f 3917//980 3918//980 3919//980 3920//980
v -0.750000 3.125000 0.875000
v -0.625000 3.125000 0.875000
v -0.625000 3.125000 0.625000
v -0.750000 3.125000 0.625000
vn 0 1 0
f 3921//981 3922//981 3923//981 3924//981
v -2.375000 3.250000 0.750000
v -2.125000 3.250000 0.750000
v -2.125000 3.250000 0.375000
v -2.375000 3.250000 0.375000
vn 0 1 0
f 3925//982 3926//982 3927//982 3928//982
v 0.250000 3.250000 1.250000
v 0.375000 3.250000 1.250000
v 0.375000 3.250000 1.000000
v 0.250000 3.250000 1.000000
vn 0 1 0
f 3929//983 3930//983 3931//983 3932//983
v -1.000000 3.375000 -0.125000
v -0.750000 3.375000 -0.125000
v -0.750000 3.375000 -0.500000
v -1.000000 3.375000 -0.500000
vn 0 1 0
f 3933//984 3934//984 3935//984 3936//984
v 0.750000 3.500000 0.625000
v 0.875000 3.500000 0.625000
v 0.875000 3.500000 0.375000
v 0.750000 3.500000 0.375000
vn 0 1 0
f 3937//985 3938//985 3939//985 3940//985
v -0.250000 3.500000 1.250000
v -0.125000 3.500000 1.250000
v -0.125000 3.500000 1.000000
v -0.250000 3.500000 1.000000
vn 0 1 0
f 3941//986 3942//986 3943//986 3944//986
v 1.875000 3.625000 0.250000
v 2.000000 3.625000 0.250000
v 2.000000 3.625000 0.000000
v 1.875000 3.625000 0.000000
vn 0 1 0
f 3945//987 3946//987 3947//987 3948//987
v -0.250000 3.750000 -0.250000
v 0.000000 3.750000 -0.250000
v 0.000000 3.750000 -0.625000
v -0.250000 3.750000 -0.625000
vn 0 1 0
f 3949//988 3950//988 3951//988 3952//988
v -1.500000 4.000000 0.000000
v -1.250000 4.000000 0.000000
v -1.250000 4.000000 -0.375000
v -1.500000 4.000000 -0.375000
vn 0 1 0
f 3953//989 3954//989 3955//989 3956//989
v 0.625000 4.125000 0.375000
v 0.750000 4.125000 0.375000
v 0.750000 4.125000 0.125000
v 0.625000 4.125000 0.125000
vn 0 1 0
f 3957//990 3958//990 3959//990 3960//990
v -1.625000 3.000000 0.375000
v -1.625000 3.125000 0.375000
v -1.625000 3.125000 0.625000
v -1.625000 3.000000 0.625000
vn 1 0 0
f 3961//991 3962//991 3963//991 3964//991
v -1.375000 2.375000 -0.250000
v -1.375000 2.500000 -0.250000
v -1.375000 2.500000 0.375000
v -1.375000 2.375000 0.375000
vn 1 0 0
f 3965//992 3966//992 3967//992 3968//992
v -1.250000 2.500000 -0.125000
v -1.250000 2.625000 -0.125000
v -1.250000 2.625000 0.375000
v -1.250000 2.500000 0.375000
vn 1 0 0
f 3969//993 3970//993 3971//993 3972//993
v -1.125000 3.375000 -0.375000
v -1.125000 3.500000 -0.375000
v -1.125000 3.500000 0.000000
v -1.125000 3.375000 0.000000
vn 1 0 0
f 3973//994 3974//994 3975//994 3976//994
v -1.000000 2.500000 -0.750000
v -1.000000 2.625000 -0.750000
v -1.000000 2.625000 -0.125000
v -1.000000 2.500000 -0.125000
vn 1 0 0
f 3977//995 3978//995 3979//995 3980//995
v -1.000000 3.500000 -0.750000
v -1.000000 3.625000 -0.750000
v -1.000000 3.625000 -0.375000
v -1.000000 3.500000 -0.375000
vn 1 0 0
f 3981//996 3982//996 3983//996 3984//996
v -0.875000 2.625000 -0.875000
v -0.875000 2.750000 -0.875000
v -0.875000 2.750000 -0.250000
v -0.875000 2.625000 -0.250000
vn 1 0 0
f 3985//997 3986//997 3987//997 3988//997
v -0.750000 2.875000 0.625000
v -0.750000 3.000000 0.625000
v -0.750000 3.000000 0.750000
v -0.750000 2.875000 0.750000
vn 1 0 0
f 3989//998 3990//998 3991//998 3992//998
v -0.750000 3.750000 -0.750000
v -0.750000 3.875000 -0.750000
v -0.750000 3.875000 -0.500000
v -0.750000 3.750000 -0.500000
vn 1 0 0
f 3993//999 3994//999 3995//999 3996//999
v -0.625000 3.000000 0.500000
v -0.625000 3.125000 0.500000
v -0.625000 3.125000 0.875000
v -0.625000 3.000000 0.875000
vn 1 0 0
f 3997//1000 3998//1000 3999//1000 4000//1000
v -0.375000 3.125000 0.375000
v -0.375000 3.250000 0.375000
v -0.375000 3.250000 1.000000
v -0.375000 3.125000 1.000000
vn 1 0 0
f 4001//1001 4002//1001 4003//1001 4004//1001
v -0.375000 3.500000 -0.250000
v -0.375000 3.625000 -0.250000
v -0.375000 3.625000 0.250000
v -0.375000 3.500000 0.250000
vn 1 0 0
f 4005//1002 4006//1002 4007//1002 4008//1002
v -0.250000 2.500000 0.000000
v -0.250000 2.625000 0.000000
v -0.250000 2.625000 0.500000
v -0.250000 2.500000 0.500000
vn 1 0 0
f 4009//1003 4010//1003 4011//1003 4012//1003
v -0.250000 3.125000 -0.875000
v -0.250000 3.250000 -0.875000
v -0.250000 3.250000 -0.625000
v -0.250000 3.125000 -0.625000
vn 1 0 0
f 4013//1004 4014//1004 4015//1004 4016//1004
v -0.250000 3.125000 -0.375000
v -0.250000 3.250000 -0.375000
v -0.250000 3.250000 -0.250000
v -0.250000 3.125000 -0.250000
vn 1 0 0
f 4017//1005 4018//1005 4019//1005 4020//1005
v -0.250000 3.625000 -0.250000
v -0.250000 3.750000 -0.250000
v -0.250000 3.750000 0.250000
v -0.250000 3.625000 0.250000
vn 1 0 0
f 4021//1006 4022//1006 4023//1006 4024//1006
v -0.250000 3.750000 -0.625000
v -0.250000 4.000000 -0.625000
v -0.250000 4.000000 -0.250000
v -0.250000 3.750000 -0.250000
vn 1 0 0
f 4025//1007 4026//1007 4027//1007 4028//1007
v -0.125000 2.625000 -0.250000
v -0.125000 2.750000 -0.250000
v -0.125000 2.750000 0.500000
v -0.125000 2.625000 0.500000
vn 1 0 0
f 4029//1008 4030//1008 4031//1008 4032//1008
v -0.125000 3.250000 -1.000000
v -0.125000 3.375000 -1.000000
v -0.125000 3.375000 -0.125000
v -0.125000 3.250000 -0.125000
vn 1 0 0
f 4033//1009 4034//1009 4035//1009 4036//1009
v 0.250000 3.000000 1.000000
v 0.250000 3.125000 1.000000
v 0.250000 3.125000 1.125000
v 0.250000 3.000000 1.125000
vn 1 0 0
f 4037//1010 4038//1010 4039//1010 4040//1010
v 0.375000 3.125000 0.875000
v 0.375000 3.250000 0.875000
v 0.375000 3.250000 1.250000
v 0.375000 3.125000 1.250000
vn 1 0 0
f 4041//1011 4042//1011 4043//1011 4044//1011
v 0.375000 3.500000 0.750000
v 0.375000 3.625000 0.750000
v 0.375000 3.625000 1.000000
v 0.375000 3.500000 1.000000
vn 1 0 0
f 4045//1012 4046//1012 4047//1012 4048//1012
v 0.500000 3.500000 -1.000000
v 0.500000 3.625000 -1.000000
v 0.500000 3.625000 -0.375000
v 0.500000 3.500000 -0.375000
vn 1 0 0
f 4049//1013 4050//1013 4051//1013 4052//1013
v 0.500000 3.625000 0.750000
v 0.500000 3.750000 0.750000
v 0.500000 3.750000 1.125000
v 0.500000 3.625000 1.125000
vn 1 0 0
f 4053//1014 4054//1014 4055//1014 4056//1014
v 0.625000 3.625000 -1.125000
v 0.625000 3.750000 -1.125000
v 0.625000 3.750000 -0.250000
v 0.625000 3.625000 -0.250000
vn 1 0 0
f 4057//1015 4058//1015 4059//1015 4060//1015
v 0.750000 3.250000 0.500000
v 0.750000 3.375000 0.500000
v 0.750000 3.375000 0.625000
v 0.750000 3.250000 0.625000
vn 1 0 0
f 4061//1016 4062//1016 4063//1016 4064//1016
v 0.750000 4.000000 0.125000
v 0.750000 4.125000 0.125000
v 0.750000 4.125000 0.375000
v 0.750000 4.000000 0.375000
vn 1 0 0
f 4065//1017 4066//1017 4067//1017 4068//1017
v 0.875000 2.500000 0.125000
v 0.875000 2.625000 0.125000
v 0.875000 2.625000 0.750000
v 0.875000 2.500000 0.750000
vn 1 0 0
f 4069//1018 4070//1018 4071//1018 4072//1018
v 0.875000 3.375000 0.375000
v 0.875000 3.500000 0.375000
v 0.875000 3.500000 0.625000
v 0.875000 3.375000 0.625000
vn 1 0 0
f 4073//1019 4074//1019 4075//1019 4076//1019
v 1.000000 2.625000 0.000000
v 1.000000 2.750000 0.000000
v 1.000000 2.750000 0.875000
v 1.000000 2.625000 0.875000
vn 1 0 0
f 4077//1020 4078//1020 4079//1020 4080//1020
v 1.125000 3.750000 -0.625000
v 1.125000 3.875000 -0.625000
v 1.125000 3.875000 -0.500000
v 1.125000 3.750000 -0.500000
vn 1 0 0
f 4081//1021 4082//1021 4083//1021 4084//1021
v 1.250000 3.875000 -0.750000
v 1.250000 4.000000 -0.750000
v 1.250000 4.000000 -0.500000
v 1.250000 3.875000 -0.500000
vn 1 0 0
f 4085//1022 4086//1022 4087//1022 4088//1022
v 1.625000 2.500000 -0.750000
v 1.625000 2.625000 -0.750000
v 1.625000 2.625000 -0.125000
v 1.625000 2.500000 -0.125000
vn 1 0 0
f 4089//1023 4090//1023 4091//1023 4092//1023
v 1.625000 2.875000 0.125000
v 1.625000 3.000000 0.125000
v 1.625000 3.000000 0.750000
v 1.625000 2.875000 0.750000
vn 1 0 0
f 4093//1024 4094//1024 4095//1024 4096//1024
v 1.750000 2.625000 -0.875000
v 1.750000 2.750000 -0.875000
v 1.750000 2.750000 0.000000
v 1.750000 2.625000 0.000000
vn 1 0 0
f 4097//1025 4098//1025 4099//1025 4100//1025
v 1.750000 3.000000 0.125000
v 1.750000 3.125000 0.125000
v 1.750000 3.125000 0.875000
v 1.750000 3.000000 0.875000
vn 1 0 0
f 4101//1026 4102//1026 4103//1026 4104//1026
v 1.875000 3.375000 -0.500000
v 1.875000 3.500000 -0.500000
v 1.875000 3.500000 0.000000
v 1.875000 3.375000 0.000000
vn 1 0 0
f 4105//1027 4106//1027 4107//1027 4108//1027
v 2.000000 3.500000 -0.625000
v 2.000000 3.625000 -0.625000
v 2.000000 3.625000 0.250000
v 2.000000 3.500000 0.250000
vn 1 0 0
f 4109//1028 4110//1028 4111//1028 4112//1028
g palette_4
usemtl palette_4
v -2.000000 3.125000 -0.125000
v -2.000000 3.250000 -0.125000
v -2.000000 3.250000 -0.250000
v -2.000000 3.125000 -0.250000
vn -1 0 0
f 4113//1029 4114//1029 4115//1029 4116//1029
v -2.000000 3.750000 0.500000
v -2.000000 3.875000 0.500000
v -2.000000 3.875000 0.250000
v -2.000000 3.750000 0.250000
vn -1 0 0
f 4117//1030 4118//1030 4119//1030 4120//1030
v -1.875000 3.875000 0.375000
v -1.875000 4.000000 0.375000
v -1.875000 4.000000 0.250000
v -1.875000 3.875000 0.250000
vn -1 0 0
f 4121//1031 4122//1031 4123//1031 4124//1031
v -1.375000 3.750000 0.750000
v -1.375000 3.875000 0.750000
v -1.375000 3.875000 0.375000
v -1.375000 3.750000 0.375000
vn -1 0 0
f 4125//1032 4126//1032 4127//1032 4128//1032
v -1.375000 4.250000 -0.375000
v -1.375000 4.375000 -0.375000
v -1.375000 4.375000 -0.750000
v -1.375000 4.250000 -0.750000
vn -1 0 0
f 4129//1033 4130//1033 4131//1033 4132//1033
v -1.250000 3.625000 0.875000
v -1.250000 3.750000 0.875000
v -1.250000 3.750000 0.375000
v -1.250000 3.625000 0.375000
vn -1 0 0
f 4133//1034 4134//1034 4135//1034 4136//1034
v -0.875000 3.250000 0.125000
v -0.875000 3.375000 0.125000
v -0.875000 3.375000 -0.125000
v -0.875000 3.250000 -0.125000
vn -1 0 0
f 4137//1035 4138//1035 4139//1035 4140//1035
v -0.750000 3.375000 0.125000
v -0.750000 3.500000 0.125000
v -0.750000 3.500000 -0.125000
v -0.750000 3.375000 -0.125000
vn -1 0 0
f 4141//1036 4142//1036 4143//1036 4144//1036
v -0.250000 4.250000 0.750000
v -0.250000 4.375000 0.750000
v -0.250000 4.375000 0.500000
v -0.250000 4.250000 0.500000
vn -1 0 0
f 4145//1037 4146//1037 4147//1037 4148//1037
v -0.125000 4.500000 -0.250000
v -0.125000 4.750000 -0.250000
v -0.125000 4.750000 -0.625000
v -0.125000 4.500000 -0.625000
vn -1 0 0
f 4149//1038 4150//1038 4151//1038 4152//1038
v 0.000000 4.250000 0.875000
v 0.000000 4.375000 0.875000
v 0.000000 4.375000 0.750000
v 0.000000 4.250000 0.750000
vn -1 0 0
f 4153//1039 4154//1039 4155//1039 4156//1039
v 0.000000 4.625000 0.250000
v 0.000000 4.875000 0.250000
v 0.000000 4.875000 -0.125000
v 0.000000 4.625000 -0.125000
vn -1 0 0
f 4157//1040 4158//1040 4159//1040 4160//1040
v 0.000000 4.625000 0.375000
v 0.000000 4.750000 0.375000
v 0.000000 4.750000 0.250000
v 0.000000 4.625000 0.250000
vn -1 0 0
f 4161//1041 4162//1041 4163//1041 4164//1041
v 0.125000 4.250000 -0.875000
v 0.125000 4.375000 -0.875000
v 0.125000 4.375000 -1.000000
v 0.125000 4.250000 -1.000000
vn -1 0 0
f 4165//1042 4166//1042 4167//1042 4168//1042
v 0.250000 4.375000 -0.750000
v 0.250000 4.500000 -0.750000
v 0.250000 4.500000 -1.000000
v 0.250000 4.375000 -1.000000
vn -1 0 0
f 4169//1043 4170//1043 4171//1043 4172//1043
v 0.250000 4.875000 0.000000
v 0.250000 5.000000 0.000000
v 0.250000 5.000000 -0.250000
v 0.250000 4.875000 -0.250000
vn -1 0 0
f 4173//1044 4174//1044 4175//1044 4176//1044
v 0.500000 4.625000 -0.125000
v 0.500000 4.750000 -0.125000
v 0.500000 4.750000 -0.250000
v 0.500000 4.625000 -0.250000
vn -1 0 0
f 4177//1045 4178//1045 4179//1045 4180//1045
v 0.750000 4.375000 -0.375000
v 0.750000 4.500000 -0.375000
v 0.750000 4.500000 -0.625000
v 0.750000 4.375000 -0.625000
vn -1 0 0
f 4181//1046 4182//1046 4183//1046 4184//1046
v 1.250000 3.625000 0.625000
v 1.250000 3.750000 0.625000
v 1.250000 3.750000 0.250000
v 1.250000 3.625000 0.250000
vn -1 0 0
f 4185//1047 4186//1047 4187//1047 4188//1047
v 1.375000 3.750000 0.500000
v 1.375000 3.875000 0.500000
v 1.375000 3.875000 0.375000
v 1.375000 3.750000 0.375000
vn -1 0 0
f 4189//1048 4190//1048 4191//1048 4192//1048
v -1.750000 3.125000 -0.250000
v -1.500000 3.125000 -0.250000
v -1.500000 3.125000 -0.125000
v -1.750000 3.125000 -0.125000
vn 0 -1 0
f 4193//1049 4194//1049 4195//1049 4196//1049
v -0.375000 3.250000 -0.125000
v -0.250000 3.250000 -0.125000
v -0.250000 3.250000 0.375000
v -0.375000 3.250000 0.375000
vn 0 -1 0
f 4197//1050 4198//1050 4199//1050 4200//1050
v -1.375000 3.750000 0.375000
v -1.250000 3.750000 0.375000
v -1.250000 3.750000 0.750000
v -1.375000 3.750000 0.750000
vn 0 -1 0
f 4201//1051 4202//1051 4203//1051 4204//1051
v -1.375000 4.250000 -0.625000
v -1.125000 4.250000 -0.625000
v -1.125000 4.250000 -0.500000
v -1.375000 4.250000 -0.500000
vn 0 -1 0
f 4205//1052 4206//1052 4207//1052 4208//1052
v -0.250000 4.250000 0.500000
v 0.000000 4.250000 0.500000
v 0.000000 4.250000 0.750000
v -0.250000 4.250000 0.750000
vn 0 -1 0
f 4209//1053 4210//1053 4211//1053 4212//1053
v 0.125000 4.250000 -1.000000
v 0.125000 4.375000 -1.000000
v 0.625000 4.375000 -1.000000
v 0.625000 4.250000 -1.000000
vn 0 0 -1
f 4213//1054 4214//1054 4215//1054 4216//1054
v 0.250000 4.375000 -1.000000
v 0.250000 4.500000 -1.000000
v 0.500000 4.500000 -1.000000
v 0.500000 4.375000 -1.000000
vn 0 0 -1
f 4217//1055 4218//1055 4219//1055 4220//1055
v -0.625000 3.875000 -0.875000
v -0.625000 4.000000 -0.875000
v -0.125000 4.000000 -0.875000
v -0.125000 3.875000 -0.875000
vn 0 0 -1
f 4221//1056 4222//1056 4223//1056 4224//1056
v -0.500000 4.000000 -0.875000
v -0.500000 4.125000 -0.875000
v -0.250000 4.125000 -0.875000
v -0.250000 4.000000 -0.875000
vn 0 0 -1
f 4225//1057 4226//1057 4227//1057 4228//1057
v -1.375000 4.250000 -0.750000
v -1.375000 4.375000 -0.750000
v -1.250000 4.375000 -0.750000
v -1.250000 4.250000 -0.750000
vn 0 0 -1
f 4229//1058 4230//1058 4231//1058 4232//1058
v -0.125000 4.500000 -0.625000
v -0.125000 4.625000 -0.625000
v 0.125000 4.625000 -0.625000
v 0.125000 4.500000 -0.625000
vn 0 0 -1
f 4233//1059 4234//1059 4235//1059 4236//1059
v -0.125000 4.625000 -0.625000
v -0.125000 4.750000 -0.625000
v 0.000000 4.750000 -0.625000
v 0.000000 4.625000 -0.625000
vn 0 0 -1
f 4237//1060 4238//1060 4239//1060 4240//1060
v 1.375000 4.375000 -0.375000
v 1.375000 4.500000 -0.375000
v 1.625000 4.500000 -0.375000
v 1.625000 4.375000 -0.375000
vn 0 0 -1
f 4241//1061 4242//1061 4243//1061 4244//1061
v -2.000000 3.125000 -0.250000
v -2.000000 3.250000 -0.250000
v -1.375000 3.250000 -0.250000
v -1.375000 3.125000 -0.250000
vn 0 0 -1
f 4245//1062 4246//1062 4247//1062 4248//1062
v 0.250000 4.875000 -0.250000
v 0.250000 5.000000 -0.250000
v 0.375000 5.000000 -0.250000
v 0.375000 4.875000 -0.250000
vn 0 0 -1
f 4249//1063 4250//1063 4251//1063 4252//1063
v 0.500000 4.625000 -0.250000
v 0.500000 4.750000 -0.250000
v 0.750000 4.750000 -0.250000
v 0.750000 4.625000 -0.250000
vn 0 0 -1
f 4253//1064 4254//1064 4255//1064 4256//1064
v 0.000000 4.625000 -0.125000
v 0.000000 4.750000 -0.125000
v 0.500000 4.750000 -0.125000
v 0.500000 4.625000 -0.125000
vn 0 0 -1
f 4257//1065 4258//1065 4259//1065 4260//1065
v 0.000000 4.750000 -0.125000
v 0.000000 4.875000 -0.125000
v 0.125000 4.875000 -0.125000
v 0.125000 4.750000 -0.125000
vn 0 0 -1
f 4261//1066 4262//1066 4263//1066 4264//1066
v -1.375000 3.750000 0.375000
v -1.375000 3.875000 0.375000
v -1.250000 3.875000 0.375000
v -1.250000 3.750000 0.375000
vn 0 0 -1
f 4265//1067 4266//1067 4267//1067 4268//1067
v -1.250000 3.625000 0.375000
v -1.250000 3.750000 0.375000
v -1.125000 3.750000 0.375000
v -1.125000 3.625000 0.375000
vn 0 0 -1
f 4269//1068 4270//1068 4271//1068 4272//1068
v 0.500000 4.375000 -0.625000
v 0.500000 4.500000 -0.625000
v 0.250000 4.500000 -0.625000
v 0.250000 4.375000 -0.625000
vn 0 0 1
f 4273//1069 4274//1069 4275//1069 4276//1069
v 0.625000 4.250000 -0.500000
v 0.625000 4.375000 -0.500000
v 0.375000 4.375000 -0.500000
v 0.375000 4.250000 -0.500000
vn 0 0 1
f 4277//1070 4278//1070 4279//1070 4280//1070
v -1.125000 4.250000 -0.375000
v -1.125000 4.375000 -0.375000
v -1.375000 4.375000 -0.375000
v -1.375000 4.250000 -0.375000
vn 0 0 1
f 4281//1071 4282//1071 4283//1071 4284//1071
v 0.000000 4.625000 -0.250000
v 0.000000 4.750000 -0.250000
v -0.125000 4.750000 -0.250000
v -0.125000 4.625000 -0.250000
vn 0 0 1
f 4285//1072 4286//1072 4287//1072 4288//1072
v 0.750000 4.625000 -0.125000
v 0.750000 4.750000 -0.125000
v 0.500000 4.750000 -0.125000
v 0.500000 4.625000 -0.125000
vn 0 0 1
f 4289//1073 4290//1073 4291//1073 4292//1073
v 1.625000 4.375000 -0.125000
v 1.625000 4.500000 -0.125000
v 1.375000 4.500000 -0.125000
v 1.375000 4.375000 -0.125000
vn 0 0 1
f 4293//1074 4294//1074 4295//1074 4296//1074
v 0.375000 4.875000 0.000000
v 0.375000 5.000000 0.000000
v 0.250000 5.000000 0.000000
v 0.250000 4.875000 0.000000
vn 0 0 1
f 4297//1075 4298//1075 4299//1075 4300//1075
v -0.375000 3.375000 0.250000
v -0.375000 3.500000 0.250000
v -0.625000 3.500000 0.250000
v -0.625000 3.375000 0.250000
vn 0 0 1
f 4301//1076 4302//1076 4303//1076 4304//1076
v 0.375000 4.750000 0.250000
v 0.375000 4.875000 0.250000
v 0.000000 4.875000 0.250000
v 0.000000 4.750000 0.250000
vn 0 0 1
f 4305//1077 4306//1077 4307//1077 4308//1077
v -1.625000 3.875000 0.375000
v -1.625000 4.000000 0.375000
v -1.875000 4.000000 0.375000
v -1.875000 3.875000 0.375000
vn 0 0 1
f 4309//1078 4310//1078 4311//1078 4312//1078
v 0.500000 4.625000 0.375000
v 0.500000 4.750000 0.375000
v 0.000000 4.750000 0.375000
v 0.000000 4.625000 0.375000
vn 0 0 1
f 4313//1079 4314//1079 4315//1079 4316//1079
v -1.500000 3.750000 0.500000
v -1.500000 3.875000 0.500000
v -2.000000 3.875000 0.500000
v -2.000000 3.750000 0.500000
vn 0 0 1
f 4317//1080 4318//1080 4319//1080 4320//1080
v 1.625000 3.750000 0.500000
v 1.625000 3.875000 0.500000
v 1.375000 3.875000 0.500000
v 1.375000 3.750000 0.500000
vn 0 0 1
f 4321//1081 4322//1081 4323//1081 4324//1081
v 1.750000 3.625000 0.625000
v 1.750000 3.750000 0.625000
v 1.250000 3.750000 0.625000
v 1.250000 3.625000 0.625000
vn 0 0 1
f 4325//1082 4326//1082 4327//1082 4328//1082
v -1.000000 3.750000 0.750000
v -1.000000 3.875000 0.750000
v -1.375000 3.875000 0.750000
v -1.375000 3.750000 0.750000
vn 0 0 1
f 4329//1083 4330//1083 4331//1083 4332//1083
v 0.000000 4.250000 0.750000
v 0.000000 4.375000 0.750000
v -0.250000 4.375000 0.750000
v -0.250000 4.250000 0.750000
vn 0 0 1
f 4333//1084 4334//1084 4335//1084 4336//1084
v -1.125000 3.625000 0.875000
v -1.125000 3.750000 0.875000
v -1.250000 3.750000 0.875000
v -1.250000 3.625000 0.875000
vn 0 0 1
f 4337//1085 4338//1085 4339//1085 4340//1085
v 0.500000 4.250000 0.875000
v 0.500000 4.375000 0.875000
v 0.000000 4.375000 0.875000
v 0.000000 4.250000 0.875000
vn 0 0 1
f 4341//1086 4342//1086 4343//1086 4344//1086
v -0.875000 3.375000 0.125000
v -0.750000 3.375000 0.125000
v -0.750000 3.375000 -0.125000
v -0.875000 3.375000 -0.125000
vn 0 1 0
f 4345//1087 4346//1087 4347//1087 4348//1087
v -0.375000 3.375000 0.375000
v -0.250000 3.375000 0.375000
v -0.250000 3.375000 -0.125000
v -0.375000 3.375000 -0.125000
vn 0 1 0
f 4349//1088 4350//1088 4351//1088 4352//1088
v -0.625000 3.375000 0.375000
v -0.375000 3.375000 0.375000
v -0.375000 3.375000 0.250000
v -0.625000 3.375000 0.250000
vn 0 1 0
f 4353//1089 4354//1089 4355//1089 4356//1089
v 1.250000 3.750000 0.625000
v 1.375000 3.750000 0.625000
v 1.375000 3.750000 0.375000
v 1.250000 3.750000 0.375000
vn 0 1 0
f 4357//1090 4358//1090 4359//1090 4360//1090
v 1.625000 3.750000 0.625000
v 1.750000 3.750000 0.625000
v 1.750000 3.750000 0.375000
v 1.625000 3.750000 0.375000
vn 0 1 0
f 4361//1091 4362//1091 4363//1091 4364//1091
v 1.375000 3.750000 0.625000
v 1.625000 3.750000 0.625000
v 1.625000 3.750000 0.500000
v 1.375000 3.750000 0.500000
vn 0 1 0
f 4365//1092 4366//1092 4367//1092 4368//1092
v -1.250000 3.750000 0.875000
v -1.125000 3.750000 0.875000
v -1.125000 3.750000 0.750000
v -1.250000 3.750000 0.750000
vn 0 1 0
f 4369//1093 4370//1093 4371//1093 4372//1093
v -2.000000 3.875000 0.500000
v -1.875000 3.875000 0.500000
v -1.875000 3.875000 0.250000
v -2.000000 3.875000 0.250000
vn 0 1 0
f 4373//1094 4374//1094 4375//1094 4376//1094
v -1.625000 3.875000 0.500000
v -1.500000 3.875000 0.500000
v -1.500000 3.875000 0.250000
v -1.625000 3.875000 0.250000
vn 0 1 0
f 4377//1095 4378//1095 4379//1095 4380//1095
v -1.875000 3.875000 0.500000
v -1.625000 3.875000 0.500000
v -1.625000 3.875000 0.375000
v -1.875000 3.875000 0.375000
vn 0 1 0
f 4381//1096 4382//1096 4383//1096 4384//1096
v -1.375000 3.875000 0.750000
v -1.250000 3.875000 0.750000
v -1.250000 3.875000 0.375000
v -1.375000 3.875000 0.375000
vn 0 1 0
f 4385//1097 4386//1097 4387//1097 4388//1097
v 1.375000 3.875000 0.500000
v 1.625000 3.875000 0.500000
v 1.625000 3.875000 0.375000
v 1.375000 3.875000 0.375000
vn 0 1 0
f 4389//1098 4390//1098 4391//1098 4392//1098
v -1.250000 3.875000 0.750000
v -1.000000 3.875000 0.750000
v -1.000000 3.875000 0.500000
v -1.250000 3.875000 0.500000
vn 0 1 0
f 4393//1099 4394//1099 4395//1099 4396//1099
v -0.250000 4.000000 -0.750000
v -0.125000 4.000000 -0.750000
v -0.125000 4.000000 -0.875000
v -0.250000 4.000000 -0.875000
vn 0 1 0
f 4397//1100 4398//1100 4399//1100 4400//1100
v -1.875000 4.000000 0.375000
v -1.625000 4.000000 0.375000
v -1.625000 4.000000 0.250000
v -1.875000 4.000000 0.250000
vn 0 1 0
f 4401//1101 4402//1101 4403//1101 4404//1101
v 0.125000 4.375000 -0.750000
v 0.250000 4.375000 -0.750000
v 0.250000 4.375000 -1.000000
v 0.125000 4.375000 -1.000000
vn 0 1 0
f 4405//1102 4406//1102 4407//1102 4408//1102
v 0.500000 4.375000 -0.500000
v 0.625000 4.375000 -0.500000
v 0.625000 4.375000 -1.000000
v 0.500000 4.375000 -1.000000
vn 0 1 0
f 4409//1103 4410//1103 4411//1103 4412//1103
v -1.375000 4.375000 -0.375000
v -0.750000 4.375000 -0.375000
v -0.750000 4.375000 -0.750000
v -1.375000 4.375000 -0.750000
vn 0 1 0
f 4413//1104 4414//1104 4415//1104 4416//1104
v 0.250000 4.375000 -0.500000
v 0.500000 4.375000 -0.500000
v 0.500000 4.375000 -0.625000
v 0.250000 4.375000 -0.625000
vn 0 1 0
f 4417//1105 4418//1105 4419//1105 4420//1105
v -0.250000 4.375000 0.750000
v 0.500000 4.375000 0.750000
v 0.500000 4.375000 0.500000
v -0.250000 4.375000 0.500000
vn 0 1 0
f 4421//1106 4422//1106 4423//1106 4424//1106
v 0.000000 4.375000 0.875000
v 0.500000 4.375000 0.875000
v 0.500000 4.375000 0.750000
v 0.000000 4.375000 0.750000
vn 0 1 0
f 4425//1107 4426//1107 4427//1107 4428//1107
v 0.250000 4.500000 -0.625000
v 0.500000 4.500000 -0.625000
v 0.500000 4.500000 -1.000000
v 0.250000 4.500000 -1.000000
vn 0 1 0
f 4429//1108 4430//1108 4431//1108 4432//1108
v 0.750000 4.500000 -0.250000
v 1.375000 4.500000 -0.250000
v 1.375000 4.500000 -0.625000
v 0.750000 4.500000 -0.625000
vn 0 1 0
f 4433//1109 4434//1109 4435//1109 4436//1109
v 1.375000 4.500000 -0.125000
v 1.625000 4.500000 -0.125000
v 1.625000 4.500000 -0.375000
v 1.375000 4.500000 -0.375000
vn 0 1 0
f 4437//1110 4438//1110 4439//1110 4440//1110
v 0.000000 4.625000 -0.250000
v 0.125000 4.625000 -0.250000
v 0.125000 4.625000 -0.625000
v 0.000000 4.625000 -0.625000
vn 0 1 0
f 4441//1111 4442//1111 4443//1111 4444//1111
v -0.125000 4.750000 -0.250000
v 0.000000 4.750000 -0.250000
v 0.000000 4.750000 -0.625000
v -0.125000 4.750000 -0.625000
vn 0 1 0
f 4445//1112 4446//1112 4447//1112 4448//1112
v 0.500000 4.750000 -0.125000
v 0.750000 4.750000 -0.125000
v 0.750000 4.750000 -0.250000
v 0.500000 4.750000 -0.250000
vn 0 1 0
f 4449//1113 4450//1113 4451//1113 4452//1113
v 0.375000 4.750000 0.375000
v 0.500000 4.750000 0.375000
v 0.500000 4.750000 -0.125000
v 0.375000 4.750000 -0.125000
vn 0 1 0
f 4453//1114 4454//1114 4455//1114 4456//1114
v 0.000000 4.750000 0.375000
v 0.375000 4.750000 0.375000
v 0.375000 4.750000 0.250000
v 0.000000 4.750000 0.250000
vn 0 1 0
f 4457//1115 4458//1115 4459//1115 4460//1115
v 0.000000 4.875000 0.250000
v 0.125000 4.875000 0.250000
v 0.125000 4.875000 -0.125000
v 0.000000 4.875000 -0.125000
vn 0 1 0
f 4461//1116 4462//1116 4463//1116 4464//1116
v 0.125000 4.875000 0.250000
v 0.375000 4.875000 0.250000
v 0.375000 4.875000 0.125000
v 0.125000 4.875000 0.125000
vn 0 1 0
f 4465//1117 4466//1117 4467//1117 4468//1117
v 0.250000 5.000000 0.000000
v 0.375000 5.000000 0.000000
v 0.375000 5.000000 -0.250000
v 0.250000 5.000000 -0.250000
vn 0 1 0
f 4469//1118 4470//1118 4471//1118 4472//1118
v -1.625000 3.875000 0.250000
v -1.625000 4.000000 0.250000
v -1.625000 4.000000 0.375000
v -1.625000 3.875000 0.375000
vn 1 0 0
f 4473//1119 4474//1119 4475//1119 4476//1119
v -1.500000 3.750000 0.250000
v -1.500000 3.875000 0.250000
v -1.500000 3.875000 0.500000
v -1.500000 3.750000 0.500000
vn 1 0 0
f 4477//1120 4478//1120 4479//1120 4480//1120
v -1.375000 3.125000 -0.125000
v -1.375000 3.250000 -0.125000
v -1.375000 3.250000 0.000000
v -1.375000 3.125000 0.000000
vn 1 0 0
f 4481//1121 4482//1121 4483//1121 4484//1121
v -0.375000 3.375000 -0.125000
v -0.375000 3.500000 -0.125000
v -0.375000 3.500000 0.250000
v -0.375000 3.375000 0.250000
vn 1 0 0
f 4485//1122 4486//1122 4487//1122 4488//1122
v -0.250000 3.250000 -0.125000
v -0.250000 3.375000 -0.125000
v -0.250000 3.375000 0.375000
v -0.250000 3.250000 0.375000
vn 1 0 0
f 4489//1123 4490//1123 4491//1123 4492//1123
v -0.250000 4.000000 -0.875000
v -0.250000 4.125000 -0.875000
v -0.250000 4.125000 -0.750000
v -0.250000 4.000000 -0.750000
vn 1 0 0
f 4493//1124 4494//1124 4495//1124 4496//1124
v 0.000000 4.625000 -0.625000
v 0.000000 4.750000 -0.625000
v 0.000000 4.750000 -0.250000
v 0.000000 4.625000 -0.250000
vn 1 0 0
f 4497//1125 4498//1125 4499//1125 4500//1125
v 0.125000 4.500000 -0.625000
v 0.125000 4.625000 -0.625000
v 0.125000 4.625000 -0.250000
v 0.125000 4.500000 -0.250000
vn 1 0 0
f 4501//1126 4502//1126 4503//1126 4504//1126
v 0.375000 4.750000 0.125000
v 0.375000 4.875000 0.125000
v 0.375000 4.875000 0.250000
v 0.375000 4.750000 0.250000
vn 1 0 0
f 4505//1127 4506//1127 4507//1127 4508//1127
v 0.375000 4.875000 -0.250000
v 0.375000 5.000000 -0.250000
v 0.375000 5.000000 0.000000
v 0.375000 4.875000 0.000000
vn 1 0 0
f 4509//1128 4510//1128 4511//1128 4512//1128
v 0.500000 4.250000 0.500000
v 0.500000 4.375000 0.500000
v 0.500000 4.375000 0.875000
v 0.500000 4.250000 0.875000
vn 1 0 0
f 4513//1129 4514//1129 4515//1129 4516//1129
v 0.500000 4.375000 -1.000000
v 0.500000 4.500000 -1.000000
v 0.500000 4.500000 -0.625000
v 0.500000 4.375000 -0.625000
vn 1 0 0
f 4517//1130 4518//1130 4519//1130 4520//1130
v 0.500000 4.625000 -0.125000
v 0.500000 4.750000 -0.125000
v 0.500000 4.750000 0.375000
v 0.500000 4.625000 0.375000
vn 1 0 0
f 4521//1131 4522//1131 4523//1131 4524//1131
v 0.625000 4.250000 -1.000000
v 0.625000 4.375000 -1.000000
v 0.625000 4.375000 -0.750000
v 0.625000 4.250000 -0.750000
vn 1 0 0
f 4525//1132 4526//1132 4527//1132 4528//1132
v 0.750000 4.625000 -0.250000
v 0.750000 4.750000 -0.250000
v 0.750000 4.750000 -0.125000
v 0.750000 4.625000 -0.125000
vn 1 0 0
f 4529//1133 4530//1133 4531//1133 4532//1133
v 1.375000 4.375000 -0.625000
v 1.375000 4.500000 -0.625000
v 1.375000 4.500000 -0.375000
v 1.375000 4.375000 -0.375000
vn 1 0 0
f 4533//1134 4534//1134 4535//1134 4536//1134
v 1.625000 3.750000 0.375000
v 1.625000 3.875000 0.375000
v 1.625000 3.875000 0.500000
v 1.625000 3.750000 0.500000
vn 1 0 0
f 4537//1135 4538//1135 4539//1135 4540//1135
v 1.625000 4.375000 -0.375000
v 1.625000 4.500000 -0.375000
v 1.625000 4.500000 -0.125000
v 1.625000 4.375000 -0.125000
vn 1 0 0
f 4541//1136 4542//1136 4543//1136 4544//1136
v 1.750000 3.625000 0.250000
v 1.750000 3.750000 0.250000
v 1.750000 3.750000 0.625000
v 1.750000 3.625000 0.625000
vn 1 0 0
f 4545//1137 4546//1137 4547//1137 4548//1137
