# Generated from hearthvale_tree_orchard_compact.vox
# source_sha256 3f6abe68ac28aae3df32f91134fc14eb6a9a7458223a1bb054a406969288b882
mtllib hearthvale_tree_orchard_compact.mtl
o hearthvale_magicavoxel_asset
g palette_1
usemtl palette_1
v -0.500000 1.937500 -0.125000
v -0.500000 2.000000 -0.125000
v -0.500000 2.000000 -0.250000
v -0.500000 1.937500 -0.250000
vn -1 0 0
f 1//1 2//1 3//1 4//1
v -0.437500 1.875000 -0.125000
v -0.437500 1.937500 -0.125000
v -0.437500 1.937500 -0.250000
v -0.437500 1.875000 -0.250000
vn -1 0 0
f 5//2 6//2 7//2 8//2
v -0.375000 0.000000 -0.125000
v -0.375000 0.062500 -0.125000
v -0.375000 0.062500 -0.250000
v -0.375000 0.000000 -0.250000
vn -1 0 0
f 9//3 10//3 11//3 12//3
v -0.375000 1.562500 -0.125000
v -0.375000 1.875000 -0.125000
v -0.375000 1.875000 -0.250000
v -0.375000 1.562500 -0.250000
vn -1 0 0
f 13//4 14//4 15//4 16//4
v -0.375000 2.000000 -0.375000
v -0.375000 2.500000 -0.375000
v -0.375000 2.500000 -0.437500
v -0.375000 2.000000 -0.437500
vn -1 0 0
f 17//5 18//5 19//5 20//5
v -0.375000 2.000000 -0.250000
v -0.375000 2.250000 -0.250000
v -0.375000 2.250000 -0.375000
v -0.375000 2.000000 -0.375000
vn -1 0 0
f 21//6 22//6 23//6 24//6
v -0.375000 2.062500 -0.437500
v -0.375000 2.500000 -0.437500
v -0.375000 2.500000 -0.500000
v -0.375000 2.062500 -0.500000
vn -1 0 0
f 25//7 26//7 27//7 28//7
v -0.375000 2.250000 -0.500000
v -0.375000 2.500000 -0.500000
v -0.375000 2.500000 -0.562500
v -0.375000 2.250000 -0.562500
vn -1 0 0
f 29//8 30//8 31//8 32//8
v -0.375000 2.312500 -0.562500
v -0.375000 2.500000 -0.562500
v -0.375000 2.500000 -0.625000
v -0.375000 2.312500 -0.625000
vn -1 0 0
f 33//9 34//9 35//9 36//9
v -0.312500 0.062500 -0.125000
v -0.312500 0.125000 -0.125000
v -0.312500 0.125000 -0.250000
v -0.312500 0.062500 -0.250000
vn -1 0 0
f 37//10 38//10 39//10 40//10
v -0.312500 1.500000 -0.125000
v -0.312500 1.562500 -0.125000
v -0.312500 1.562500 -0.250000
v -0.312500 1.500000 -0.250000
vn -1 0 0
f 41//11 42//11 43//11 44//11
v -0.312500 2.000000 -0.437500
v -0.312500 2.062500 -0.437500
v -0.312500 2.062500 -0.500000
v -0.312500 2.000000 -0.500000
vn -1 0 0
f 45//12 46//12 47//12 48//12
v -0.250000 0.000000 -0.250000
v -0.250000 0.062500 -0.250000
v -0.250000 0.062500 -0.375000
v -0.250000 0.000000 -0.375000
vn -1 0 0
f 49//13 50//13 51//13 52//13
v -0.250000 0.062500 -0.250000
v -0.250000 0.125000 -0.250000
v -0.250000 0.125000 -0.312500
v -0.250000 0.062500 -0.312500
vn -1 0 0
f 53//14 54//14 55//14 56//14
v -0.250000 0.500000 -0.125000
v -0.250000 1.500000 -0.125000
v -0.250000 1.500000 -0.187500
v -0.250000 0.500000 -0.187500
vn -1 0 0
f 57//15 58//15 59//15 60//15
v -0.250000 0.500000 -0.062500
v -0.250000 1.125000 -0.062500
v -0.250000 1.125000 -0.125000
v -0.250000 0.500000 -0.125000
vn -1 0 0
f 61//16 62//16 63//16 64//16
v -0.250000 0.562500 -0.187500
v -0.250000 1.500000 -0.187500
v -0.250000 1.500000 -0.250000
v -0.250000 0.562500 -0.250000
vn -1 0 0
f 65//17 66//17 67//17 68//17
v -0.250000 0.562500 0.000000
v -0.250000 1.062500 0.000000
v -0.250000 1.062500 -0.062500
v -0.250000 0.562500 -0.062500
vn -1 0 0
f 69//18 70//18 71//18 72//18
v -0.250000 1.625000 -0.250000
v -0.250000 2.000000 -0.250000
v -0.250000 2.000000 -0.312500
v -0.250000 1.625000 -0.312500
vn -1 0 0
f 73//19 74//19 75//19 76//19
v -0.250000 1.687500 -0.312500
v -0.250000 2.000000 -0.312500
v -0.250000 2.000000 -0.375000
v -0.250000 1.687500 -0.375000
vn -1 0 0
f 77//20 78//20 79//20 80//20
v -0.187500 0.062500 -0.312500
v -0.187500 0.125000 -0.312500
v -0.187500 0.125000 -0.375000
v -0.187500 0.062500 -0.375000
vn -1 0 0
f 81//21 82//21 83//21 84//21
v -0.187500 0.500000 -0.187500
v -0.187500 0.562500 -0.187500
v -0.187500 0.562500 -0.250000
v -0.187500 0.500000 -0.250000
vn -1 0 0
f 85//22 86//22 87//22 88//22
v -0.187500 0.500000 0.000000
v -0.187500 0.562500 0.000000
v -0.187500 0.562500 -0.062500
v -0.187500 0.500000 -0.062500
vn -1 0 0
f 89//23 90//23 91//23 92//23
v -0.187500 1.062500 0.000000
v -0.187500 1.125000 0.000000
v -0.187500 1.125000 -0.062500
v -0.187500 1.062500 -0.062500
vn -1 0 0
f 93//24 94//24 95//24 96//24
v -0.187500 1.625000 -0.312500
v -0.187500 1.687500 -0.312500
v -0.187500 1.687500 -0.375000
v -0.187500 1.625000 -0.375000
vn -1 0 0
f 97//25 98//25 99//25 100//25
v -0.125000 0.000000 -0.375000
v -0.125000 0.062500 -0.375000
v -0.125000 0.062500 -0.500000
v -0.125000 0.000000 -0.500000
vn -1 0 0
f 101//26 102//26 103//26 104//26
v -0.125000 0.000000 0.000000
v -0.125000 0.500000 0.000000
v -0.125000 0.500000 -0.125000
v -0.125000 0.000000 -0.125000
vn -1 0 0
f 105//27 106//27 107//27 108//27
v -0.125000 0.062500 -0.375000
v -0.125000 0.125000 -0.375000
v -0.125000 0.125000 -0.437500
v -0.125000 0.062500 -0.437500
vn -1 0 0
f 109//28 110//28 111//28 112//28
v -0.125000 0.125000 -0.125000
v -0.125000 0.500000 -0.125000
v -0.125000 0.500000 -0.250000
v -0.125000 0.125000 -0.250000
vn -1 0 0
f 113//29 114//29 115//29 116//29
v -0.125000 1.500000 -0.062500
v -0.125000 2.000000 -0.062500
v -0.125000 2.000000 -0.125000
v -0.125000 1.500000 -0.125000
vn -1 0 0
f 117//30 118//30 119//30 120//30
v -0.125000 1.562500 0.000000
v -0.125000 2.000000 0.000000
v -0.125000 2.000000 -0.062500
v -0.125000 1.562500 -0.062500
vn -1 0 0
f 121//31 122//31 123//31 124//31
v -0.125000 1.625000 0.062500
v -0.125000 2.000000 0.062500
v -0.125000 2.000000 0.000000
v -0.125000 1.625000 0.000000
vn -1 0 0
f 125//32 126//32 127//32 128//32
v -0.125000 1.687500 0.125000
v -0.125000 1.937500 0.125000
v -0.125000 1.937500 0.062500
v -0.125000 1.687500 0.062500
vn -1 0 0
f 129//33 130//33 131//33 132//33
v -0.062500 1.500000 0.000000
v -0.062500 1.562500 0.000000
v -0.062500 1.562500 -0.062500
v -0.062500 1.500000 -0.062500
vn -1 0 0
f 133//34 134//34 135//34 136//34
v -0.062500 1.625000 0.125000
v -0.062500 1.687500 0.125000
v -0.062500 1.687500 0.062500
v -0.062500 1.625000 0.062500
vn -1 0 0
f 137//35 138//35 139//35 140//35
v -0.062500 1.937500 0.125000
v -0.062500 2.000000 0.125000
v -0.062500 2.000000 0.062500
v -0.062500 1.937500 0.062500
vn -1 0 0
f 141//36 142//36 143//36 144//36
v 0.000000 0.000000 0.187500
v 0.000000 0.125000 0.187500
v 0.000000 0.125000 0.000000
v 0.000000 0.000000 0.000000
vn -1 0 0
f 145//37 146//37 147//37 148//37
v 0.000000 0.000000 0.250000
v 0.000000 0.062500 0.250000
v 0.000000 0.062500 0.187500
v 0.000000 0.000000 0.187500
vn -1 0 0
f 149//38 150//38 151//38 152//38
v 0.000000 1.875000 0.187500
v 0.000000 2.500000 0.187500
v 0.000000 2.500000 0.125000
v 0.000000 1.875000 0.125000
vn -1 0 0
f 153//39 154//39 155//39 156//39
v 0.000000 1.937500 0.250000
v 0.000000 2.500000 0.250000
v 0.000000 2.500000 0.187500
v 0.000000 1.937500 0.187500
vn -1 0 0
f 157//40 158//40 159//40 160//40
v 0.000000 2.000000 0.125000
v 0.000000 2.125000 0.125000
v 0.000000 2.125000 -0.125000
v 0.000000 2.000000 -0.125000
vn -1 0 0
f 161//41 162//41 163//41 164//41
v 0.000000 2.000000 0.375000
v 0.000000 2.500000 0.375000
v 0.000000 2.500000 0.250000
v 0.000000 2.000000 0.250000
vn -1 0 0
f 165//42 166//42 167//42 168//42
v 0.062500 0.062500 0.250000
v 0.062500 0.125000 0.250000
v 0.062500 0.125000 0.187500
v 0.062500 0.062500 0.187500
vn -1 0 0
f 169//43 170//43 171//43 172//43
v 0.125000 2.125000 -0.125000
v 0.125000 2.187500 -0.125000
v 0.125000 2.187500 -0.250000
v 0.125000 2.125000 -0.250000
vn -1 0 0
f 173//44 174//44 175//44 176//44
v 0.125000 2.187500 -0.125000
v 0.125000 2.250000 -0.125000
v 0.125000 2.250000 -0.187500
v 0.125000 2.187500 -0.187500
vn -1 0 0
f 177//45 178//45 179//45 180//45
v 0.187500 2.187500 -0.187500
v 0.187500 2.250000 -0.187500
v 0.187500 2.250000 -0.250000
v 0.187500 2.187500 -0.250000
vn -1 0 0
f 181//46 182//46 183//46 184//46
v 0.375000 2.250000 -0.125000
v 0.375000 2.375000 -0.125000
v 0.375000 2.375000 -0.250000
v 0.375000 2.250000 -0.250000
vn -1 0 0
f 185//47 186//47 187//47 188//47
v -0.125000 0.000000 -0.500000
v 0.000000 0.000000 -0.500000
v 0.000000 0.000000 0.000000
v -0.125000 0.000000 0.000000
vn 0 -1 0
f 189//48 190//48 191//48 192//48
v -0.250000 0.000000 -0.375000
v -0.125000 0.000000 -0.375000
v -0.125000 0.000000 -0.125000
v -0.250000 0.000000 -0.125000
vn 0 -1 0
f 193//49 194//49 195//49 196//49
v -0.375000 0.000000 -0.250000
v -0.250000 0.000000 -0.250000
v -0.250000 0.000000 -0.125000
v -0.375000 0.000000 -0.125000
vn 0 -1 0
f 197//50 198//50 199//50 200//50
v 0.000000 0.000000 -0.250000
v 0.125000 0.000000 -0.250000
v 0.125000 0.000000 0.250000
v 0.000000 0.000000 0.250000
vn 0 -1 0
f 201//51 202//51 203//51 204//51
v 0.125000 0.000000 0.000000
v 0.250000 0.000000 0.000000
v 0.250000 0.000000 0.250000
v 0.125000 0.000000 0.250000
vn 0 -1 0
f 205//52 206//52 207//52 208//52
v -0.187500 0.500000 -0.250000
v -0.125000 0.500000 -0.250000
v -0.125000 0.500000 0.000000
v -0.187500 0.500000 0.000000
vn 0 -1 0
f 209//53 210//53 211//53 212//53
v -0.250000 0.500000 -0.187500
v -0.187500 0.500000 -0.187500
v -0.187500 0.500000 -0.062500
v -0.250000 0.500000 -0.062500
vn 0 -1 0
f 213//54 214//54 215//54 216//54
v -0.250000 0.562500 -0.250000
v -0.187500 0.562500 -0.250000
v -0.187500 0.562500 -0.187500
v -0.250000 0.562500 -0.187500
vn 0 -1 0
f 217//55 218//55 219//55 220//55
v -0.250000 0.562500 -0.062500
v -0.187500 0.562500 -0.062500
v -0.187500 0.562500 0.000000
v -0.250000 0.562500 0.000000
vn 0 -1 0
f 221//56 222//56 223//56 224//56
v -0.312500 1.500000 -0.250000
v -0.250000 1.500000 -0.250000
v -0.250000 1.500000 -0.125000
v -0.312500 1.500000 -0.125000
vn 0 -1 0
f 225//57 226//57 227//57 228//57
v 0.000000 1.500000 -0.250000
v 0.062500 1.500000 -0.250000
v 0.062500 1.500000 0.000000
v 0.000000 1.500000 0.000000
vn 0 -1 0
f 229//58 230//58 231//58 232//58
v 0.062500 1.500000 -0.187500
v 0.125000 1.500000 -0.187500
v 0.125000 1.500000 -0.062500
v 0.062500 1.500000 -0.062500
vn 0 -1 0
f 233//59 234//59 235//59 236//59
v -0.125000 1.500000 -0.125000
v 0.000000 1.500000 -0.125000
v 0.000000 1.500000 -0.062500
v -0.125000 1.500000 -0.062500
vn 0 -1 0
f 237//60 238//60 239//60 240//60
v -0.062500 1.500000 -0.062500
v 0.000000 1.500000 -0.062500
v 0.000000 1.500000 0.000000
v -0.062500 1.500000 0.000000
vn 0 -1 0
f 241//61 242//61 243//61 244//61
v -0.375000 1.562500 -0.250000
v -0.312500 1.562500 -0.250000
v -0.312500 1.562500 -0.125000
v -0.375000 1.562500 -0.125000
vn 0 -1 0
f 245//62 246//62 247//62 248//62
v 0.062500 1.562500 -0.250000
v 0.125000 1.562500 -0.250000
v 0.125000 1.562500 -0.187500
v 0.062500 1.562500 -0.187500
vn 0 -1 0
f 249//63 250//63 251//63 252//63
v -0.125000 1.562500 -0.062500
v -0.062500 1.562500 -0.062500
v -0.062500 1.562500 0.000000
v -0.125000 1.562500 0.000000
vn 0 -1 0
f 253//64 254//64 255//64 256//64
v 0.062500 1.562500 -0.062500
v 0.125000 1.562500 -0.062500
v 0.125000 1.562500 0.000000
v 0.062500 1.562500 0.000000
vn 0 -1 0
f 257//65 258//65 259//65 260//65
v -0.187500 1.625000 -0.375000
v -0.062500 1.625000 -0.375000
v -0.062500 1.625000 -0.250000
v -0.187500 1.625000 -0.250000
vn 0 -1 0
f 261//66 262//66 263//66 264//66
v -0.250000 1.625000 -0.312500
v -0.187500 1.625000 -0.312500
v -0.187500 1.625000 -0.250000
v -0.250000 1.625000 -0.250000
vn 0 -1 0
f 265//67 266//67 267//67 268//67
v -0.062500 1.625000 -0.312500
v 0.000000 1.625000 -0.312500
v 0.000000 1.625000 -0.250000
v -0.062500 1.625000 -0.250000
vn 0 -1 0
f 269//68 270//68 271//68 272//68
v -0.125000 1.625000 0.000000
v 0.125000 1.625000 0.000000
v 0.125000 1.625000 0.062500
v -0.125000 1.625000 0.062500
vn 0 -1 0
f 273//69 274//69 275//69 276//69
v -0.062500 1.625000 0.062500
v 0.062500 1.625000 0.062500
v 0.062500 1.625000 0.125000
v -0.062500 1.625000 0.125000
vn 0 -1 0
f 277//70 278//70 279//70 280//70
v -0.250000 1.687500 -0.375000
v -0.187500 1.687500 -0.375000
v -0.187500 1.687500 -0.312500
v -0.250000 1.687500 -0.312500
vn 0 -1 0
f 281//71 282//71 283//71 284//71
v -0.062500 1.687500 -0.375000
v 0.000000 1.687500 -0.375000
v 0.000000 1.687500 -0.312500
v -0.062500 1.687500 -0.312500
vn 0 -1 0
f 285//72 286//72 287//72 288//72
v -0.125000 1.687500 0.062500
v -0.062500 1.687500 0.062500
v -0.062500 1.687500 0.125000
v -0.125000 1.687500 0.125000
vn 0 -1 0
f 289//73 290//73 291//73 292//73
v 0.062500 1.687500 0.062500
v 0.125000 1.687500 0.062500
v 0.125000 1.687500 0.125000
v 0.062500 1.687500 0.125000
vn 0 -1 0
f 293//74 294//74 295//74 296//74
v -0.437500 1.875000 -0.250000
v -0.375000 1.875000 -0.250000
v -0.375000 1.875000 -0.125000
v -0.437500 1.875000 -0.125000
vn 0 -1 0
f 297//75 298//75 299//75 300//75
v 0.125000 1.875000 -0.250000
v 0.187500 1.875000 -0.250000
v 0.187500 1.875000 0.000000
v 0.125000 1.875000 0.000000
vn 0 -1 0
f 301//76 302//76 303//76 304//76
v 0.187500 1.875000 -0.187500
v 0.250000 1.875000 -0.187500
v 0.250000 1.875000 -0.062500
v 0.187500 1.875000 -0.062500
vn 0 -1 0
f 305//77 306//77 307//77 308//77
v 0.000000 1.875000 0.125000
v 0.125000 1.875000 0.125000
v 0.125000 1.875000 0.187500
v 0.000000 1.875000 0.187500
vn 0 -1 0
f 309//78 310//78 311//78 312//78
v -0.500000 1.937500 -0.250000
v -0.437500 1.937500 -0.250000
v -0.437500 1.937500 -0.125000
v -0.500000 1.937500 -0.125000
vn 0 -1 0
f 313//79 314//79 315//79 316//79
v 0.187500 1.937500 -0.250000
v 0.250000 1.937500 -0.250000
v 0.250000 1.937500 -0.187500
v 0.187500 1.937500 -0.187500
vn 0 -1 0
f 317//80 318//80 319//80 320//80
v 0.187500 1.937500 -0.062500
v 0.250000 1.937500 -0.062500
v 0.250000 1.937500 0.000000
v 0.187500 1.937500 0.000000
vn 0 -1 0
f 321//81 322//81 323//81 324//81
v 0.000000 1.937500 0.187500
v 0.125000 1.937500 0.187500
v 0.125000 1.937500 0.250000
v 0.000000 1.937500 0.250000
vn 0 -1 0
f 325//82 326//82 327//82 328//82
v -0.312500 2.000000 -0.500000
v -0.250000 2.000000 -0.500000
v -0.250000 2.000000 -0.250000
v -0.312500 2.000000 -0.250000
vn 0 -1 0
f 329//83 330//83 331//83 332//83
v -0.250000 2.000000 -0.500000
v -0.187500 2.000000 -0.500000
v -0.187500 2.000000 -0.375000
v -0.250000 2.000000 -0.375000
vn 0 -1 0
f 333//84 334//84 335//84 336//84
v -0.375000 2.000000 -0.437500
v -0.312500 2.000000 -0.437500
v -0.312500 2.000000 -0.250000
v -0.375000 2.000000 -0.250000
vn 0 -1 0
f 337//85 338//85 339//85 340//85
v -0.187500 2.000000 -0.437500
v -0.125000 2.000000 -0.437500
v -0.125000 2.000000 -0.375000
v -0.187500 2.000000 -0.375000
vn 0 -1 0
f 341//86 342//86 343//86 344//86
v -0.750000 2.000000 -0.250000
v -0.500000 2.000000 -0.250000
v -0.500000 2.000000 -0.125000
v -0.750000 2.000000 -0.125000
vn 0 -1 0
f 345//87 346//87 347//87 348//87
v 0.250000 2.000000 -0.250000
v 0.437500 2.000000 -0.250000
v 0.437500 2.000000 -0.125000
v 0.250000 2.000000 -0.125000
vn 0 -1 0
f 349//88 350//88 351//88 352//88
v 0.437500 2.000000 -0.187500
v 0.500000 2.000000 -0.187500
v 0.500000 2.000000 -0.125000
v 0.437500 2.000000 -0.125000
vn 0 -1 0
f 353//89 354//89 355//89 356//89
v 0.000000 2.000000 0.250000
v 0.125000 2.000000 0.250000
v 0.125000 2.000000 0.375000
v 0.000000 2.000000 0.375000
vn 0 -1 0
f 357//90 358//90 359//90 360//90
v -0.375000 2.062500 -0.500000
v -0.312500 2.062500 -0.500000
v -0.312500 2.062500 -0.437500
v -0.375000 2.062500 -0.437500
vn 0 -1 0
f 361//91 362//91 363//91 364//91
v -0.187500 2.062500 -0.500000
v -0.125000 2.062500 -0.500000
v -0.125000 2.062500 -0.437500
v -0.187500 2.062500 -0.437500
vn 0 -1 0
f 365//92 366//92 367//92 368//92
v 0.437500 2.062500 -0.250000
v 0.500000 2.062500 -0.250000
v 0.500000 2.062500 -0.187500
v 0.437500 2.062500 -0.187500
vn 0 -1 0
f 369//93 370//93 371//93 372//93
v 0.500000 2.125000 -0.250000
v 0.625000 2.125000 -0.250000
v 0.625000 2.125000 -0.125000
v 0.500000 2.125000 -0.125000
vn 0 -1 0
f 373//94 374//94 375//94 376//94
v -0.375000 2.250000 -0.562500
v -0.250000 2.250000 -0.562500
v -0.250000 2.250000 -0.500000
v -0.375000 2.250000 -0.500000
vn 0 -1 0
f 377//95 378//95 379//95 380//95
v -0.375000 2.312500 -0.625000
v -0.250000 2.312500 -0.625000
v -0.250000 2.312500 -0.562500
v -0.375000 2.312500 -0.562500
vn 0 -1 0
f 381//96 382//96 383//96 384//96
v -0.375000 2.312500 -0.625000
v -0.375000 2.500000 -0.625000
v -0.250000 2.500000 -0.625000
v -0.250000 2.312500 -0.625000
vn 0 0 -1
f 385//97 386//97 387//97 388//97
v -0.375000 2.250000 -0.562500
v -0.375000 2.312500 -0.562500
v -0.250000 2.312500 -0.562500
v -0.250000 2.250000 -0.562500
vn 0 0 -1
f 389//98 390//98 391//98 392//98
v -0.375000 2.062500 -0.500000
v -0.375000 2.250000 -0.500000
v -0.125000 2.250000 -0.500000
v -0.125000 2.062500 -0.500000
vn 0 0 -1
f 393//99 394//99 395//99 396//99
v -0.312500 2.000000 -0.500000
v -0.312500 2.062500 -0.500000
v -0.187500 2.062500 -0.500000
v -0.187500 2.000000 -0.500000
vn 0 0 -1
f 397//100 398//100 399//100 400//100
v -0.250000 2.250000 -0.500000
v -0.250000 2.312500 -0.500000
v -0.125000 2.312500 -0.500000
v -0.125000 2.250000 -0.500000
vn 0 0 -1
f 401//101 402//101 403//101 404//101
v -0.250000 2.312500 -0.500000
v -0.250000 2.375000 -0.500000
v -0.187500 2.375000 -0.500000
v -0.187500 2.312500 -0.500000
vn 0 0 -1
f 405//102 406//102 407//102 408//102
v -0.125000 0.000000 -0.500000
v -0.125000 0.062500 -0.500000
v 0.000000 0.062500 -0.500000
v 0.000000 0.000000 -0.500000
vn 0 0 -1
f 409//103 410//103 411//103 412//103
v -0.375000 2.000000 -0.437500
v -0.375000 2.062500 -0.437500
v -0.312500 2.062500 -0.437500
v -0.312500 2.000000 -0.437500
vn 0 0 -1
f 413//104 414//104 415//104 416//104
v -0.187500 2.000000 -0.437500
v -0.187500 2.062500 -0.437500
v -0.125000 2.062500 -0.437500
v -0.125000 2.000000 -0.437500
vn 0 0 -1
f 417//105 418//105 419//105 420//105
v -0.187500 2.312500 -0.437500
v -0.187500 2.375000 -0.437500
v -0.125000 2.375000 -0.437500
v -0.125000 2.312500 -0.437500
vn 0 0 -1
f 421//106 422//106 423//106 424//106
v -0.125000 0.062500 -0.437500
v -0.125000 0.125000 -0.437500
v 0.000000 0.125000 -0.437500
v 0.000000 0.062500 -0.437500
vn 0 0 -1
f 425//107 426//107 427//107 428//107
v -0.250000 0.000000 -0.375000
v -0.250000 0.062500 -0.375000
v -0.125000 0.062500 -0.375000
v -0.125000 0.000000 -0.375000
vn 0 0 -1
f 429//108 430//108 431//108 432//108
v -0.250000 1.687500 -0.375000
v -0.250000 2.000000 -0.375000
v 0.000000 2.000000 -0.375000
v 0.000000 1.687500 -0.375000
vn 0 0 -1
f 433//109 434//109 435//109 436//109
v -0.187500 0.062500 -0.375000
v -0.187500 0.125000 -0.375000
v -0.125000 0.125000 -0.375000
v -0.125000 0.062500 -0.375000
vn 0 0 -1
f 437//110 438//110 439//110 440//110
v -0.187500 1.625000 -0.375000
v -0.187500 1.687500 -0.375000
v -0.062500 1.687500 -0.375000
v -0.062500 1.625000 -0.375000
vn 0 0 -1
f 441//111 442//111 443//111 444//111
v -0.125000 2.000000 -0.375000
v -0.125000 2.062500 -0.375000
v 0.000000 2.062500 -0.375000
v 0.000000 2.000000 -0.375000
vn 0 0 -1
f 445//112 446//112 447//112 448//112
v -0.125000 2.062500 -0.375000
v -0.125000 2.125000 -0.375000
v -0.062500 2.125000 -0.375000
v -0.062500 2.062500 -0.375000
vn 0 0 -1
f 449//113 450//113 451//113 452//113
v -0.250000 0.062500 -0.312500
v -0.250000 0.125000 -0.312500
v -0.187500 0.125000 -0.312500
v -0.187500 0.062500 -0.312500
vn 0 0 -1
f 453//114 454//114 455//114 456//114
v -0.250000 1.625000 -0.312500
v -0.250000 1.687500 -0.312500
v -0.187500 1.687500 -0.312500
v -0.187500 1.625000 -0.312500
vn 0 0 -1
f 457//115 458//115 459//115 460//115
v -0.062500 1.625000 -0.312500
v -0.062500 1.687500 -0.312500
v 0.000000 1.687500 -0.312500
v 0.000000 1.625000 -0.312500
vn 0 0 -1
f 461//116 462//116 463//116 464//116
v -0.062500 2.062500 -0.312500
v -0.062500 2.125000 -0.312500
v 0.000000 2.125000 -0.312500
v 0.000000 2.062500 -0.312500
vn 0 0 -1
f 465//117 466//117 467//117 468//117
v -0.750000 2.000000 -0.250000
v -0.750000 2.125000 -0.250000
v -0.375000 2.125000 -0.250000
v -0.375000 2.000000 -0.250000
vn 0 0 -1
f 469//118 470//118 471//118 472//118
v -0.500000 1.937500 -0.250000
v -0.500000 2.000000 -0.250000
v -0.250000 2.000000 -0.250000
v -0.250000 1.937500 -0.250000
vn 0 0 -1
f 473//119 474//119 475//119 476//119
v -0.437500 1.875000 -0.250000
v -0.437500 1.937500 -0.250000
v -0.250000 1.937500 -0.250000
v -0.250000 1.875000 -0.250000
vn 0 0 -1
f 477//120 478//120 479//120 480//120
v -0.375000 0.000000 -0.250000
v -0.375000 0.062500 -0.250000
v -0.250000 0.062500 -0.250000
v -0.250000 0.000000 -0.250000
vn 0 0 -1
f 481//121 482//121 483//121 484//121
v -0.375000 1.562500 -0.250000
v -0.375000 1.625000 -0.250000
v 0.125000 1.625000 -0.250000
v 0.125000 1.562500 -0.250000
vn 0 0 -1
f 485//122 486//122 487//122 488//122
v -0.375000 1.625000 -0.250000
v -0.375000 1.875000 -0.250000
v -0.250000 1.875000 -0.250000
v -0.250000 1.625000 -0.250000
vn 0 0 -1
f 489//123 490//123 491//123 492//123
v -0.312500 0.062500 -0.250000
v -0.312500 0.125000 -0.250000
v -0.250000 0.125000 -0.250000
v -0.250000 0.062500 -0.250000
vn 0 0 -1
f 493//124 494//124 495//124 496//124
v -0.312500 1.500000 -0.250000
v -0.312500 1.562500 -0.250000
v 0.062500 1.562500 -0.250000
v 0.062500 1.500000 -0.250000
vn 0 0 -1
f 497//125 498//125 499//125 500//125
v -0.250000 0.562500 -0.250000
v -0.250000 0.625000 -0.250000
v 0.062500 0.625000 -0.250000
v 0.062500 0.562500 -0.250000
vn 0 0 -1
f 501//126 502//126 503//126 504//126
v -0.250000 0.625000 -0.250000
v -0.250000 1.500000 -0.250000
v 0.000000 1.500000 -0.250000
v 0.000000 0.625000 -0.250000
vn 0 0 -1
f 505//127 506//127 507//127 508//127
v -0.187500 0.500000 -0.250000
v -0.187500 0.562500 -0.250000
v 0.125000 0.562500 -0.250000
v 0.125000 0.500000 -0.250000
vn 0 0 -1
f 509//128 510//128 511//128 512//128
v -0.125000 0.125000 -0.250000
v -0.125000 0.500000 -0.250000
v 0.125000 0.500000 -0.250000
v 0.125000 0.125000 -0.250000
vn 0 0 -1
f 513//129 514//129 515//129 516//129
v 0.000000 0.000000 -0.250000
v 0.000000 0.125000 -0.250000
v 0.125000 0.125000 -0.250000
v 0.125000 0.000000 -0.250000
vn 0 0 -1
f 517//130 518//130 519//130 520//130
v 0.000000 1.625000 -0.250000
v 0.000000 2.125000 -0.250000
v 0.125000 2.125000 -0.250000
v 0.125000 1.625000 -0.250000
vn 0 0 -1
f 521//131 522//131 523//131 524//131
v 0.125000 1.875000 -0.250000
v 0.125000 2.187500 -0.250000
v 0.187500 2.187500 -0.250000
v 0.187500 1.875000 -0.250000
vn 0 0 -1
f 525//132 526//132 527//132 528//132
v 0.187500 1.937500 -0.250000
v 0.187500 2.250000 -0.250000
v 0.250000 2.250000 -0.250000
v 0.250000 1.937500 -0.250000
vn 0 0 -1
f 529//133 530//133 531//133 532//133
v 0.250000 2.000000 -0.250000
v 0.250000 2.250000 -0.250000
v 0.437500 2.250000 -0.250000
v 0.437500 2.000000 -0.250000
vn 0 0 -1
f 533//134 534//134 535//134 536//134
v 0.375000 2.250000 -0.250000
v 0.375000 2.375000 -0.250000
v 0.500000 2.375000 -0.250000
v 0.500000 2.250000 -0.250000
vn 0 0 -1
f 537//135 538//135 539//135 540//135
v 0.437500 2.062500 -0.250000
v 0.437500 2.250000 -0.250000
v 0.500000 2.250000 -0.250000
v 0.500000 2.062500 -0.250000
vn 0 0 -1
f 541//136 542//136 543//136 544//136
v -0.250000 0.500000 -0.187500
v -0.250000 0.562500 -0.187500
v -0.187500 0.562500 -0.187500
v -0.187500 0.500000 -0.187500
vn 0 0 -1
f 545//137 546//137 547//137 548//137
v 0.062500 0.562500 -0.187500
v 0.062500 0.625000 -0.187500
v 0.125000 0.625000 -0.187500
v 0.125000 0.562500 -0.187500
vn 0 0 -1
f 549//138 550//138 551//138 552//138
v 0.062500 1.500000 -0.187500
v 0.062500 1.562500 -0.187500
v 0.125000 1.562500 -0.187500
v 0.125000 1.500000 -0.187500
vn 0 0 -1
f 553//139 554//139 555//139 556//139
v 0.125000 2.187500 -0.187500
v 0.125000 2.250000 -0.187500
v 0.187500 2.250000 -0.187500
v 0.187500 2.187500 -0.187500
vn 0 0 -1
f 557//140 558//140 559//140 560//140
v 0.187500 1.875000 -0.187500
v 0.187500 1.937500 -0.187500
v 0.250000 1.937500 -0.187500
v 0.250000 1.875000 -0.187500
vn 0 0 -1
f 561//141 562//141 563//141 564//141
v 0.437500 2.000000 -0.187500
v 0.437500 2.062500 -0.187500
v 0.500000 2.062500 -0.187500
v 0.500000 2.000000 -0.187500
vn 0 0 -1
f 565//142 566//142 567//142 568//142
v 0.125000 0.000000 0.000000
v 0.125000 0.062500 0.000000
v 0.250000 0.062500 0.000000
v 0.250000 0.000000 0.000000
vn 0 0 -1
f 569//143 570//143 571//143 572//143
v 0.125000 0.062500 0.000000
v 0.125000 0.125000 0.000000
v 0.187500 0.125000 0.000000
v 0.187500 0.062500 0.000000
vn 0 0 -1
f 573//144 574//144 575//144 576//144
v 0.187500 0.062500 0.062500
v 0.187500 0.125000 0.062500
v 0.250000 0.125000 0.062500
v 0.250000 0.062500 0.062500
vn 0 0 -1
f 577//145 578//145 579//145 580//145
v -0.125000 1.937500 -0.125000
v -0.125000 2.000000 -0.125000
v -0.500000 2.000000 -0.125000
v -0.500000 1.937500 -0.125000
vn 0 0 1
f 581//146 582//146 583//146 584//146
v -0.125000 1.875000 -0.125000
v -0.125000 1.937500 -0.125000
v -0.437500 1.937500 -0.125000
v -0.437500 1.875000 -0.125000
vn 0 0 1
f 585//147 586//147 587//147 588//147
v -0.125000 0.000000 -0.125000
v -0.125000 0.062500 -0.125000
v -0.375000 0.062500 -0.125000
v -0.375000 0.000000 -0.125000
vn 0 0 1
f 589//148 590//148 591//148 592//148
v -0.125000 1.562500 -0.125000
v -0.125000 1.875000 -0.125000
v -0.375000 1.875000 -0.125000
v -0.375000 1.562500 -0.125000
vn 0 0 1
f 593//149 594//149 595//149 596//149
v -0.125000 0.062500 -0.125000
v -0.125000 0.125000 -0.125000
v -0.312500 0.125000 -0.125000
v -0.312500 0.062500 -0.125000
vn 0 0 1
f 597//150 598//150 599//150 600//150
v -0.125000 1.500000 -0.125000
v -0.125000 1.562500 -0.125000
v -0.312500 1.562500 -0.125000
v -0.312500 1.500000 -0.125000
vn 0 0 1
f 601//151 602//151 603//151 604//151
v 0.000000 1.125000 -0.125000
v 0.000000 1.500000 -0.125000
v -0.250000 1.500000 -0.125000
v -0.250000 1.125000 -0.125000
vn 0 0 1
f 605//152 606//152 607//152 608//152
v 0.000000 2.000000 -0.125000
v 0.000000 2.125000 -0.125000
v -0.125000 2.125000 -0.125000
v -0.125000 2.000000 -0.125000
vn 0 0 1
f 609//153 610//153 611//153 612//153
v 0.500000 2.250000 -0.125000
v 0.500000 2.375000 -0.125000
v 0.375000 2.375000 -0.125000
v 0.375000 2.250000 -0.125000
vn 0 0 1
f 613//154 614//154 615//154 616//154
v -0.187500 0.500000 -0.062500
v -0.187500 0.562500 -0.062500
v -0.250000 0.562500 -0.062500
v -0.250000 0.500000 -0.062500
vn 0 0 1
f 617//155 618//155 619//155 620//155
v -0.187500 1.062500 -0.062500
v -0.187500 1.125000 -0.062500
v -0.250000 1.125000 -0.062500
v -0.250000 1.062500 -0.062500
vn 0 0 1
f 621//156 622//156 623//156 624//156
v -0.062500 1.500000 -0.062500
v -0.062500 1.562500 -0.062500
v -0.125000 1.562500 -0.062500
v -0.125000 1.500000 -0.062500
vn 0 0 1
f 625//157 626//157 627//157 628//157
v 0.000000 1.062500 -0.062500
v 0.000000 1.125000 -0.062500
v -0.062500 1.125000 -0.062500
v -0.062500 1.062500 -0.062500
vn 0 0 1
f 629//158 630//158 631//158 632//158
v 0.125000 0.562500 -0.062500
v 0.125000 0.625000 -0.062500
v 0.062500 0.625000 -0.062500
v 0.062500 0.562500 -0.062500
vn 0 0 1
f 633//159 634//159 635//159 636//159
v 0.125000 1.500000 -0.062500
v 0.125000 1.562500 -0.062500
v 0.062500 1.562500 -0.062500
v 0.062500 1.500000 -0.062500
vn 0 0 1
f 637//160 638//160 639//160 640//160
v 0.250000 1.875000 -0.062500
v 0.250000 1.937500 -0.062500
v 0.187500 1.937500 -0.062500
v 0.187500 1.875000 -0.062500
vn 0 0 1
f 641//161 642//161 643//161 644//161
v 0.062500 0.562500 0.000000
v 0.062500 0.625000 0.000000
v -0.250000 0.625000 0.000000
v -0.250000 0.562500 0.000000
vn 0 0 1
f 645//162 646//162 647//162 648//162
v 0.000000 0.625000 0.000000
v 0.000000 1.062500 0.000000
v -0.250000 1.062500 0.000000
v -0.250000 0.625000 0.000000
vn 0 0 1
f 649//163 650//163 651//163 652//163
v 0.125000 0.500000 0.000000
v 0.125000 0.562500 0.000000
v -0.187500 0.562500 0.000000
v -0.187500 0.500000 0.000000
vn 0 0 1
f 653//164 654//164 655//164 656//164
v -0.062500 1.062500 0.000000
v -0.062500 1.125000 0.000000
v -0.187500 1.125000 0.000000
v -0.187500 1.062500 0.000000
vn 0 0 1
f 657//165 658//165 659//165 660//165
v 0.000000 0.000000 0.000000
v 0.000000 0.500000 0.000000
v -0.125000 0.500000 0.000000
v -0.125000 0.000000 0.000000
vn 0 0 1
f 661//166 662//166 663//166 664//166
v 0.125000 1.562500 0.000000
v 0.125000 1.625000 0.000000
v -0.125000 1.625000 0.000000
v -0.125000 1.562500 0.000000
vn 0 0 1
f 665//167 666//167 667//167 668//167
v 0.062500 1.500000 0.000000
v 0.062500 1.562500 0.000000
v -0.062500 1.562500 0.000000
v -0.062500 1.500000 0.000000
vn 0 0 1
f 669//168 670//168 671//168 672//168
v 0.125000 0.125000 0.000000
v 0.125000 0.500000 0.000000
v 0.000000 0.500000 0.000000
v 0.000000 0.125000 0.000000
vn 0 0 1
f 673//169 674//169 675//169 676//169
v 0.187500 1.875000 0.000000
v 0.187500 2.000000 0.000000
v 0.125000 2.000000 0.000000
v 0.125000 1.875000 0.000000
vn 0 0 1
f 677//170 678//170 679//170 680//170
v 0.250000 1.937500 0.000000
v 0.250000 2.000000 0.000000
v 0.187500 2.000000 0.000000
v 0.187500 1.937500 0.000000
vn 0 0 1
f 681//171 682//171 683//171 684//171
v -0.062500 1.625000 0.062500
v -0.062500 1.687500 0.062500
v -0.125000 1.687500 0.062500
v -0.125000 1.625000 0.062500
vn 0 0 1
f 685//172 686//172 687//172 688//172
v -0.062500 1.937500 0.062500
v -0.062500 2.000000 0.062500
v -0.125000 2.000000 0.062500
v -0.125000 1.937500 0.062500
vn 0 0 1
f 689//173 690//173 691//173 692//173
v 0.125000 1.625000 0.062500
v 0.125000 1.687500 0.062500
v 0.062500 1.687500 0.062500
v 0.062500 1.625000 0.062500
vn 0 0 1
f 693//174 694//174 695//174 696//174
v 0.125000 1.687500 0.125000
v 0.125000 1.875000 0.125000
v -0.125000 1.875000 0.125000
v -0.125000 1.687500 0.125000
vn 0 0 1
f 697//175 698//175 699//175 700//175
v 0.000000 1.875000 0.125000
v 0.000000 1.937500 0.125000
v -0.125000 1.937500 0.125000
v -0.125000 1.875000 0.125000
vn 0 0 1
f 701//176 702//176 703//176 704//176
v 0.062500 1.625000 0.125000
v 0.062500 1.687500 0.125000
v -0.062500 1.687500 0.125000
v -0.062500 1.625000 0.125000
vn 0 0 1
f 705//177 706//177 707//177 708//177
v 0.000000 1.937500 0.125000
v 0.000000 2.000000 0.125000
v -0.062500 2.000000 0.125000
v -0.062500 1.937500 0.125000
vn 0 0 1
f 709//178 710//178 711//178 712//178
v 0.062500 0.062500 0.187500
v 0.062500 0.125000 0.187500
v 0.000000 0.125000 0.187500
v 0.000000 0.062500 0.187500
vn 0 0 1
f 713//179 714//179 715//179 716//179
v 0.125000 1.875000 0.187500
v 0.125000 1.937500 0.187500
v 0.000000 1.937500 0.187500
v 0.000000 1.875000 0.187500
vn 0 0 1
f 717//180 718//180 719//180 720//180
v 0.250000 0.062500 0.187500
v 0.250000 0.125000 0.187500
v 0.187500 0.125000 0.187500
v 0.187500 0.062500 0.187500
vn 0 0 1
f 721//181 722//181 723//181 724//181
v 0.250000 0.000000 0.250000
v 0.250000 0.062500 0.250000
v 0.000000 0.062500 0.250000
v 0.000000 0.000000 0.250000
vn 0 0 1
f 725//182 726//182 727//182 728//182
v 0.125000 1.937500 0.250000
v 0.125000 2.000000 0.250000
v 0.000000 2.000000 0.250000
v 0.000000 1.937500 0.250000
vn 0 0 1
f 729//183 730//183 731//183 732//183
v 0.187500 0.062500 0.250000
v 0.187500 0.125000 0.250000
v 0.062500 0.125000 0.250000
v 0.062500 0.062500 0.250000
vn 0 0 1
f 733//184 734//184 735//184 736//184
v -0.125000 0.062500 -0.437500
v 0.000000 0.062500 -0.437500
v 0.000000 0.062500 -0.500000
v -0.125000 0.062500 -0.500000
vn 0 1 0
f 737//185 738//185 739//185 740//185
v -0.250000 0.062500 -0.312500
v -0.187500 0.062500 -0.312500
v -0.187500 0.062500 -0.375000
v -0.250000 0.062500 -0.375000
vn 0 1 0
f 741//186 742//186 743//186 744//186
v -0.375000 0.062500 -0.125000
v -0.312500 0.062500 -0.125000
v -0.312500 0.062500 -0.250000
v -0.375000 0.062500 -0.250000
vn 0 1 0
f 745//187 746//187 747//187 748//187
v 0.187500 0.062500 0.062500
v 0.250000 0.062500 0.062500
v 0.250000 0.062500 0.000000
v 0.187500 0.062500 0.000000
vn 0 1 0
f 749//188 750//188 751//188 752//188
v 0.000000 0.062500 0.250000
v 0.062500 0.062500 0.250000
v 0.062500 0.062500 0.187500
v 0.000000 0.062500 0.187500
vn 0 1 0
f 753//189 754//189 755//189 756//189
v 0.187500 0.062500 0.250000
v 0.250000 0.062500 0.250000
v 0.250000 0.062500 0.187500
v 0.187500 0.062500 0.187500
vn 0 1 0
f 757//190 758//190 759//190 760//190
v -0.125000 0.125000 -0.250000
v 0.000000 0.125000 -0.250000
v 0.000000 0.125000 -0.437500
v -0.125000 0.125000 -0.437500
vn 0 1 0
f 761//191 762//191 763//191 764//191
v -0.187500 0.125000 -0.125000
v -0.125000 0.125000 -0.125000
v -0.125000 0.125000 -0.375000
v -0.187500 0.125000 -0.375000
vn 0 1 0
f 765//192 766//192 767//192 768//192
v -0.250000 0.125000 -0.125000
v -0.187500 0.125000 -0.125000
v -0.187500 0.125000 -0.312500
v -0.250000 0.125000 -0.312500
vn 0 1 0
f 769//193 770//193 771//193 772//193
v -0.312500 0.125000 -0.125000
v -0.250000 0.125000 -0.125000
v -0.250000 0.125000 -0.250000
v -0.312500 0.125000 -0.250000
vn 0 1 0
f 773//194 774//194 775//194 776//194
v 0.000000 0.125000 0.187500
v 0.187500 0.125000 0.187500
v 0.187500 0.125000 0.000000
v 0.000000 0.125000 0.000000
vn 0 1 0
f 777//195 778//195 779//195 780//195
v 0.187500 0.125000 0.187500
v 0.250000 0.125000 0.187500
v 0.250000 0.125000 0.062500
v 0.187500 0.125000 0.062500
vn 0 1 0
f 781//196 782//196 783//196 784//196
v 0.062500 0.125000 0.250000
v 0.187500 0.125000 0.250000
v 0.187500 0.125000 0.187500
v 0.062500 0.125000 0.187500
vn 0 1 0
f 785//197 786//197 787//197 788//197
v 0.062500 0.562500 -0.187500
v 0.125000 0.562500 -0.187500
v 0.125000 0.562500 -0.250000
v 0.062500 0.562500 -0.250000
vn 0 1 0
f 789//198 790//198 791//198 792//198
v 0.062500 0.562500 0.000000
v 0.125000 0.562500 0.000000
v 0.125000 0.562500 -0.062500
v 0.062500 0.562500 -0.062500
vn 0 1 0
f 793//199 794//199 795//199 796//199
v 0.000000 0.625000 0.000000
v 0.062500 0.625000 0.000000
v 0.062500 0.625000 -0.250000
v 0.000000 0.625000 -0.250000
vn 0 1 0
f 797//200 798//200 799//200 800//200
v 0.062500 0.625000 -0.062500
v 0.125000 0.625000 -0.062500
v 0.125000 0.625000 -0.187500
v 0.062500 0.625000 -0.187500
vn 0 1 0
f 801//201 802//201 803//201 804//201
v -0.250000 1.062500 0.000000
v -0.187500 1.062500 0.000000
v -0.187500 1.062500 -0.062500
v -0.250000 1.062500 -0.062500
vn 0 1 0
f 805//202 806//202 807//202 808//202
v -0.062500 1.062500 0.000000
v 0.000000 1.062500 0.000000
v 0.000000 1.062500 -0.062500
v -0.062500 1.062500 -0.062500
vn 0 1 0
f 809//203 810//203 811//203 812//203
v -0.250000 1.125000 -0.062500
v 0.000000 1.125000 -0.062500
v 0.000000 1.125000 -0.125000
v -0.250000 1.125000 -0.125000
vn 0 1 0
f 813//204 814//204 815//204 816//204
v -0.187500 1.125000 0.000000
v -0.062500 1.125000 0.000000
v -0.062500 1.125000 -0.062500
v -0.187500 1.125000 -0.062500
vn 0 1 0
f 817//205 818//205 819//205 820//205
v -0.125000 1.937500 0.125000
v -0.062500 1.937500 0.125000
v -0.062500 1.937500 0.062500
v -0.125000 1.937500 0.062500
vn 0 1 0
f 821//206 822//206 823//206 824//206
v -0.125000 2.000000 0.062500
v 0.000000 2.000000 0.062500
v 0.000000 2.000000 -0.125000
v -0.125000 2.000000 -0.125000
vn 0 1 0
f 825//207 826//207 827//207 828//207
v -0.062500 2.000000 0.125000
v 0.000000 2.000000 0.125000
v 0.000000 2.000000 0.062500
v -0.062500 2.000000 0.062500
vn 0 1 0
f 829//208 830//208 831//208 832//208
v -0.062500 2.062500 -0.312500
v 0.000000 2.062500 -0.312500
v 0.000000 2.062500 -0.375000
v -0.062500 2.062500 -0.375000
vn 0 1 0
f 833//209 834//209 835//209 836//209
v -0.125000 2.125000 -0.125000
v -0.062500 2.125000 -0.125000
v -0.062500 2.125000 -0.375000
v -0.125000 2.125000 -0.375000
vn 0 1 0
f 837//210 838//210 839//210 840//210
v -0.062500 2.125000 -0.125000
v 0.000000 2.125000 -0.125000
v 0.000000 2.125000 -0.312500
v -0.062500 2.125000 -0.312500
vn 0 1 0
f 841//211 842//211 843//211 844//211
v 0.000000 2.125000 -0.125000
v 0.125000 2.125000 -0.125000
v 0.125000 2.125000 -0.250000
v 0.000000 2.125000 -0.250000
vn 0 1 0
f 845//212 846//212 847//212 848//212
v 0.125000 2.187500 -0.187500
v 0.187500 2.187500 -0.187500
v 0.187500 2.187500 -0.250000
v 0.125000 2.187500 -0.250000
vn 0 1 0
f 849//213 850//213 851//213 852//213
v 0.187500 2.250000 -0.125000
v 0.375000 2.250000 -0.125000
v 0.375000 2.250000 -0.250000
v 0.187500 2.250000 -0.250000
vn 0 1 0
f 853//214 854//214 855//214 856//214
v 0.125000 2.250000 -0.125000
v 0.187500 2.250000 -0.125000
v 0.187500 2.250000 -0.187500
v 0.125000 2.250000 -0.187500
vn 0 1 0
f 857//215 858//215 859//215 860//215
v -0.187500 2.312500 -0.437500
v -0.125000 2.312500 -0.437500
v -0.125000 2.312500 -0.500000
v -0.187500 2.312500 -0.500000
vn 0 1 0
f 861//216 862//216 863//216 864//216
v -0.250000 2.375000 -0.375000
v -0.187500 2.375000 -0.375000
v -0.187500 2.375000 -0.500000
v -0.250000 2.375000 -0.500000
vn 0 1 0
f 865//217 866//217 867//217 868//217
v -0.187500 2.375000 -0.375000
v -0.125000 2.375000 -0.375000
v -0.125000 2.375000 -0.437500
v -0.187500 2.375000 -0.437500
vn 0 1 0
f 869//218 870//218 871//218 872//218
v -0.250000 2.250000 -0.562500
v -0.250000 2.500000 -0.562500
v -0.250000 2.500000 -0.500000
v -0.250000 2.250000 -0.500000
vn 1 0 0
f 873//219 874//219 875//219 876//219
v -0.250000 2.312500 -0.625000
v -0.250000 2.500000 -0.625000
v -0.250000 2.500000 -0.562500
v -0.250000 2.312500 -0.562500
vn 1 0 0
f 877//220 878//220 879//220 880//220
v -0.250000 2.375000 -0.500000
v -0.250000 2.500000 -0.500000
v -0.250000 2.500000 -0.375000
v -0.250000 2.375000 -0.375000
vn 1 0 0
f 881//221 882//221 883//221 884//221
v -0.187500 2.000000 -0.500000
v -0.187500 2.062500 -0.500000
v -0.187500 2.062500 -0.437500
v -0.187500 2.000000 -0.437500
vn 1 0 0
f 885//222 886//222 887//222 888//222
v -0.187500 2.312500 -0.500000
v -0.187500 2.375000 -0.500000
v -0.187500 2.375000 -0.437500
v -0.187500 2.312500 -0.437500
vn 1 0 0
f 889//223 890//223 891//223 892//223
v -0.125000 2.000000 -0.437500
v -0.125000 2.375000 -0.437500
v -0.125000 2.375000 -0.375000
v -0.125000 2.000000 -0.375000
vn 1 0 0
f 893//224 894//224 895//224 896//224
v -0.125000 2.062500 -0.500000
v -0.125000 2.312500 -0.500000
v -0.125000 2.312500 -0.437500
v -0.125000 2.062500 -0.437500
vn 1 0 0
f 897//225 898//225 899//225 900//225
v -0.125000 2.125000 -0.375000
v -0.125000 2.250000 -0.375000
v -0.125000 2.250000 -0.250000
v -0.125000 2.125000 -0.250000
vn 1 0 0
f 901//226 902//226 903//226 904//226
v -0.062500 1.062500 -0.062500
v -0.062500 1.125000 -0.062500
v -0.062500 1.125000 0.000000
v -0.062500 1.062500 0.000000
vn 1 0 0
f 905//227 906//227 907//227 908//227
v -0.062500 1.625000 -0.375000
v -0.062500 1.687500 -0.375000
v -0.062500 1.687500 -0.312500
v -0.062500 1.625000 -0.312500
vn 1 0 0
f 909//228 910//228 911//228 912//228
v -0.062500 2.062500 -0.375000
v -0.062500 2.125000 -0.375000
v -0.062500 2.125000 -0.312500
v -0.062500 2.062500 -0.312500
vn 1 0 0
f 913//229 914//229 915//229 916//229
v 0.000000 0.000000 -0.500000
v 0.000000 0.062500 -0.500000
v 0.000000 0.062500 -0.250000
v 0.000000 0.000000 -0.250000
vn 1 0 0
f 917//230 918//230 919//230 920//230
v 0.000000 0.062500 -0.437500
v 0.000000 0.125000 -0.437500
v 0.000000 0.125000 -0.250000
v 0.000000 0.062500 -0.250000
vn 1 0 0
f 921//231 922//231 923//231 924//231
v 0.000000 0.625000 -0.250000
v 0.000000 1.500000 -0.250000
v 0.000000 1.500000 -0.125000
v 0.000000 0.625000 -0.125000
vn 1 0 0
f 925//232 926//232 927//232 928//232
v 0.000000 0.625000 -0.125000
v 0.000000 1.125000 -0.125000
v 0.000000 1.125000 -0.062500
v 0.000000 0.625000 -0.062500
vn 1 0 0
f 929//233 930//233 931//233 932//233
v 0.000000 0.625000 -0.062500
v 0.000000 1.062500 -0.062500
v 0.000000 1.062500 0.000000
v 0.000000 0.625000 0.000000
vn 1 0 0
f 933//234 934//234 935//234 936//234
v 0.000000 1.625000 -0.312500
v 0.000000 2.125000 -0.312500
v 0.000000 2.125000 -0.250000
v 0.000000 1.625000 -0.250000
vn 1 0 0
f 937//235 938//235 939//235 940//235
v 0.000000 1.687500 -0.375000
v 0.000000 2.062500 -0.375000
v 0.000000 2.062500 -0.312500
v 0.000000 1.687500 -0.312500
vn 1 0 0
f 941//236 942//236 943//236 944//236
v 0.062500 0.562500 -0.250000
v 0.062500 0.625000 -0.250000
v 0.062500 0.625000 -0.187500
v 0.062500 0.562500 -0.187500
vn 1 0 0
f 945//237 946//237 947//237 948//237
v 0.062500 0.562500 -0.062500
v 0.062500 0.625000 -0.062500
v 0.062500 0.625000 0.000000
v 0.062500 0.562500 0.000000
vn 1 0 0
f 949//238 950//238 951//238 952//238
v 0.062500 1.500000 -0.250000
v 0.062500 1.562500 -0.250000
v 0.062500 1.562500 -0.187500
v 0.062500 1.500000 -0.187500
vn 1 0 0
f 953//239 954//239 955//239 956//239
v 0.062500 1.500000 -0.062500
v 0.062500 1.562500 -0.062500
v 0.062500 1.562500 0.000000
v 0.062500 1.500000 0.000000
vn 1 0 0
f 957//240 958//240 959//240 960//240
v 0.062500 1.625000 0.062500
v 0.062500 1.687500 0.062500
v 0.062500 1.687500 0.125000
v 0.062500 1.625000 0.125000
vn 1 0 0
f 961//241 962//241 963//241 964//241
v 0.125000 0.000000 -0.250000
v 0.125000 0.562500 -0.250000
v 0.125000 0.562500 0.000000
v 0.125000 0.000000 0.000000
vn 1 0 0
f 965//242 966//242 967//242 968//242
v 0.125000 0.562500 -0.187500
v 0.125000 0.625000 -0.187500
v 0.125000 0.625000 -0.062500
v 0.125000 0.562500 -0.062500
vn 1 0 0
f 969//243 970//243 971//243 972//243
v 0.125000 1.500000 -0.187500
v 0.125000 1.875000 -0.187500
v 0.125000 1.875000 -0.062500
v 0.125000 1.500000 -0.062500
vn 1 0 0
f 973//244 974//244 975//244 976//244
v 0.125000 1.562500 -0.250000
v 0.125000 1.875000 -0.250000
v 0.125000 1.875000 -0.187500
v 0.125000 1.562500 -0.187500
vn 1 0 0
f 977//245 978//245 979//245 980//245
v 0.125000 1.562500 -0.062500
v 0.125000 1.875000 -0.062500
v 0.125000 1.875000 0.000000
v 0.125000 1.562500 0.000000
vn 1 0 0
f 981//246 982//246 983//246 984//246
v 0.125000 1.625000 0.000000
v 0.125000 2.000000 0.000000
v 0.125000 2.000000 0.062500
v 0.125000 1.625000 0.062500
vn 1 0 0
f 985//247 986//247 987//247 988//247
v 0.125000 1.687500 0.062500
v 0.125000 2.000000 0.062500
v 0.125000 2.000000 0.125000
v 0.125000 1.687500 0.125000
vn 1 0 0
f 989//248 990//248 991//248 992//248
v 0.125000 1.875000 0.125000
v 0.125000 2.000000 0.125000
v 0.125000 2.000000 0.187500
v 0.125000 1.875000 0.187500
vn 1 0 0
f 993//249 994//249 995//249 996//249
v 0.125000 1.937500 0.187500
v 0.125000 2.000000 0.187500
v 0.125000 2.000000 0.250000
v 0.125000 1.937500 0.250000
vn 1 0 0
f 997//250 998//250 999//250 1000//250
v 0.187500 0.062500 0.000000
v 0.187500 0.125000 0.000000
v 0.187500 0.125000 0.062500
v 0.187500 0.062500 0.062500
vn 1 0 0
f 1001//251 1002//251 1003//251 1004//251
v 0.187500 0.062500 0.187500
v 0.187500 0.125000 0.187500
v 0.187500 0.125000 0.250000
v 0.187500 0.062500 0.250000
vn 1 0 0
f 1005//252 1006//252 1007//252 1008//252
v 0.187500 1.875000 -0.250000
v 0.187500 1.937500 -0.250000
v 0.187500 1.937500 -0.187500
v 0.187500 1.875000 -0.187500
vn 1 0 0
f 1009//253 1010//253 1011//253 1012//253
v 0.187500 1.875000 -0.062500
v 0.187500 1.937500 -0.062500
v 0.187500 1.937500 0.000000
v 0.187500 1.875000 0.000000
vn 1 0 0
f 1013//254 1014//254 1015//254 1016//254
v 0.250000 0.000000 0.000000
v 0.250000 0.062500 0.000000
v 0.250000 0.062500 0.250000
v 0.250000 0.000000 0.250000
vn 1 0 0
f 1017//255 1018//255 1019//255 1020//255
v 0.250000 0.062500 0.062500
v 0.250000 0.125000 0.062500
v 0.250000 0.125000 0.187500
v 0.250000 0.062500 0.187500
vn 1 0 0
f 1021//256 1022//256 1023//256 1024//256
v 0.250000 1.875000 -0.187500
v 0.250000 2.000000 -0.187500
v 0.250000 2.000000 -0.062500
v 0.250000 1.875000 -0.062500
vn 1 0 0
f 1025//257 1026//257 1027//257 1028//257
v 0.250000 1.937500 -0.250000
v 0.250000 2.000000 -0.250000
v 0.250000 2.000000 -0.187500
v 0.250000 1.937500 -0.187500
vn 1 0 0
f 1029//258 1030//258 1031//258 1032//258
v 0.250000 1.937500 -0.062500
v 0.250000 2.000000 -0.062500
v 0.250000 2.000000 0.000000
v 0.250000 1.937500 0.000000
vn 1 0 0
f 1033//259 1034//259 1035//259 1036//259
v 0.437500 2.000000 -0.250000
v 0.437500 2.062500 -0.250000
v 0.437500 2.062500 -0.187500
v 0.437500 2.000000 -0.187500
vn 1 0 0
f 1037//260 1038//260 1039//260 1040//260
v 0.500000 2.000000 -0.187500
v 0.500000 2.125000 -0.187500
v 0.500000 2.125000 -0.125000
v 0.500000 2.000000 -0.125000
vn 1 0 0
f 1041//261 1042//261 1043//261 1044//261
v 0.500000 2.062500 -0.250000
v 0.500000 2.125000 -0.250000
v 0.500000 2.125000 -0.187500
v 0.500000 2.062500 -0.187500
vn 1 0 0
f 1045//262 1046//262 1047//262 1048//262
g palette_2
usemtl palette_2
v -2.000000 2.500000 0.250000
v -2.000000 2.625000 0.250000
v -2.000000 2.625000 -0.187500
v -2.000000 2.500000 -0.187500
vn -1 0 0
f 1049//263 1050//263 1051//263 1052//263
v -1.937500 2.500000 -0.187500
v -1.937500 2.625000 -0.187500
v -1.937500 2.625000 -0.250000
v -1.937500 2.500000 -0.250000
vn -1 0 0
f 1053//264 1054//264 1055//264 1056//264
v -1.875000 2.000000 0.312500
v -1.875000 2.250000 0.312500
v -1.875000 2.250000 -0.312500
v -1.875000 2.000000 -0.312500
vn -1 0 0
f 1057//265 1058//265 1059//265 1060//265
v -1.875000 2.062500 -0.312500
v -1.875000 2.250000 -0.312500
v -1.875000 2.250000 -0.375000
v -1.875000 2.062500 -0.375000
vn -1 0 0
f 1061//266 1062//266 1063//266 1064//266
v -1.875000 2.062500 0.375000
v -1.875000 2.187500 0.375000
v -1.875000 2.187500 0.312500
v -1.875000 2.062500 0.312500
vn -1 0 0
f 1065//267 1066//267 1067//267 1068//267
v -1.875000 2.125000 -0.375000
v -1.875000 2.250000 -0.375000
v -1.875000 2.250000 -0.437500
v -1.875000 2.125000 -0.437500
vn -1 0 0
f 1069//268 1070//268 1071//268 1072//268
v -1.875000 2.625000 0.250000
v -1.875000 2.687500 0.250000
v -1.875000 2.687500 -0.250000
v -1.875000 2.625000 -0.250000
vn -1 0 0
f 1073//269 1074//269 1075//269 1076//269
v -1.875000 2.687500 0.187500
v -1.875000 2.750000 0.187500
v -1.875000 2.750000 -0.187500
v -1.875000 2.687500 -0.187500
vn -1 0 0
f 1077//270 1078//270 1079//270 1080//270
v -1.812500 2.000000 -0.312500
v -1.812500 2.062500 -0.312500
v -1.812500 2.062500 -0.375000
v -1.812500 2.000000 -0.375000
vn -1 0 0
f 1081//271 1082//271 1083//271 1084//271
v -1.812500 2.000000 0.375000
v -1.812500 2.062500 0.375000
v -1.812500 2.062500 0.312500
v -1.812500 2.000000 0.312500
vn -1 0 0
f 1085//272 1086//272 1087//272 1088//272
v -1.812500 2.125000 -0.437500
v -1.812500 2.250000 -0.437500
v -1.812500 2.250000 -0.500000
v -1.812500 2.125000 -0.500000
vn -1 0 0
f 1089//273 1090//273 1091//273 1092//273
v -1.812500 2.187500 0.375000
v -1.812500 2.250000 0.375000
v -1.812500 2.250000 0.312500
v -1.812500 2.187500 0.312500
vn -1 0 0
f 1093//274 1094//274 1095//274 1096//274
v -1.812500 2.687500 -0.187500
v -1.812500 2.750000 -0.187500
v -1.812500 2.750000 -0.250000
v -1.812500 2.687500 -0.250000
vn -1 0 0
f 1097//275 1098//275 1099//275 1100//275
v -1.812500 2.687500 0.250000
v -1.812500 2.750000 0.250000
v -1.812500 2.750000 0.187500
v -1.812500 2.687500 0.187500
vn -1 0 0
f 1101//276 1102//276 1103//276 1104//276
v -1.750000 2.250000 0.250000
v -1.750000 2.312500 0.250000
v -1.750000 2.312500 -0.500000
v -1.750000 2.250000 -0.500000
vn -1 0 0
f 1105//277 1106//277 1107//277 1108//277
v -1.750000 2.312500 0.250000
v -1.750000 2.375000 0.250000
v -1.750000 2.375000 -0.437500
v -1.750000 2.312500 -0.437500
vn -1 0 0
f 1109//278 1110//278 1111//278 1112//278
v -1.750000 2.625000 0.312500
v -1.750000 2.875000 0.312500
v -1.750000 2.875000 0.250000
v -1.750000 2.625000 0.250000
vn -1 0 0
f 1113//279 1114//279 1115//279 1116//279
v -1.750000 2.625000 0.375000
v -1.750000 2.812500 0.375000
v -1.750000 2.812500 0.312500
v -1.750000 2.625000 0.312500
vn -1 0 0
f 1117//280 1118//280 1119//280 1120//280
v -1.750000 2.750000 0.250000
v -1.750000 2.812500 0.250000
v -1.750000 2.812500 -0.250000
v -1.750000 2.750000 -0.250000
vn -1 0 0
f 1121//281 1122//281 1123//281 1124//281
v -1.750000 2.812500 0.250000
v -1.750000 2.875000 0.250000
v -1.750000 2.875000 -0.187500
v -1.750000 2.812500 -0.187500
vn -1 0 0
f 1125//282 1126//282 1127//282 1128//282
v -1.687500 2.312500 -0.437500
v -1.687500 2.375000 -0.437500
v -1.687500 2.375000 -0.500000
v -1.687500 2.312500 -0.500000
vn -1 0 0
f 1129//283 1130//283 1131//283 1132//283
v -1.687500 2.812500 -0.187500
v -1.687500 2.875000 -0.187500
v -1.687500 2.875000 -0.250000
v -1.687500 2.812500 -0.250000
vn -1 0 0
f 1133//284 1134//284 1135//284 1136//284
v -1.687500 2.812500 0.375000
v -1.687500 2.875000 0.375000
v -1.687500 2.875000 0.312500
v -1.687500 2.812500 0.312500
vn -1 0 0
f 1137//285 1138//285 1139//285 1140//285
v -1.625000 2.375000 -0.125000
v -1.625000 2.437500 -0.125000
v -1.625000 2.437500 -0.375000
v -1.625000 2.375000 -0.375000
vn -1 0 0
f 1141//286 1142//286 1143//286 1144//286
v -1.625000 2.437500 -0.125000
v -1.625000 2.500000 -0.125000
v -1.625000 2.500000 -0.312500
v -1.625000 2.437500 -0.312500
vn -1 0 0
f 1145//287 1146//287 1147//287 1148//287
v -1.625000 2.875000 0.375000
v -1.625000 3.000000 0.375000
v -1.625000 3.000000 -0.687500
v -1.625000 2.875000 -0.687500
vn -1 0 0
f 1149//288 1150//288 1151//288 1152//288
v -1.625000 3.000000 0.125000
v -1.625000 3.062500 0.125000
v -1.625000 3.062500 -0.625000
v -1.625000 3.000000 -0.625000
vn -1 0 0
f 1153//289 1154//289 1155//289 1156//289
v -1.625000 3.062500 0.125000
v -1.625000 3.125000 0.125000
v -1.625000 3.125000 -0.562500
v -1.625000 3.062500 -0.562500
vn -1 0 0
f 1157//290 1158//290 1159//290 1160//290
v -1.562500 2.437500 -0.312500
v -1.562500 2.500000 -0.312500
v -1.562500 2.500000 -0.375000
v -1.562500 2.437500 -0.375000
vn -1 0 0
f 1161//291 1162//291 1163//291 1164//291
v -1.562500 2.875000 -0.687500
v -1.562500 3.000000 -0.687500
v -1.562500 3.000000 -0.750000
v -1.562500 2.875000 -0.750000
vn -1 0 0
f 1165//292 1166//292 1167//292 1168//292
v -1.562500 3.062500 -0.562500
v -1.562500 3.125000 -0.562500
v -1.562500 3.125000 -0.625000
v -1.562500 3.062500 -0.625000
vn -1 0 0
f 1169//293 1170//293 1171//293 1172//293
v -1.500000 2.125000 -0.500000
v -1.500000 2.250000 -0.500000
v -1.500000 2.250000 -0.812500
v -1.500000 2.125000 -0.812500
vn -1 0 0
f 1173//294 1174//294 1175//294 1176//294
v -1.500000 3.125000 0.000000
v -1.500000 3.187500 0.000000
v -1.500000 3.187500 -0.500000
v -1.500000 3.125000 -0.500000
vn -1 0 0
f 1177//295 1178//295 1179//295 1180//295
v -1.500000 3.187500 -0.062500
v -1.500000 3.250000 -0.062500
v -1.500000 3.250000 -0.437500
v -1.500000 3.187500 -0.437500
vn -1 0 0
f 1181//296 1182//296 1183//296 1184//296
v -1.437500 2.125000 -0.812500
v -1.437500 2.250000 -0.812500
v -1.437500 2.250000 -0.875000
v -1.437500 2.125000 -0.875000
vn -1 0 0
f 1185//297 1186//297 1187//297 1188//297
v -1.437500 3.187500 -0.437500
v -1.437500 3.250000 -0.437500
v -1.437500 3.250000 -0.500000
v -1.437500 3.187500 -0.500000
vn -1 0 0
f 1189//298 1190//298 1191//298 1192//298
v -1.437500 3.187500 0.000000
v -1.437500 3.250000 0.000000
v -1.437500 3.250000 -0.062500
v -1.437500 3.187500 -0.062500
vn -1 0 0
f 1193//299 1194//299 1195//299 1196//299
v -1.375000 2.250000 -0.500000
v -1.375000 2.312500 -0.500000
v -1.375000 2.312500 -0.875000
v -1.375000 2.250000 -0.875000
vn -1 0 0
f 1197//300 1198//300 1199//300 1200//300
v -1.375000 2.312500 -0.500000
v -1.375000 2.375000 -0.500000
v -1.375000 2.375000 -0.812500
v -1.375000 2.312500 -0.812500
vn -1 0 0
f 1201//301 1202//301 1203//301 1204//301
v -1.375000 2.500000 0.687500
v -1.375000 2.625000 0.687500
v -1.375000 2.625000 0.500000
v -1.375000 2.500000 0.500000
vn -1 0 0
f 1205//302 1206//302 1207//302 1208//302
v -1.312500 2.312500 -0.812500
v -1.312500 2.375000 -0.812500
v -1.312500 2.375000 -0.875000
v -1.312500 2.312500 -0.875000
vn -1 0 0
f 1209//303 1210//303 1211//303 1212//303
v -1.250000 2.125000 -0.125000
v -1.250000 2.500000 -0.125000
v -1.250000 2.500000 -0.375000
v -1.250000 2.125000 -0.375000
vn -1 0 0
f 1213//304 1214//304 1215//304 1216//304
v -1.250000 2.375000 -0.375000
v -1.250000 2.437500 -0.375000
v -1.250000 2.437500 -0.750000
v -1.250000 2.375000 -0.750000
vn -1 0 0
f 1217//305 1218//305 1219//305 1220//305
v -1.250000 2.437500 -0.375000
v -1.250000 2.500000 -0.375000
v -1.250000 2.500000 -0.687500
v -1.250000 2.437500 -0.687500
vn -1 0 0
f 1221//306 1222//306 1223//306 1224//306
v -1.250000 3.125000 -0.500000
v -1.250000 3.250000 -0.500000
v -1.250000 3.250000 -0.812500
v -1.250000 3.125000 -0.812500
vn -1 0 0
f 1225//307 1226//307 1227//307 1228//307
v -1.250000 3.250000 -0.187500
v -1.250000 3.312500 -0.187500
v -1.250000 3.312500 -0.500000
v -1.250000 3.250000 -0.500000
vn -1 0 0
f 1229//308 1230//308 1231//308 1232//308
v -1.250000 3.312500 -0.187500
v -1.250000 3.375000 -0.187500
v -1.250000 3.375000 -0.437500
v -1.250000 3.312500 -0.437500
vn -1 0 0
f 1233//309 1234//309 1235//309 1236//309
v -1.187500 2.437500 -0.687500
v -1.187500 2.500000 -0.687500
v -1.187500 2.500000 -0.750000
v -1.187500 2.437500 -0.750000
vn -1 0 0
f 1237//310 1238//310 1239//310 1240//310
v -1.187500 3.125000 -0.812500
v -1.187500 3.250000 -0.812500
v -1.187500 3.250000 -0.875000
v -1.187500 3.125000 -0.875000
vn -1 0 0
f 1241//311 1242//311 1243//311 1244//311
v -1.187500 3.250000 -0.125000
v -1.187500 3.375000 -0.125000
v -1.187500 3.375000 -0.187500
v -1.187500 3.250000 -0.187500
vn -1 0 0
f 1245//312 1246//312 1247//312 1248//312
v -1.187500 3.312500 -0.437500
v -1.187500 3.375000 -0.437500
v -1.187500 3.375000 -0.500000
v -1.187500 3.312500 -0.500000
vn -1 0 0
f 1249//313 1250//313 1251//313 1252//313
v -1.125000 2.500000 -0.250000
v -1.125000 2.562500 -0.250000
v -1.125000 2.562500 -0.750000
v -1.125000 2.500000 -0.750000
vn -1 0 0
f 1253//314 1254//314 1255//314 1256//314
v -1.125000 2.562500 -0.250000
v -1.125000 2.625000 -0.250000
v -1.125000 2.625000 -0.687500
v -1.125000 2.562500 -0.687500
vn -1 0 0
f 1257//315 1258//315 1259//315 1260//315
v -1.125000 3.250000 -0.625000
v -1.125000 3.312500 -0.625000
v -1.125000 3.312500 -0.875000
v -1.125000 3.250000 -0.875000
vn -1 0 0
f 1261//316 1262//316 1263//316 1264//316
v -1.125000 3.312500 -0.625000
v -1.125000 3.375000 -0.625000
v -1.125000 3.375000 -0.812500
v -1.125000 3.312500 -0.812500
vn -1 0 0
f 1265//317 1266//317 1267//317 1268//317
v -1.062500 2.562500 -0.687500
v -1.062500 2.625000 -0.687500
v -1.062500 2.625000 -0.750000
v -1.062500 2.562500 -0.750000
vn -1 0 0
f 1269//318 1270//318 1271//318 1272//318
v -1.062500 3.312500 -0.812500
v -1.062500 3.375000 -0.812500
v -1.062500 3.375000 -0.875000
v -1.062500 3.312500 -0.875000
vn -1 0 0
f 1273//319 1274//319 1275//319 1276//319
v -1.000000 2.125000 0.312500
v -1.000000 2.250000 0.312500
v -1.000000 2.250000 0.000000
v -1.000000 2.125000 0.000000
vn -1 0 0
f 1277//320 1278//320 1279//320 1280//320
v -1.000000 2.187500 0.375000
v -1.000000 2.250000 0.375000
v -1.000000 2.250000 0.312500
v -1.000000 2.187500 0.312500
vn -1 0 0
f 1281//321 1282//321 1283//321 1284//321
v -1.000000 2.500000 0.687500
v -1.000000 3.000000 0.687500
v -1.000000 3.000000 0.625000
v -1.000000 2.500000 0.625000
vn -1 0 0
f 1285//322 1286//322 1287//322 1288//322
v -1.000000 2.562500 0.750000
v -1.000000 3.000000 0.750000
v -1.000000 3.000000 0.687500
v -1.000000 2.562500 0.687500
vn -1 0 0
f 1289//323 1290//323 1291//323 1292//323
v -1.000000 2.625000 -0.625000
v -1.000000 2.750000 -0.625000
v -1.000000 2.750000 -0.750000
v -1.000000 2.625000 -0.750000
vn -1 0 0
f 1293//324 1294//324 1295//324 1296//324
v -1.000000 2.625000 0.625000
v -1.000000 3.000000 0.625000
v -1.000000 3.000000 0.250000
v -1.000000 2.625000 0.250000
vn -1 0 0
f 1297//325 1298//325 1299//325 1300//325
v -1.000000 2.750000 0.937500
v -1.000000 3.000000 0.937500
v -1.000000 3.000000 0.750000
v -1.000000 2.750000 0.750000
vn -1 0 0
f 1301//326 1302//326 1303//326 1304//326
v -1.000000 2.812500 1.000000
v -1.000000 2.937500 1.000000
v -1.000000 2.937500 0.937500
v -1.000000 2.812500 0.937500
vn -1 0 0
f 1305//327 1306//327 1307//327 1308//327
v -1.000000 3.000000 0.187500
v -1.000000 3.375000 0.187500
v -1.000000 3.375000 0.125000
v -1.000000 3.000000 0.125000
vn -1 0 0
f 1309//328 1310//328 1311//328 1312//328
v -1.000000 3.000000 0.250000
v -1.000000 3.312500 0.250000
v -1.000000 3.312500 0.187500
v -1.000000 3.000000 0.187500
vn -1 0 0
f 1313//329 1314//329 1315//329 1316//329
v -1.000000 3.125000 -0.125000
v -1.000000 3.250000 -0.125000
v -1.000000 3.250000 -0.375000
v -1.000000 3.125000 -0.375000
vn -1 0 0
f 1317//330 1318//330 1319//330 1320//330
v -1.000000 3.125000 0.125000
v -1.000000 3.375000 0.125000
v -1.000000 3.375000 0.000000
v -1.000000 3.125000 0.000000
vn -1 0 0
f 1321//331 1322//331 1323//331 1324//331
v -1.000000 3.125000 0.312500
v -1.000000 3.250000 0.312500
v -1.000000 3.250000 0.250000
v -1.000000 3.125000 0.250000
vn -1 0 0
f 1325//332 1326//332 1327//332 1328//332
v -1.000000 3.125000 0.375000
v -1.000000 3.187500 0.375000
v -1.000000 3.187500 0.312500
v -1.000000 3.125000 0.312500
vn -1 0 0
f 1329//333 1330//333 1331//333 1332//333
v -1.000000 3.250000 -0.500000
v -1.000000 3.375000 -0.500000
v -1.000000 3.375000 -0.625000
v -1.000000 3.250000 -0.625000
vn -1 0 0
f 1333//334 1334//334 1335//334 1336//334
v -1.000000 3.250000 0.000000
v -1.000000 3.375000 0.000000
v -1.000000 3.375000 -0.125000
v -1.000000 3.250000 -0.125000
vn -1 0 0
f 1337//335 1338//335 1339//335 1340//335
v -1.000000 3.375000 -0.187500
v -1.000000 3.500000 -0.187500
v -1.000000 3.500000 -0.375000
v -1.000000 3.375000 -0.375000
vn -1 0 0
f 1341//336 1342//336 1343//336 1344//336
v -1.000000 3.375000 -0.125000
v -1.000000 3.437500 -0.125000
v -1.000000 3.437500 -0.187500
v -1.000000 3.375000 -0.187500
vn -1 0 0
f 1345//337 1346//337 1347//337 1348//337
v -0.937500 2.125000 0.375000
v -0.937500 2.187500 0.375000
v -0.937500 2.187500 0.312500
v -0.937500 2.125000 0.312500
vn -1 0 0
f 1349//338 1350//338 1351//338 1352//338
v -0.937500 2.500000 0.750000
v -0.937500 2.562500 0.750000
v -0.937500 2.562500 0.687500
v -0.937500 2.500000 0.687500
vn -1 0 0
f 1353//339 1354//339 1355//339 1356//339
v -0.937500 2.750000 1.000000
v -0.937500 2.812500 1.000000
v -0.937500 2.812500 0.937500
v -0.937500 2.750000 0.937500
vn -1 0 0
f 1357//340 1358//340 1359//340 1360//340
v -0.937500 2.937500 1.000000
v -0.937500 3.000000 1.000000
v -0.937500 3.000000 0.937500
v -0.937500 2.937500 0.937500
vn -1 0 0
f 1361//341 1362//341 1363//341 1364//341
v -0.937500 3.187500 0.375000
v -0.937500 3.250000 0.375000
v -0.937500 3.250000 0.312500
v -0.937500 3.187500 0.312500
vn -1 0 0
f 1365//342 1366//342 1367//342 1368//342
v -0.937500 3.312500 0.250000
v -0.937500 3.375000 0.250000
v -0.937500 3.375000 0.187500
v -0.937500 3.312500 0.187500
vn -1 0 0
f 1369//343 1370//343 1371//343 1372//343
v -0.937500 3.437500 -0.125000
v -0.937500 3.500000 -0.125000
v -0.937500 3.500000 -0.187500
v -0.937500 3.437500 -0.187500
vn -1 0 0
f 1373//344 1374//344 1375//344 1376//344
v -0.875000 2.625000 -0.750000
v -0.875000 2.750000 -0.750000
v -0.875000 2.750000 -0.937500
v -0.875000 2.625000 -0.937500
vn -1 0 0
f 1377//345 1378//345 1379//345 1380//345
v -0.875000 3.000000 0.812500
v -0.875000 3.125000 0.812500
v -0.875000 3.125000 0.500000
v -0.875000 3.000000 0.500000
vn -1 0 0
f 1381//346 1382//346 1383//346 1384//346
v -0.875000 3.000000 0.875000
v -0.875000 3.062500 0.875000
v -0.875000 3.062500 0.812500
v -0.875000 3.000000 0.812500
vn -1 0 0
f 1385//347 1386//347 1387//347 1388//347
v -0.875000 3.375000 0.062500
v -0.875000 3.625000 0.062500
v -0.875000 3.625000 -0.125000
v -0.875000 3.375000 -0.125000
vn -1 0 0
f 1389//348 1390//348 1391//348 1392//348
v -0.875000 3.375000 0.125000
v -0.875000 3.562500 0.125000
v -0.875000 3.562500 0.062500
v -0.875000 3.375000 0.062500
vn -1 0 0
f 1393//349 1394//349 1395//349 1396//349
v -0.875000 3.375000 0.187500
v -0.875000 3.500000 0.187500
v -0.875000 3.500000 0.125000
v -0.875000 3.375000 0.125000
vn -1 0 0
f 1397//350 1398//350 1399//350 1400//350
v -0.875000 3.375000 0.250000
v -0.875000 3.437500 0.250000
v -0.875000 3.437500 0.187500
v -0.875000 3.375000 0.187500
vn -1 0 0
f 1401//351 1402//351 1403//351 1404//351
v -0.875000 3.500000 -0.125000
v -0.875000 3.562500 -0.125000
v -0.875000 3.562500 -0.250000
v -0.875000 3.500000 -0.250000
vn -1 0 0
f 1405//352 1406//352 1407//352 1408//352
v -0.875000 3.562500 -0.125000
v -0.875000 3.625000 -0.125000
v -0.875000 3.625000 -0.187500
v -0.875000 3.562500 -0.187500
vn -1 0 0
f 1409//353 1410//353 1411//353 1412//353
v -0.812500 2.625000 -0.937500
v -0.812500 2.750000 -0.937500
v -0.812500 2.750000 -1.000000
v -0.812500 2.625000 -1.000000
vn -1 0 0
f 1413//354 1414//354 1415//354 1416//354
v -0.812500 3.062500 0.875000
v -0.812500 3.125000 0.875000
v -0.812500 3.125000 0.812500
v -0.812500 3.062500 0.812500
vn -1 0 0
f 1417//355 1418//355 1419//355 1420//355
v -0.812500 3.437500 0.250000
v -0.812500 3.500000 0.250000
v -0.812500 3.500000 0.187500
v -0.812500 3.437500 0.187500
vn -1 0 0
f 1421//356 1422//356 1423//356 1424//356
v -0.812500 3.562500 -0.187500
v -0.812500 3.625000 -0.187500
v -0.812500 3.625000 -0.250000
v -0.812500 3.562500 -0.250000
vn -1 0 0
f 1425//357 1426//357 1427//357 1428//357
v -0.812500 3.562500 0.125000
v -0.812500 3.625000 0.125000
v -0.812500 3.625000 0.062500
v -0.812500 3.562500 0.062500
vn -1 0 0
f 1429//358 1430//358 1431//358 1432//358
v -0.750000 2.750000 -0.500000
v -0.750000 2.812500 -0.500000
v -0.750000 2.812500 -1.000000
v -0.750000 2.750000 -1.000000
vn -1 0 0
f 1433//359 1434//359 1435//359 1436//359
v -0.750000 2.812500 -0.562500
v -0.750000 2.875000 -0.562500
v -0.750000 2.875000 -0.937500
v -0.750000 2.812500 -0.937500
vn -1 0 0
f 1437//360 1438//360 1439//360 1440//360
v -0.687500 2.812500 -0.937500
v -0.687500 2.875000 -0.937500
v -0.687500 2.875000 -1.000000
v -0.687500 2.812500 -1.000000
vn -1 0 0
f 1441//361 1442//361 1443//361 1444//361
v -0.687500 2.812500 -0.500000
v -0.687500 2.875000 -0.500000
v -0.687500 2.875000 -0.562500
v -0.687500 2.812500 -0.562500
vn -1 0 0
f 1445//362 1446//362 1447//362 1448//362
v -0.625000 2.625000 -0.375000
v -0.625000 2.875000 -0.375000
v -0.625000 2.875000 -0.500000
v -0.625000 2.625000 -0.500000
vn -1 0 0
f 1449//363 1450//363 1451//363 1452//363
v -0.625000 2.625000 -0.125000
v -0.625000 2.750000 -0.125000
v -0.625000 2.750000 -0.375000
v -0.625000 2.625000 -0.375000
vn -1 0 0
f 1453//364 1454//364 1455//364 1456//364
v -0.625000 2.875000 -0.500000
v -0.625000 2.937500 -0.500000
v -0.625000 2.937500 -0.875000
v -0.625000 2.875000 -0.875000
vn -1 0 0
f 1457//365 1458//365 1459//365 1460//365
v -0.625000 2.937500 -0.500000
v -0.625000 3.000000 -0.500000
v -0.625000 3.000000 -0.812500
v -0.625000 2.937500 -0.812500
vn -1 0 0
f 1461//366 1462//366 1463//366 1464//366
v -0.562500 2.937500 -0.812500
v -0.562500 3.000000 -0.812500
v -0.562500 3.000000 -0.875000
v -0.562500 2.937500 -0.875000
vn -1 0 0
f 1465//367 1466//367 1467//367 1468//367
v -0.500000 2.625000 0.937500
v -0.500000 2.750000 0.937500
v -0.500000 2.750000 0.875000
v -0.500000 2.625000 0.875000
vn -1 0 0
f 1469//368 1470//368 1471//368 1472//368
v -0.500000 2.687500 1.000000
v -0.500000 2.750000 1.000000
v -0.500000 2.750000 0.937500
v -0.500000 2.687500 0.937500
vn -1 0 0
f 1473//369 1474//369 1475//369 1476//369
v -0.500000 3.000000 -0.750000
v -0.500000 3.125000 -0.750000
v -0.500000 3.125000 -0.875000
v -0.500000 3.000000 -0.875000
vn -1 0 0
f 1477//370 1478//370 1479//370 1480//370
v -0.437500 2.625000 1.000000
v -0.437500 2.687500 1.000000
v -0.437500 2.687500 0.937500
v -0.437500 2.625000 0.937500
vn -1 0 0
f 1481//371 1482//371 1483//371 1484//371
v -0.250000 3.000000 -0.875000
v -0.250000 3.125000 -0.875000
v -0.250000 3.125000 -1.062500
v -0.250000 3.000000 -1.062500
vn -1 0 0
f 1485//372 1486//372 1487//372 1488//372
v -0.250000 3.250000 0.187500
v -0.250000 3.500000 0.187500
v -0.250000 3.500000 0.000000
v -0.250000 3.250000 0.000000
vn -1 0 0
f 1489//373 1490//373 1491//373 1492//373
v -0.250000 3.312500 0.250000
v -0.250000 3.500000 0.250000
v -0.250000 3.500000 0.187500
v -0.250000 3.312500 0.187500
vn -1 0 0
f 1493//374 1494//374 1495//374 1496//374
v -0.250000 3.375000 0.000000
v -0.250000 3.437500 0.000000
v -0.250000 3.437500 -0.125000
v -0.250000 3.375000 -0.125000
vn -1 0 0
f 1497//375 1498//375 1499//375 1500//375
v -0.250000 3.437500 0.000000
v -0.250000 3.500000 0.000000
v -0.250000 3.500000 -0.062500
v -0.250000 3.437500 -0.062500
vn -1 0 0
f 1501//376 1502//376 1503//376 1504//376
v -0.187500 3.000000 -1.062500
v -0.187500 3.125000 -1.062500
v -0.187500 3.125000 -1.125000
v -0.187500 3.000000 -1.125000
vn -1 0 0
f 1505//377 1506//377 1507//377 1508//377
v -0.187500 3.250000 0.250000
v -0.187500 3.312500 0.250000
v -0.187500 3.312500 0.187500
v -0.187500 3.250000 0.187500
vn -1 0 0
f 1509//378 1510//378 1511//378 1512//378
v -0.187500 3.437500 -0.062500
v -0.187500 3.500000 -0.062500
v -0.187500 3.500000 -0.125000
v -0.187500 3.437500 -0.125000
vn -1 0 0
f 1513//379 1514//379 1515//379 1516//379
v -0.125000 2.750000 0.125000
v -0.125000 3.000000 0.125000
v -0.125000 3.000000 -0.250000
v -0.125000 2.750000 -0.250000
vn -1 0 0
f 1517//380 1518//380 1519//380 1520//380
v -0.125000 2.750000 0.250000
v -0.125000 2.875000 0.250000
v -0.125000 2.875000 0.125000
v -0.125000 2.750000 0.125000
vn -1 0 0
f 1521//381 1522//381 1523//381 1524//381
v -0.125000 3.125000 0.687500
v -0.125000 3.250000 0.687500
v -0.125000 3.250000 0.250000
v -0.125000 3.125000 0.250000
vn -1 0 0
f 1525//382 1526//382 1527//382 1528//382
v -0.125000 3.125000 0.750000
v -0.125000 3.187500 0.750000
v -0.125000 3.187500 0.687500
v -0.125000 3.125000 0.687500
vn -1 0 0
f 1529//383 1530//383 1531//383 1532//383
v -0.125000 3.375000 -0.625000
v -0.125000 3.562500 -0.625000
v -0.125000 3.562500 -0.750000
v -0.125000 3.375000 -0.750000
vn -1 0 0
f 1533//384 1534//384 1535//384 1536//384
v -0.125000 3.375000 -0.125000
v -0.125000 3.500000 -0.125000
v -0.125000 3.500000 -0.625000
v -0.125000 3.375000 -0.625000
vn -1 0 0
f 1537//385 1538//385 1539//385 1540//385
v -0.125000 3.500000 0.187500
v -0.125000 3.625000 0.187500
v -0.125000 3.625000 -0.250000
v -0.125000 3.500000 -0.250000
vn -1 0 0
f 1541//386 1542//386 1543//386 1544//386
v -0.125000 3.500000 0.250000
v -0.125000 3.562500 0.250000
v -0.125000 3.562500 0.187500
v -0.125000 3.500000 0.187500
vn -1 0 0
f 1545//387 1546//387 1547//387 1548//387
v -0.125000 3.562500 -0.625000
v -0.125000 3.625000 -0.625000
v -0.125000 3.625000 -0.687500
v -0.125000 3.562500 -0.687500
vn -1 0 0
f 1549//388 1550//388 1551//388 1552//388
v -0.062500 3.187500 0.750000
v -0.062500 3.250000 0.750000
v -0.062500 3.250000 0.687500
v -0.062500 3.187500 0.687500
vn -1 0 0
f 1553//389 1554//389 1555//389 1556//389
v -0.062500 3.562500 -0.687500
v -0.062500 3.625000 -0.687500
v -0.062500 3.625000 -0.750000
v -0.062500 3.562500 -0.750000
vn -1 0 0
f 1557//390 1558//390 1559//390 1560//390
v -0.062500 3.562500 0.250000
v -0.062500 3.625000 0.250000
v -0.062500 3.625000 0.187500
v -0.062500 3.562500 0.187500
vn -1 0 0
f 1561//391 1562//391 1563//391 1564//391
v 0.000000 2.125000 0.125000
v 0.000000 2.187500 0.125000
v 0.000000 2.187500 -0.125000
v 0.000000 2.125000 -0.125000
vn -1 0 0
f 1565//392 1566//392 1567//392 1568//392
v 0.000000 2.125000 0.625000
v 0.000000 2.375000 0.625000
v 0.000000 2.375000 0.375000
v 0.000000 2.125000 0.375000
vn -1 0 0
f 1569//393 1570//393 1571//393 1572//393
v 0.000000 2.187500 0.125000
v 0.000000 2.250000 0.125000
v 0.000000 2.250000 -0.062500
v 0.000000 2.187500 -0.062500
vn -1 0 0
f 1573//394 1574//394 1575//394 1576//394
v 0.000000 2.250000 0.125000
v 0.000000 2.500000 0.125000
v 0.000000 2.500000 0.000000
v 0.000000 2.250000 0.000000
vn -1 0 0
f 1577//395 1578//395 1579//395 1580//395
v 0.000000 2.250000 0.687500
v 0.000000 2.375000 0.687500
v 0.000000 2.375000 0.625000
v 0.000000 2.250000 0.625000
vn -1 0 0
f 1581//396 1582//396 1583//396 1584//396
v 0.000000 2.312500 0.750000
v 0.000000 2.375000 0.750000
v 0.000000 2.375000 0.687500
v 0.000000 2.312500 0.687500
vn -1 0 0
f 1585//397 1586//397 1587//397 1588//397
v 0.000000 2.750000 0.875000
v 0.000000 3.000000 0.875000
v 0.000000 3.000000 0.750000
v 0.000000 2.750000 0.750000
vn -1 0 0
f 1589//398 1590//398 1591//398 1592//398
v 0.000000 2.750000 0.937500
v 0.000000 2.875000 0.937500
v 0.000000 2.875000 0.875000
v 0.000000 2.750000 0.875000
vn -1 0 0
f 1593//399 1594//399 1595//399 1596//399
v 0.000000 2.750000 1.000000
v 0.000000 2.812500 1.000000
v 0.000000 2.812500 0.937500
v 0.000000 2.750000 0.937500
vn -1 0 0
f 1597//400 1598//400 1599//400 1600//400
v 0.000000 3.000000 -0.500000
v 0.000000 3.250000 -0.500000
v 0.000000 3.250000 -0.625000
v 0.000000 3.000000 -0.625000
vn -1 0 0
f 1601//401 1602//401 1603//401 1604//401
v 0.000000 3.000000 -0.250000
v 0.000000 3.125000 -0.250000
v 0.000000 3.125000 -0.500000
v 0.000000 3.000000 -0.500000
vn -1 0 0
f 1605//402 1606//402 1607//402 1608//402
v 0.000000 3.125000 -0.750000
v 0.000000 3.312500 -0.750000
v 0.000000 3.312500 -1.000000
v 0.000000 3.125000 -1.000000
vn -1 0 0
f 1609//403 1610//403 1611//403 1612//403
v 0.000000 3.250000 0.625000
v 0.000000 3.375000 0.625000
v 0.000000 3.375000 0.250000
v 0.000000 3.250000 0.250000
vn -1 0 0
f 1613//404 1614//404 1615//404 1616//404
v 0.000000 3.312500 -0.750000
v 0.000000 3.375000 -0.750000
v 0.000000 3.375000 -0.937500
v 0.000000 3.312500 -0.937500
vn -1 0 0
f 1617//405 1618//405 1619//405 1620//405
v 0.000000 3.750000 0.000000
v 0.000000 3.812500 0.000000
v 0.000000 3.812500 -0.250000
v 0.000000 3.750000 -0.250000
vn -1 0 0
f 1621//406 1622//406 1623//406 1624//406
v 0.000000 3.812500 0.000000
v 0.000000 3.875000 0.000000
v 0.000000 3.875000 -0.187500
v 0.000000 3.812500 -0.187500
vn -1 0 0
f 1625//407 1626//407 1627//407 1628//407
v 0.062500 2.187500 -0.062500
v 0.062500 2.250000 -0.062500
v 0.062500 2.250000 -0.125000
v 0.062500 2.187500 -0.125000
vn -1 0 0
f 1629//408 1630//408 1631//408 1632//408
v 0.062500 2.250000 0.750000
v 0.062500 2.312500 0.750000
v 0.062500 2.312500 0.687500
v 0.062500 2.250000 0.687500
vn -1 0 0
f 1633//409 1634//409 1635//409 1636//409
v 0.062500 3.312500 -0.937500
v 0.062500 3.375000 -0.937500
v 0.062500 3.375000 -1.000000
v 0.062500 3.312500 -1.000000
vn -1 0 0
f 1637//410 1638//410 1639//410 1640//410
v 0.062500 3.812500 -0.187500
v 0.062500 3.875000 -0.187500
v 0.062500 3.875000 -0.250000
v 0.062500 3.812500 -0.250000
vn -1 0 0
f 1641//411 1642//411 1643//411 1644//411
v 0.250000 2.500000 -0.125000
v 0.250000 2.625000 -0.125000
v 0.250000 2.625000 -0.437500
v 0.250000 2.500000 -0.437500
vn -1 0 0
f 1645//412 1646//412 1647//412 1648//412
v 0.312500 2.500000 -0.437500
v 0.312500 2.625000 -0.437500
v 0.312500 2.625000 -0.500000
v 0.312500 2.500000 -0.500000
vn -1 0 0
f 1649//413 1650//413 1651//413 1652//413
v 0.375000 2.625000 -0.250000
v 0.375000 2.687500 -0.250000
v 0.375000 2.687500 -0.500000
v 0.375000 2.625000 -0.500000
vn -1 0 0
f 1653//414 1654//414 1655//414 1656//414
v 0.375000 2.687500 -0.250000
v 0.375000 2.750000 -0.250000
v 0.375000 2.750000 -0.437500
v 0.375000 2.687500 -0.437500
vn -1 0 0
f 1657//415 1658//415 1659//415 1660//415
v 0.375000 3.500000 0.312500
v 0.375000 3.625000 0.312500
v 0.375000 3.625000 0.250000
v 0.375000 3.500000 0.250000
vn -1 0 0
f 1661//416 1662//416 1663//416 1664//416
v 0.375000 3.500000 0.375000
v 0.375000 3.562500 0.375000
v 0.375000 3.562500 0.312500
v 0.375000 3.500000 0.312500
vn -1 0 0
f 1665//417 1666//417 1667//417 1668//417
v 0.437500 2.687500 -0.437500
v 0.437500 2.750000 -0.437500
v 0.437500 2.750000 -0.500000
v 0.437500 2.687500 -0.500000
vn -1 0 0
f 1669//418 1670//418 1671//418 1672//418
v 0.500000 2.125000 -0.250000
v 0.500000 2.375000 -0.250000
v 0.500000 2.375000 -0.687500
v 0.500000 2.125000 -0.687500
vn -1 0 0
f 1673//419 1674//419 1675//419 1676//419
v 0.500000 2.187500 -0.687500
v 0.500000 2.312500 -0.687500
v 0.500000 2.312500 -0.750000
v 0.500000 2.187500 -0.750000
vn -1 0 0
f 1677//420 1678//420 1679//420 1680//420
v 0.500000 2.250000 0.000000
v 0.500000 2.375000 0.000000
v 0.500000 2.375000 -0.125000
v 0.500000 2.250000 -0.125000
vn -1 0 0
f 1681//421 1682//421 1683//421 1684//421
v 0.500000 2.750000 -0.250000
v 0.500000 2.812500 -0.250000
v 0.500000 2.812500 -0.375000
v 0.500000 2.750000 -0.375000
vn -1 0 0
f 1685//422 1686//422 1687//422 1688//422
v 0.500000 2.812500 -0.250000
v 0.500000 2.875000 -0.250000
v 0.500000 2.875000 -0.312500
v 0.500000 2.812500 -0.312500
vn -1 0 0
f 1689//423 1690//423 1691//423 1692//423
v 0.500000 3.375000 -0.375000
v 0.500000 3.500000 -0.375000
v 0.500000 3.500000 -0.500000
v 0.500000 3.375000 -0.500000
vn -1 0 0
f 1693//424 1694//424 1695//424 1696//424
v 0.500000 3.500000 -0.625000
v 0.500000 3.562500 -0.625000
v 0.500000 3.562500 -0.750000
v 0.500000 3.500000 -0.750000
vn -1 0 0
f 1697//425 1698//425 1699//425 1700//425
v 0.500000 3.562500 -0.625000
v 0.500000 3.625000 -0.625000
v 0.500000 3.625000 -0.687500
v 0.500000 3.562500 -0.687500
vn -1 0 0
f 1701//426 1702//426 1703//426 1704//426
v 0.562500 2.125000 -0.687500
v 0.562500 2.187500 -0.687500
v 0.562500 2.187500 -0.750000
v 0.562500 2.125000 -0.750000
vn -1 0 0
f 1705//427 1706//427 1707//427 1708//427
v 0.562500 2.312500 -0.687500
v 0.562500 2.375000 -0.687500
v 0.562500 2.375000 -0.750000
v 0.562500 2.312500 -0.750000
vn -1 0 0
f 1709//428 1710//428 1711//428 1712//428
v 0.562500 2.812500 -0.312500
v 0.562500 2.875000 -0.312500
v 0.562500 2.875000 -0.375000
v 0.562500 2.812500 -0.375000
vn -1 0 0
f 1713//429 1714//429 1715//429 1716//429
v 0.562500 3.562500 -0.687500
v 0.562500 3.625000 -0.687500
v 0.562500 3.625000 -0.750000
v 0.562500 3.562500 -0.750000
vn -1 0 0
f 1717//430 1718//430 1719//430 1720//430
v 0.625000 2.375000 -0.375000
v 0.625000 2.437500 -0.375000
v 0.625000 2.437500 -0.750000
v 0.625000 2.375000 -0.750000
vn -1 0 0
f 1721//431 1722//431 1723//431 1724//431
v 0.625000 2.437500 -0.375000
v 0.625000 2.500000 -0.375000
v 0.625000 2.500000 -0.687500
v 0.625000 2.437500 -0.687500
vn -1 0 0
f 1725//432 1726//432 1727//432 1728//432
v 0.625000 2.500000 -0.500000
v 0.625000 2.562500 -0.500000
v 0.625000 2.562500 -0.625000
v 0.625000 2.500000 -0.625000
vn -1 0 0
f 1729//433 1730//433 1731//433 1732//433
v 0.625000 2.562500 -0.500000
v 0.625000 2.625000 -0.500000
v 0.625000 2.625000 -0.562500
v 0.625000 2.562500 -0.562500
vn -1 0 0
f 1733//434 1734//434 1735//434 1736//434
v 0.687500 2.437500 -0.687500
v 0.687500 2.500000 -0.687500
v 0.687500 2.500000 -0.750000
v 0.687500 2.437500 -0.750000
vn -1 0 0
f 1737//435 1738//435 1739//435 1740//435
v 0.687500 2.562500 -0.562500
v 0.687500 2.625000 -0.562500
v 0.687500 2.625000 -0.625000
v 0.687500 2.562500 -0.625000
vn -1 0 0
f 1741//436 1742//436 1743//436 1744//436
v 0.750000 2.875000 -0.250000
v 0.750000 3.000000 -0.250000
v 0.750000 3.000000 -0.562500
v 0.750000 2.875000 -0.562500
vn -1 0 0
f 1745//437 1746//437 1747//437 1748//437
v 0.750000 2.937500 -0.562500
v 0.750000 3.000000 -0.562500
v 0.750000 3.000000 -0.625000
v 0.750000 2.937500 -0.625000
vn -1 0 0
f 1749//438 1750//438 1751//438 1752//438
v 0.812500 2.875000 -0.562500
v 0.812500 2.937500 -0.562500
v 0.812500 2.937500 -0.625000
v 0.812500 2.875000 -0.625000
vn -1 0 0
f 1753//439 1754//439 1755//439 1756//439
v 0.875000 2.500000 0.437500
v 0.875000 2.750000 0.437500
v 0.875000 2.750000 0.375000
v 0.875000 2.500000 0.375000
vn -1 0 0
f 1757//440 1758//440 1759//440 1760//440
v 0.875000 2.500000 0.500000
v 0.875000 2.687500 0.500000
v 0.875000 2.687500 0.437500
v 0.875000 2.500000 0.437500
vn -1 0 0
f 1761//441 1762//441 1763//441 1764//441
v 0.875000 2.500000 0.562500
v 0.875000 2.625000 0.562500
v 0.875000 2.625000 0.500000
v 0.875000 2.500000 0.500000
vn -1 0 0
f 1765//442 1766//442 1767//442 1768//442
v 0.875000 2.500000 0.625000
v 0.875000 2.562500 0.625000
v 0.875000 2.562500 0.562500
v 0.875000 2.500000 0.562500
vn -1 0 0
f 1769//443 1770//443 1771//443 1772//443
v 0.875000 2.625000 0.375000
v 0.875000 2.750000 0.375000
v 0.875000 2.750000 0.250000
v 0.875000 2.625000 0.250000
vn -1 0 0
f 1773//444 1774//444 1775//444 1776//444
v 0.875000 3.125000 0.062500
v 0.875000 3.250000 0.062500
v 0.875000 3.250000 0.000000
v 0.875000 3.125000 0.000000
vn -1 0 0
f 1777//445 1778//445 1779//445 1780//445
v 0.875000 3.125000 0.125000
v 0.875000 3.187500 0.125000
v 0.875000 3.187500 0.062500
v 0.875000 3.125000 0.062500
vn -1 0 0
f 1781//446 1782//446 1783//446 1784//446
v 0.937500 2.562500 0.625000
v 0.937500 2.625000 0.625000
v 0.937500 2.625000 0.562500
v 0.937500 2.562500 0.562500
vn -1 0 0
f 1785//447 1786//447 1787//447 1788//447
v 0.937500 2.687500 0.500000
v 0.937500 2.750000 0.500000
v 0.937500 2.750000 0.437500
v 0.937500 2.687500 0.437500
vn -1 0 0
f 1789//448 1790//448 1791//448 1792//448
v 0.937500 3.187500 0.125000
v 0.937500 3.250000 0.125000
v 0.937500 3.250000 0.062500
v 0.937500 3.187500 0.062500
vn -1 0 0
f 1793//449 1794//449 1795//449 1796//449
v 1.000000 2.750000 0.375000
v 1.000000 2.875000 0.375000
v 1.000000 2.875000 0.250000
v 1.000000 2.750000 0.250000
vn -1 0 0
f 1797//450 1798//450 1799//450 1800//450
v 1.000000 3.250000 -0.062500
v 1.000000 3.500000 -0.062500
v 1.000000 3.500000 -0.125000
v 1.000000 3.250000 -0.125000
vn -1 0 0
f 1801//451 1802//451 1803//451 1804//451
v 1.000000 3.250000 0.000000
v 1.000000 3.437500 0.000000
v 1.000000 3.437500 -0.062500
v 1.000000 3.250000 -0.062500
vn -1 0 0
f 1805//452 1806//452 1807//452 1808//452
v 1.000000 3.250000 0.062500
v 1.000000 3.375000 0.062500
v 1.000000 3.375000 0.000000
v 1.000000 3.250000 0.000000
vn -1 0 0
f 1809//453 1810//453 1811//453 1812//453
v 1.000000 3.250000 0.125000
v 1.000000 3.312500 0.125000
v 1.000000 3.312500 0.062500
v 1.000000 3.250000 0.062500
vn -1 0 0
f 1813//454 1814//454 1815//454 1816//454
v 1.062500 3.312500 0.125000
v 1.062500 3.375000 0.125000
v 1.062500 3.375000 0.062500
v 1.062500 3.312500 0.062500
vn -1 0 0
f 1817//455 1818//455 1819//455 1820//455
v 1.062500 3.437500 0.000000
v 1.062500 3.500000 0.000000
v 1.062500 3.500000 -0.062500
v 1.062500 3.437500 -0.062500
vn -1 0 0
f 1821//456 1822//456 1823//456 1824//456
v -1.812500 2.000000 -0.375000
v -1.625000 2.000000 -0.375000
v -1.625000 2.000000 0.375000
v -1.812500 2.000000 0.375000
vn 0 -1 0
f 1825//457 1826//457 1827//457 1828//457
v -1.625000 2.000000 -0.375000
v -1.500000 2.000000 -0.375000
v -1.500000 2.000000 -0.250000
v -1.625000 2.000000 -0.250000
vn 0 -1 0
f 1829//458 1830//458 1831//458 1832//458
v -1.875000 2.000000 -0.312500
v -1.812500 2.000000 -0.312500
v -1.812500 2.000000 0.312500
v -1.875000 2.000000 0.312500
vn 0 -1 0
f 1833//459 1834//459 1835//459 1836//459
v -1.125000 2.000000 -0.125000
v -1.000000 2.000000 -0.125000
v -1.000000 2.000000 0.000000
v -1.125000 2.000000 0.000000
vn 0 -1 0
f 1837//460 1838//460 1839//460 1840//460
v -1.625000 2.000000 0.250000
v -1.187500 2.000000 0.250000
v -1.187500 2.000000 0.375000
v -1.625000 2.000000 0.375000
vn 0 -1 0
f 1841//461 1842//461 1843//461 1844//461
v -1.187500 2.000000 0.250000
v -1.125000 2.000000 0.250000
v -1.125000 2.000000 0.312500
v -1.187500 2.000000 0.312500
vn 0 -1 0
f 1845//462 1846//462 1847//462 1848//462
v -1.875000 2.062500 -0.375000
v -1.812500 2.062500 -0.375000
v -1.812500 2.062500 -0.312500
v -1.875000 2.062500 -0.312500
vn 0 -1 0
f 1849//463 1850//463 1851//463 1852//463
v -1.875000 2.062500 0.312500
v -1.812500 2.062500 0.312500
v -1.812500 2.062500 0.375000
v -1.875000 2.062500 0.375000
vn 0 -1 0
f 1853//464 1854//464 1855//464 1856//464
v -1.187500 2.062500 0.312500
v -1.125000 2.062500 0.312500
v -1.125000 2.062500 0.375000
v -1.187500 2.062500 0.375000
vn 0 -1 0
f 1857//465 1858//465 1859//465 1860//465
v -1.437500 2.125000 -0.875000
v -0.687500 2.125000 -0.875000
v -0.687500 2.125000 -0.750000
v -1.437500 2.125000 -0.750000
vn 0 -1 0
f 1861//466 1862//466 1863//466 1864//466
v -1.500000 2.125000 -0.812500
v -1.437500 2.125000 -0.812500
v -1.437500 2.125000 -0.750000
v -1.500000 2.125000 -0.750000
vn 0 -1 0
f 1865//467 1866//467 1867//467 1868//467
v -0.687500 2.125000 -0.812500
v -0.625000 2.125000 -0.812500
v -0.625000 2.125000 -0.250000
v -0.687500 2.125000 -0.250000
vn 0 -1 0
f 1869//468 1870//468 1871//468 1872//468
v -0.750000 2.125000 -0.750000
v -0.687500 2.125000 -0.750000
v -0.687500 2.125000 -0.250000
v -0.750000 2.125000 -0.250000
vn 0 -1 0
f 1873//469 1874//469 1875//469 1876//469
v 0.562500 2.125000 -0.750000
v 0.625000 2.125000 -0.750000
v 0.625000 2.125000 -0.250000
v 0.562500 2.125000 -0.250000
vn 0 -1 0
f 1877//470 1878//470 1879//470 1880//470
v 1.375000 2.125000 -0.750000
v 1.437500 2.125000 -0.750000
v 1.437500 2.125000 -0.250000
v 1.375000 2.125000 -0.250000
vn 0 -1 0
f 1881//471 1882//471 1883//471 1884//471
v 0.500000 2.125000 -0.687500
v 0.562500 2.125000 -0.687500
v 0.562500 2.125000 -0.250000
v 0.500000 2.125000 -0.250000
vn 0 -1 0
f 1885//472 1886//472 1887//472 1888//472
v 1.437500 2.125000 -0.687500
v 1.500000 2.125000 -0.687500
v 1.500000 2.125000 -0.312500
v 1.437500 2.125000 -0.312500
vn 0 -1 0
f 1889//473 1890//473 1891//473 1892//473
v -1.812500 2.125000 -0.500000
v -1.500000 2.125000 -0.500000
v -1.500000 2.125000 -0.375000
v -1.812500 2.125000 -0.375000
vn 0 -1 0
f 1893//474 1894//474 1895//474 1896//474
v -1.875000 2.125000 -0.437500
v -1.812500 2.125000 -0.437500
v -1.812500 2.125000 -0.375000
v -1.875000 2.125000 -0.375000
vn 0 -1 0
f 1897//475 1898//475 1899//475 1900//475
v -1.000000 2.125000 -0.125000
v -0.875000 2.125000 -0.125000
v -0.875000 2.125000 0.312500
v -1.000000 2.125000 0.312500
vn 0 -1 0
f 1901//476 1902//476 1903//476 1904//476
v 0.750000 2.125000 -0.125000
v 0.812500 2.125000 -0.125000
v 0.812500 2.125000 0.375000
v 0.750000 2.125000 0.375000
vn 0 -1 0
f 1905//477 1906//477 1907//477 1908//477
v 0.812500 2.125000 -0.125000
v 0.875000 2.125000 -0.125000
v 0.875000 2.125000 0.312500
v 0.812500 2.125000 0.312500
vn 0 -1 0
f 1909//478 1910//478 1911//478 1912//478
v -0.937500 2.125000 0.312500
v -0.875000 2.125000 0.312500
v -0.875000 2.125000 0.375000
v -0.937500 2.125000 0.375000
vn 0 -1 0
f 1913//479 1914//479 1915//479 1916//479
v -0.687500 2.187500 -0.875000
v -0.625000 2.187500 -0.875000
v -0.625000 2.187500 -0.812500
v -0.687500 2.187500 -0.812500
vn 0 -1 0
f 1917//480 1918//480 1919//480 1920//480
v 0.500000 2.187500 -0.750000
v 0.562500 2.187500 -0.750000
v 0.562500 2.187500 -0.687500
v 0.500000 2.187500 -0.687500
vn 0 -1 0
f 1921//481 1922//481 1923//481 1924//481
v 1.437500 2.187500 -0.750000
v 1.500000 2.187500 -0.750000
v 1.500000 2.187500 -0.687500
v 1.437500 2.187500 -0.687500
vn 0 -1 0
f 1925//482 1926//482 1927//482 1928//482
v 1.437500 2.187500 -0.312500
v 1.500000 2.187500 -0.312500
v 1.500000 2.187500 -0.250000
v 1.437500 2.187500 -0.250000
vn 0 -1 0
f 1929//483 1930//483 1931//483 1932//483
v -1.000000 2.187500 0.312500
v -0.937500 2.187500 0.312500
v -0.937500 2.187500 0.375000
v -1.000000 2.187500 0.375000
vn 0 -1 0
f 1933//484 1934//484 1935//484 1936//484
v 0.812500 2.187500 0.312500
v 0.875000 2.187500 0.312500
v 0.875000 2.187500 0.375000
v 0.812500 2.187500 0.375000
vn 0 -1 0
f 1937//485 1938//485 1939//485 1940//485
v -0.625000 2.250000 -0.875000
v -0.562500 2.250000 -0.875000
v -0.562500 2.250000 -0.250000
v -0.625000 2.250000 -0.250000
vn 0 -1 0
f 1941//486 1942//486 1943//486 1944//486
v -0.562500 2.250000 -0.812500
v -0.500000 2.250000 -0.812500
v -0.500000 2.250000 -0.250000
v -0.562500 2.250000 -0.250000
vn 0 -1 0
f 1945//487 1946//487 1947//487 1948//487
v -0.500000 2.250000 -0.375000
v -0.375000 2.250000 -0.375000
v -0.375000 2.250000 -0.250000
v -0.500000 2.250000 -0.250000
vn 0 -1 0
f 1949//488 1950//488 1951//488 1952//488
v -0.125000 2.250000 -0.375000
v -0.062500 2.250000 -0.375000
v -0.062500 2.250000 -0.125000
v -0.125000 2.250000 -0.125000
vn 0 -1 0
f 1953//489 1954//489 1955//489 1956//489
v -0.062500 2.250000 -0.312500
v 0.000000 2.250000 -0.312500
v 0.000000 2.250000 -0.187500
v -0.062500 2.250000 -0.187500
vn 0 -1 0
f 1957//490 1958//490 1959//490 1960//490
v 0.875000 2.250000 -0.125000
v 1.250000 2.250000 -0.125000
v 1.250000 2.250000 0.000000
v 0.875000 2.250000 0.000000
vn 0 -1 0
f 1961//491 1962//491 1963//491 1964//491
v 0.000000 2.250000 0.625000
v 0.625000 2.250000 0.625000
v 0.625000 2.250000 0.687500
v 0.000000 2.250000 0.687500
vn 0 -1 0
f 1965//492 1966//492 1967//492 1968//492
v 0.062500 2.250000 0.687500
v 0.562500 2.250000 0.687500
v 0.562500 2.250000 0.750000
v 0.062500 2.250000 0.750000
vn 0 -1 0
f 1969//493 1970//493 1971//493 1972//493
v -0.062500 2.312500 -0.375000
v 0.000000 2.312500 -0.375000
v 0.000000 2.312500 -0.312500
v -0.062500 2.312500 -0.312500
vn 0 -1 0
f 1973//494 1974//494 1975//494 1976//494
v -0.062500 2.312500 -0.187500
v 0.000000 2.312500 -0.187500
v 0.000000 2.312500 -0.125000
v -0.062500 2.312500 -0.125000
vn 0 -1 0
f 1977//495 1978//495 1979//495 1980//495
v 0.000000 2.312500 0.687500
v 0.062500 2.312500 0.687500
v 0.062500 2.312500 0.750000
v 0.000000 2.312500 0.750000
vn 0 -1 0
f 1981//496 1982//496 1983//496 1984//496
v 0.562500 2.312500 0.687500
v 0.625000 2.312500 0.687500
v 0.625000 2.312500 0.750000
v 0.562500 2.312500 0.750000
vn 0 -1 0
f 1985//497 1986//497 1987//497 1988//497
v 0.312500 2.500000 -0.500000
v 0.375000 2.500000 -0.500000
v 0.375000 2.500000 -0.125000
v 0.312500 2.500000 -0.125000
vn 0 -1 0
f 1989//498 1990//498 1991//498 1992//498
v 0.375000 2.500000 -0.500000
v 0.625000 2.500000 -0.500000
v 0.625000 2.500000 -0.375000
v 0.375000 2.500000 -0.375000
vn 0 -1 0
f 1993//499 1994//499 1995//499 1996//499
v 0.250000 2.500000 -0.437500
v 0.312500 2.500000 -0.437500
v 0.312500 2.500000 -0.125000
v 0.250000 2.500000 -0.125000
vn 0 -1 0
f 1997//500 1998//500 1999//500 2000//500
v -1.937500 2.500000 -0.250000
v -1.875000 2.500000 -0.250000
v -1.875000 2.500000 0.250000
v -1.937500 2.500000 0.250000
vn 0 -1 0
f 2001//501 2002//501 2003//501 2004//501
v -1.875000 2.500000 -0.250000
v -1.625000 2.500000 -0.250000
v -1.625000 2.500000 -0.125000
v -1.875000 2.500000 -0.125000
vn 0 -1 0
f 2005//502 2006//502 2007//502 2008//502
v -1.375000 2.500000 -0.250000
v -1.250000 2.500000 -0.250000
v -1.250000 2.500000 -0.125000
v -1.375000 2.500000 -0.125000
vn 0 -1 0
f 2009//503 2010//503 2011//503 2012//503
v 1.250000 2.500000 -0.250000
v 1.562500 2.500000 -0.250000
v 1.562500 2.500000 0.000000
v 1.250000 2.500000 0.000000
vn 0 -1 0
f 2013//504 2014//504 2015//504 2016//504
v -2.000000 2.500000 -0.187500
v -1.937500 2.500000 -0.187500
v -1.937500 2.500000 0.250000
v -2.000000 2.500000 0.250000
vn 0 -1 0
f 2017//505 2018//505 2019//505 2020//505
v 1.562500 2.500000 -0.187500
v 1.625000 2.500000 -0.187500
v 1.625000 2.500000 0.437500
v 1.562500 2.500000 0.437500
vn 0 -1 0
f 2021//506 2022//506 2023//506 2024//506
v 1.375000 2.500000 0.000000
v 1.437500 2.500000 0.000000
v 1.437500 2.500000 0.625000
v 1.375000 2.500000 0.625000
vn 0 -1 0
f 2025//507 2026//507 2027//507 2028//507
v 1.437500 2.500000 0.000000
v 1.500000 2.500000 0.000000
v 1.500000 2.500000 0.562500
v 1.437500 2.500000 0.562500
vn 0 -1 0
f 2029//508 2030//508 2031//508 2032//508
v 1.500000 2.500000 0.000000
v 1.562500 2.500000 0.000000
v 1.562500 2.500000 0.500000
v 1.500000 2.500000 0.500000
vn 0 -1 0
f 2033//509 2034//509 2035//509 2036//509
v -1.375000 2.500000 0.250000
v -1.250000 2.500000 0.250000
v -1.250000 2.500000 0.687500
v -1.375000 2.500000 0.687500
vn 0 -1 0
f 2037//510 2038//510 2039//510 2040//510
v -0.375000 2.500000 0.250000
v 0.000000 2.500000 0.250000
v 0.000000 2.500000 0.375000
v -0.375000 2.500000 0.375000
vn 0 -1 0
f 2041//511 2042//511 2043//511 2044//511
v -1.750000 2.500000 0.375000
v -1.375000 2.500000 0.375000
v -1.375000 2.500000 0.500000
v -1.750000 2.500000 0.500000
vn 0 -1 0
f 2045//512 2046//512 2047//512 2048//512
v -0.250000 2.500000 0.375000
v 0.000000 2.500000 0.375000
v 0.000000 2.500000 0.750000
v -0.250000 2.500000 0.750000
vn 0 -1 0
f 2049//513 2050//513 2051//513 2052//513
v -1.000000 2.500000 0.625000
v -0.750000 2.500000 0.625000
v -0.750000 2.500000 0.687500
v -1.000000 2.500000 0.687500
vn 0 -1 0
f 2053//514 2054//514 2055//514 2056//514
v -0.937500 2.500000 0.687500
v -0.750000 2.500000 0.687500
v -0.750000 2.500000 0.750000
v -0.937500 2.500000 0.750000
vn 0 -1 0
f 2057//515 2058//515 2059//515 2060//515
v 1.562500 2.562500 0.437500
v 1.625000 2.562500 0.437500
v 1.625000 2.562500 0.500000
v 1.562500 2.562500 0.500000
vn 0 -1 0
f 2061//516 2062//516 2063//516 2064//516
v -1.000000 2.562500 0.687500
v -0.937500 2.562500 0.687500
v -0.937500 2.562500 0.750000
v -1.000000 2.562500 0.750000
vn 0 -1 0
f 2065//517 2066//517 2067//517 2068//517
v -0.812500 2.625000 -1.000000
v -0.062500 2.625000 -1.000000
v -0.062500 2.625000 -0.875000
v -0.812500 2.625000 -0.875000
vn 0 -1 0
f 2069//518 2070//518 2071//518 2072//518
v -0.875000 2.625000 -0.937500
v -0.812500 2.625000 -0.937500
v -0.812500 2.625000 -0.875000
v -0.875000 2.625000 -0.875000
vn 0 -1 0
f 2073//519 2074//519 2075//519 2076//519
v -0.062500 2.625000 -0.937500
v 0.000000 2.625000 -0.937500
v 0.000000 2.625000 -0.125000
v -0.062500 2.625000 -0.125000
vn 0 -1 0
f 2077//520 2078//520 2079//520 2080//520
v -0.125000 2.625000 -0.875000
v -0.062500 2.625000 -0.875000
v -0.062500 2.625000 -0.125000
v -0.125000 2.625000 -0.125000
vn 0 -1 0
f 2081//521 2082//521 2083//521 2084//521
v -0.500000 2.625000 0.875000
v 0.125000 2.625000 0.875000
v 0.125000 2.625000 0.937500
v -0.500000 2.625000 0.937500
vn 0 -1 0
f 2085//522 2086//522 2087//522 2088//522
v -0.437500 2.625000 0.937500
v 0.062500 2.625000 0.937500
v 0.062500 2.625000 1.000000
v -0.437500 2.625000 1.000000
vn 0 -1 0
f 2089//523 2090//523 2091//523 2092//523
v -0.062500 2.687500 -1.000000
v 0.000000 2.687500 -1.000000
v 0.000000 2.687500 -0.937500
v -0.062500 2.687500 -0.937500
vn 0 -1 0
f 2093//524 2094//524 2095//524 2096//524
v -0.500000 2.687500 0.937500
v -0.437500 2.687500 0.937500
v -0.437500 2.687500 1.000000
v -0.500000 2.687500 1.000000
vn 0 -1 0
f 2097//525 2098//525 2099//525 2100//525
v 0.062500 2.687500 0.937500
v 0.125000 2.687500 0.937500
v 0.125000 2.687500 1.000000
v 0.062500 2.687500 1.000000
vn 0 -1 0
f 2101//526 2102//526 2103//526 2104//526
v 0.000000 2.750000 -1.000000
v 0.062500 2.750000 -1.000000
v 0.062500 2.750000 -0.875000
v 0.000000 2.750000 -0.875000
vn 0 -1 0
f 2105//527 2106//527 2107//527 2108//527
v 0.062500 2.750000 -0.937500
v 0.125000 2.750000 -0.937500
v 0.125000 2.750000 -0.875000
v 0.062500 2.750000 -0.875000
vn 0 -1 0
f 2109//528 2110//528 2111//528 2112//528
v 0.000000 2.750000 -0.375000
v 0.125000 2.750000 -0.375000
v 0.125000 2.750000 -0.250000
v 0.000000 2.750000 -0.250000
vn 0 -1 0
f 2113//529 2114//529 2115//529 2116//529
v -0.125000 2.750000 -0.125000
v 0.000000 2.750000 -0.125000
v 0.000000 2.750000 0.250000
v -0.125000 2.750000 0.250000
vn 0 -1 0
f 2117//530 2118//530 2119//530 2120//530
v 0.500000 2.750000 0.375000
v 0.562500 2.750000 0.375000
v 0.562500 2.750000 0.500000
v 0.500000 2.750000 0.500000
vn 0 -1 0
f 2121//531 2122//531 2123//531 2124//531
v 0.562500 2.750000 0.375000
v 0.625000 2.750000 0.375000
v 0.625000 2.750000 0.437500
v 0.562500 2.750000 0.437500
vn 0 -1 0
f 2125//532 2126//532 2127//532 2128//532
v -1.000000 2.750000 0.750000
v -0.875000 2.750000 0.750000
v -0.875000 2.750000 0.937500
v -1.000000 2.750000 0.937500
vn 0 -1 0
f 2129//533 2130//533 2131//533 2132//533
v -0.875000 2.750000 0.875000
v -0.500000 2.750000 0.875000
v -0.500000 2.750000 1.000000
v -0.875000 2.750000 1.000000
vn 0 -1 0
f 2133//534 2134//534 2135//534 2136//534
v -0.937500 2.750000 0.937500
v -0.875000 2.750000 0.937500
v -0.875000 2.750000 1.000000
v -0.937500 2.750000 1.000000
vn 0 -1 0
f 2137//535 2138//535 2139//535 2140//535
v 0.062500 2.812500 -1.000000
v 0.125000 2.812500 -1.000000
v 0.125000 2.812500 -0.937500
v 0.062500 2.812500 -0.937500
vn 0 -1 0
f 2141//536 2142//536 2143//536 2144//536
v 0.562500 2.812500 0.437500
v 0.625000 2.812500 0.437500
v 0.625000 2.812500 0.500000
v 0.562500 2.812500 0.500000
vn 0 -1 0
f 2145//537 2146//537 2147//537 2148//537
v -1.000000 2.812500 0.937500
v -0.937500 2.812500 0.937500
v -0.937500 2.812500 1.000000
v -1.000000 2.812500 1.000000
vn 0 -1 0
f 2149//538 2150//538 2151//538 2152//538
v -1.562500 2.875000 -0.750000
v -1.500000 2.875000 -0.750000
v -1.500000 2.875000 -0.250000
v -1.562500 2.875000 -0.250000
vn 0 -1 0
f 2153//539 2154//539 2155//539 2156//539
v -0.875000 2.875000 -0.750000
v -0.812500 2.875000 -0.750000
v -0.812500 2.875000 -0.500000
v -0.875000 2.875000 -0.500000
vn 0 -1 0
f 2157//540 2158//540 2159//540 2160//540
v -1.625000 2.875000 -0.687500
v -1.562500 2.875000 -0.687500
v -1.562500 2.875000 -0.250000
v -1.625000 2.875000 -0.250000
vn 0 -1 0
f 2161//541 2162//541 2163//541 2164//541
v -0.812500 2.875000 -0.687500
v -0.750000 2.875000 -0.687500
v -0.750000 2.875000 -0.500000
v -0.812500 2.875000 -0.500000
vn 0 -1 0
f 2165//542 2166//542 2167//542 2168//542
v 0.812500 2.875000 -0.625000
v 0.875000 2.875000 -0.625000
v 0.875000 2.875000 -0.375000
v 0.812500 2.875000 -0.375000
vn 0 -1 0
f 2169//543 2170//543 2171//543 2172//543
v 0.750000 2.875000 -0.562500
v 0.812500 2.875000 -0.562500
v 0.812500 2.875000 -0.375000
v 0.750000 2.875000 -0.375000
vn 0 -1 0
f 2173//544 2174//544 2175//544 2176//544
v -0.812500 2.937500 -0.750000
v -0.750000 2.937500 -0.750000
v -0.750000 2.937500 -0.687500
v -0.812500 2.937500 -0.687500
vn 0 -1 0
f 2177//545 2178//545 2179//545 2180//545
v 0.750000 2.937500 -0.625000
v 0.812500 2.937500 -0.625000
v 0.812500 2.937500 -0.562500
v 0.750000 2.937500 -0.562500
vn 0 -1 0
f 2181//546 2182//546 2183//546 2184//546
v -0.187500 3.000000 -1.125000
v 0.562500 3.000000 -1.125000
v 0.562500 3.000000 -1.000000
v -0.187500 3.000000 -1.000000
vn 0 -1 0
f 2185//547 2186//547 2187//547 2188//547
v -0.250000 3.000000 -1.062500
v -0.187500 3.000000 -1.062500
v -0.187500 3.000000 -1.000000
v -0.250000 3.000000 -1.000000
vn 0 -1 0
f 2189//548 2190//548 2191//548 2192//548
v 0.562500 3.000000 -1.062500
v 0.625000 3.000000 -1.062500
v 0.625000 3.000000 -0.750000
v 0.562500 3.000000 -0.750000
vn 0 -1 0
f 2193//549 2194//549 2195//549 2196//549
v 0.500000 3.000000 -1.000000
v 0.562500 3.000000 -1.000000
v 0.562500 3.000000 -0.750000
v 0.500000 3.000000 -0.750000
vn 0 -1 0
f 2197//550 2198//550 2199//550 2200//550
v -0.250000 3.000000 -0.125000
v -0.125000 3.000000 -0.125000
v -0.125000 3.000000 0.125000
v -0.250000 3.000000 0.125000
vn 0 -1 0
f 2201//551 2202//551 2203//551 2204//551
v -1.125000 3.000000 0.000000
v -1.000000 3.000000 0.000000
v -1.000000 3.000000 0.125000
v -1.125000 3.000000 0.125000
vn 0 -1 0
f 2205//552 2206//552 2207//552 2208//552
v 0.750000 3.000000 0.125000
v 1.000000 3.000000 0.125000
v 1.000000 3.000000 0.250000
v 0.750000 3.000000 0.250000
vn 0 -1 0
f 2209//553 2210//553 2211//553 2212//553
v 1.375000 3.000000 0.125000
v 1.437500 3.000000 0.125000
v 1.437500 3.000000 0.250000
v 1.375000 3.000000 0.250000
vn 0 -1 0
f 2213//554 2214//554 2215//554 2216//554
v 1.437500 3.000000 0.125000
v 1.500000 3.000000 0.125000
v 1.500000 3.000000 0.187500
v 1.437500 3.000000 0.187500
vn 0 -1 0
f 2217//555 2218//555 2219//555 2220//555
v 0.375000 3.000000 0.500000
v 0.437500 3.000000 0.500000
v 0.437500 3.000000 0.875000
v 0.375000 3.000000 0.875000
vn 0 -1 0
f 2221//556 2222//556 2223//556 2224//556
v 0.437500 3.000000 0.500000
v 0.500000 3.000000 0.500000
v 0.500000 3.000000 0.812500
v 0.437500 3.000000 0.812500
vn 0 -1 0
f 2225//557 2226//557 2227//557 2228//557
v 0.500000 3.000000 0.500000
v 0.562500 3.000000 0.500000
v 0.562500 3.000000 0.750000
v 0.500000 3.000000 0.750000
vn 0 -1 0
f 2229//558 2230//558 2231//558 2232//558
v 0.562500 3.000000 0.500000
v 0.625000 3.000000 0.500000
v 0.625000 3.000000 0.687500
v 0.562500 3.000000 0.687500
vn 0 -1 0
f 2233//559 2234//559 2235//559 2236//559
v -0.250000 3.000000 0.750000
v 0.000000 3.000000 0.750000
v 0.000000 3.000000 0.875000
v -0.250000 3.000000 0.875000
vn 0 -1 0
f 2237//560 2238//560 2239//560 2240//560
v 0.562500 3.062500 0.687500
v 0.625000 3.062500 0.687500
v 0.625000 3.062500 0.750000
v 0.562500 3.062500 0.750000
vn 0 -1 0
f 2241//561 2242//561 2243//561 2244//561
v -1.187500 3.125000 -0.875000
v -0.500000 3.125000 -0.875000
v -0.500000 3.125000 -0.750000
v -1.187500 3.125000 -0.750000
vn 0 -1 0
f 2245//562 2246//562 2247//562 2248//562
v -1.250000 3.125000 -0.812500
v -1.187500 3.125000 -0.812500
v -1.187500 3.125000 -0.750000
v -1.250000 3.125000 -0.750000
vn 0 -1 0
f 2249//563 2250//563 2251//563 2252//563
v 1.000000 3.125000 -0.750000
v 1.062500 3.125000 -0.750000
v 1.062500 3.125000 -0.500000
v 1.000000 3.125000 -0.500000
vn 0 -1 0
f 2253//564 2254//564 2255//564 2256//564
v 1.062500 3.125000 -0.687500
v 1.125000 3.125000 -0.687500
v 1.125000 3.125000 -0.500000
v 1.062500 3.125000 -0.500000
vn 0 -1 0
f 2257//565 2258//565 2259//565 2260//565
v 1.062500 3.187500 -0.750000
v 1.125000 3.187500 -0.750000
v 1.125000 3.187500 -0.687500
v 1.062500 3.187500 -0.687500
vn 0 -1 0
f 2261//566 2262//566 2263//566 2264//566
v -0.250000 3.250000 -0.625000
v -0.125000 3.250000 -0.625000
v -0.125000 3.250000 -0.250000
v -0.250000 3.250000 -0.250000
vn 0 -1 0
f 2265//567 2266//567 2267//567 2268//567
v -0.125000 3.250000 -0.625000
v 0.000000 3.250000 -0.625000
v 0.000000 3.250000 -0.500000
v -0.125000 3.250000 -0.500000
vn 0 -1 0
f 2269//568 2270//568 2271//568 2272//568
v -1.250000 3.250000 -0.375000
v -1.000000 3.250000 -0.375000
v -1.000000 3.250000 -0.187500
v -1.250000 3.250000 -0.187500
vn 0 -1 0
f 2273//569 2274//569 2275//569 2276//569
v -1.187500 3.250000 -0.187500
v -1.000000 3.250000 -0.187500
v -1.000000 3.250000 -0.125000
v -1.187500 3.250000 -0.125000
vn 0 -1 0
f 2277//570 2278//570 2279//570 2280//570
v -0.250000 3.250000 0.000000
v -0.125000 3.250000 0.000000
v -0.125000 3.250000 0.187500
v -0.250000 3.250000 0.187500
vn 0 -1 0
f 2281//571 2282//571 2283//571 2284//571
v -0.187500 3.250000 0.187500
v -0.125000 3.250000 0.187500
v -0.125000 3.250000 0.250000
v -0.187500 3.250000 0.250000
vn 0 -1 0
f 2285//572 2286//572 2287//572 2288//572
v -0.250000 3.312500 0.187500
v -0.187500 3.312500 0.187500
v -0.187500 3.312500 0.250000
v -0.250000 3.312500 0.250000
vn 0 -1 0
f 2289//573 2290//573 2291//573 2292//573
v 1.125000 3.375000 -0.500000
v 1.187500 3.375000 -0.500000
v 1.187500 3.375000 -0.250000
v 1.125000 3.375000 -0.250000
vn 0 -1 0
f 2293//574 2294//574 2295//574 2296//574
v 1.187500 3.375000 -0.437500
v 1.250000 3.375000 -0.437500
v 1.250000 3.375000 -0.250000
v 1.187500 3.375000 -0.250000
vn 0 -1 0
f 2297//575 2298//575 2299//575 2300//575
v -0.187500 3.000000 -1.125000
v -0.187500 3.125000 -1.125000
v 0.562500 3.125000 -1.125000
v 0.562500 3.000000 -1.125000
vn 0 0 -1
f 2301//576 2302//576 2303//576 2304//576
v -0.250000 3.000000 -1.062500
v -0.250000 3.125000 -1.062500
v -0.187500 3.125000 -1.062500
v -0.187500 3.000000 -1.062500
vn 0 0 -1
f 2305//577 2306//577 2307//577 2308//577
v 0.562500 3.000000 -1.062500
v 0.562500 3.125000 -1.062500
v 0.625000 3.125000 -1.062500
v 0.625000 3.000000 -1.062500
vn 0 0 -1
f 2309//578 2310//578 2311//578 2312//578
v -0.812500 2.625000 -1.000000
v -0.812500 2.750000 -1.000000
v -0.062500 2.750000 -1.000000
v -0.062500 2.625000 -1.000000
vn 0 0 -1
f 2313//579 2314//579 2315//579 2316//579
v -0.750000 2.750000 -1.000000
v -0.750000 2.812500 -1.000000
v 0.062500 2.812500 -1.000000
v 0.062500 2.750000 -1.000000
vn 0 0 -1
f 2317//580 2318//580 2319//580 2320//580
v -0.687500 2.812500 -1.000000
v -0.687500 2.875000 -1.000000
v 0.125000 2.875000 -1.000000
v 0.125000 2.812500 -1.000000
vn 0 0 -1
f 2321//581 2322//581 2323//581 2324//581
v -0.062500 2.687500 -1.000000
v -0.062500 2.750000 -1.000000
v 0.000000 2.750000 -1.000000
v 0.000000 2.687500 -1.000000
vn 0 0 -1
f 2325//582 2326//582 2327//582 2328//582
v 0.000000 3.125000 -1.000000
v 0.000000 3.312500 -1.000000
v 0.625000 3.312500 -1.000000
v 0.625000 3.125000 -1.000000
vn 0 0 -1
f 2329//583 2330//583 2331//583 2332//583
v 0.062500 3.312500 -1.000000
v 0.062500 3.375000 -1.000000
v 0.562500 3.375000 -1.000000
v 0.562500 3.312500 -1.000000
vn 0 0 -1
f 2333//584 2334//584 2335//584 2336//584
v -0.875000 2.625000 -0.937500
v -0.875000 2.750000 -0.937500
v -0.812500 2.750000 -0.937500
v -0.812500 2.625000 -0.937500
vn 0 0 -1
f 2337//585 2338//585 2339//585 2340//585
v -0.750000 2.812500 -0.937500
v -0.750000 2.875000 -0.937500
v -0.687500 2.875000 -0.937500
v -0.687500 2.812500 -0.937500
vn 0 0 -1
f 2341//586 2342//586 2343//586 2344//586
v -0.062500 2.625000 -0.937500
v -0.062500 2.687500 -0.937500
v 0.000000 2.687500 -0.937500
v 0.000000 2.625000 -0.937500
vn 0 0 -1
f 2345//587 2346//587 2347//587 2348//587
v 0.000000 3.312500 -0.937500
v 0.000000 3.375000 -0.937500
v 0.062500 3.375000 -0.937500
v 0.062500 3.312500 -0.937500
vn 0 0 -1
f 2349//588 2350//588 2351//588 2352//588
v 0.062500 2.750000 -0.937500
v 0.062500 2.812500 -0.937500
v 0.125000 2.812500 -0.937500
v 0.125000 2.750000 -0.937500
vn 0 0 -1
f 2353//589 2354//589 2355//589 2356//589
v 0.562500 3.312500 -0.937500
v 0.562500 3.375000 -0.937500
v 0.625000 3.375000 -0.937500
v 0.625000 3.312500 -0.937500
vn 0 0 -1
f 2357//590 2358//590 2359//590 2360//590
v -1.437500 2.125000 -0.875000
v -1.437500 2.250000 -0.875000
v -0.687500 2.250000 -0.875000
v -0.687500 2.125000 -0.875000
vn 0 0 -1
f 2361//591 2362//591 2363//591 2364//591
v -1.375000 2.250000 -0.875000
v -1.375000 2.312500 -0.875000
v -0.562500 2.312500 -0.875000
v -0.562500 2.250000 -0.875000
vn 0 0 -1
f 2365//592 2366//592 2367//592 2368//592
v -1.312500 2.312500 -0.875000
v -1.312500 2.375000 -0.875000
v -0.562500 2.375000 -0.875000
v -0.562500 2.312500 -0.875000
vn 0 0 -1
f 2369//593 2370//593 2371//593 2372//593
v -1.187500 3.125000 -0.875000
v -1.187500 3.250000 -0.875000
v -0.375000 3.250000 -0.875000
v -0.375000 3.125000 -0.875000
vn 0 0 -1
f 2373//594 2374//594 2375//594 2376//594
v -1.125000 3.250000 -0.875000
v -1.125000 3.312500 -0.875000
v -0.375000 3.312500 -0.875000
v -0.375000 3.250000 -0.875000
vn 0 0 -1
f 2377//595 2378//595 2379//595 2380//595
v -1.062500 3.312500 -0.875000
v -1.062500 3.375000 -0.875000
v -0.437500 3.375000 -0.875000
v -0.437500 3.312500 -0.875000
vn 0 0 -1
f 2381//596 2382//596 2383//596 2384//596
v -0.687500 2.187500 -0.875000
v -0.687500 2.250000 -0.875000
v -0.625000 2.250000 -0.875000
v -0.625000 2.187500 -0.875000
vn 0 0 -1
f 2385//597 2386//597 2387//597 2388//597
v -0.625000 2.875000 -0.875000
v -0.625000 2.937500 -0.875000
v -0.250000 2.937500 -0.875000
v -0.250000 2.875000 -0.875000
vn 0 0 -1
f 2389//598 2390//598 2391//598 2392//598
v -0.562500 2.937500 -0.875000
v -0.562500 3.000000 -0.875000
v -0.250000 3.000000 -0.875000
v -0.250000 2.937500 -0.875000
vn 0 0 -1
f 2393//599 2394//599 2395//599 2396//599
v -0.500000 3.000000 -0.875000
v -0.500000 3.125000 -0.875000
v -0.250000 3.125000 -0.875000
v -0.250000 3.000000 -0.875000
vn 0 0 -1
f 2397//600 2398//600 2399//600 2400//600
v -1.500000 2.125000 -0.812500
v -1.500000 2.250000 -0.812500
v -1.437500 2.250000 -0.812500
v -1.437500 2.125000 -0.812500
vn 0 0 -1
f 2401//601 2402//601 2403//601 2404//601
v -1.375000 2.312500 -0.812500
v -1.375000 2.375000 -0.812500
v -1.312500 2.375000 -0.812500
v -1.312500 2.312500 -0.812500
vn 0 0 -1
f 2405//602 2406//602 2407//602 2408//602
v -1.250000 3.125000 -0.812500
v -1.250000 3.250000 -0.812500
v -1.187500 3.250000 -0.812500
v -1.187500 3.125000 -0.812500
vn 0 0 -1
f 2409//603 2410//603 2411//603 2412//603
v -1.125000 3.312500 -0.812500
v -1.125000 3.375000 -0.812500
v -1.062500 3.375000 -0.812500
v -1.062500 3.312500 -0.812500
vn 0 0 -1
f 2413//604 2414//604 2415//604 2416//604
v -0.687500 2.125000 -0.812500
v -0.687500 2.187500 -0.812500
v -0.625000 2.187500 -0.812500
v -0.625000 2.125000 -0.812500
vn 0 0 -1
f 2417//605 2418//605 2419//605 2420//605
v -0.625000 2.937500 -0.812500
v -0.625000 3.000000 -0.812500
v -0.562500 3.000000 -0.812500
v -0.562500 2.937500 -0.812500
vn 0 0 -1
f 2421//606 2422//606 2423//606 2424//606
v -0.562500 2.250000 -0.812500
v -0.562500 2.375000 -0.812500
v -0.500000 2.375000 -0.812500
v -0.500000 2.250000 -0.812500
vn 0 0 -1
f 2425//607 2426//607 2427//607 2428//607
v -0.437500 3.312500 -0.812500
v -0.437500 3.375000 -0.812500
v -0.375000 3.375000 -0.812500
v -0.375000 3.312500 -0.812500
vn 0 0 -1
f 2429//608 2430//608 2431//608 2432//608
v -1.562500 2.875000 -0.750000
v -1.562500 3.000000 -0.750000
v -0.812500 3.000000 -0.750000
v -0.812500 2.875000 -0.750000
vn 0 0 -1
f 2433//609 2434//609 2435//609 2436//609
v -1.250000 2.375000 -0.750000
v -1.250000 2.437500 -0.750000
v -0.500000 2.437500 -0.750000
v -0.500000 2.375000 -0.750000
vn 0 0 -1
f 2437//610 2438//610 2439//610 2440//610
v -1.187500 2.437500 -0.750000
v -1.187500 2.500000 -0.750000
v -0.500000 2.500000 -0.750000
v -0.500000 2.437500 -0.750000
vn 0 0 -1
f 2441//611 2442//611 2443//611 2444//611
v -1.125000 2.500000 -0.750000
v -1.125000 2.562500 -0.750000
v -0.875000 2.562500 -0.750000
v -0.875000 2.500000 -0.750000
vn 0 0 -1
f 2445//612 2446//612 2447//612 2448//612
v -1.062500 2.562500 -0.750000
v -1.062500 2.625000 -0.750000
v -0.875000 2.625000 -0.750000
v -0.875000 2.562500 -0.750000
vn 0 0 -1
f 2449//613 2450//613 2451//613 2452//613
v -1.000000 2.625000 -0.750000
v -1.000000 2.750000 -0.750000
v -0.875000 2.750000 -0.750000
v -0.875000 2.625000 -0.750000
vn 0 0 -1
f 2453//614 2454//614 2455//614 2456//614
v -0.812500 2.937500 -0.750000
v -0.812500 3.000000 -0.750000
v -0.750000 3.000000 -0.750000
v -0.750000 2.937500 -0.750000
vn 0 0 -1
f 2457//615 2458//615 2459//615 2460//615
v -0.625000 3.375000 -0.750000
v -0.625000 3.437500 -0.750000
v -0.375000 3.437500 -0.750000
v -0.375000 3.375000 -0.750000
vn 0 0 -1
f 2461//616 2462//616 2463//616 2464//616
v -0.625000 3.437500 -0.750000
v -0.625000 3.500000 -0.750000
v -0.437500 3.500000 -0.750000
v -0.437500 3.437500 -0.750000
vn 0 0 -1
f 2465//617 2466//617 2467//617 2468//617
v -0.375000 3.125000 -0.750000
v -0.375000 3.375000 -0.750000
v 0.000000 3.375000 -0.750000
v 0.000000 3.125000 -0.750000
vn 0 0 -1
f 2469//618 2470//618 2471//618 2472//618
v -0.125000 3.375000 -0.750000
v -0.125000 3.562500 -0.750000
v 0.000000 3.562500 -0.750000
v 0.000000 3.375000 -0.750000
vn 0 0 -1
f 2473//619 2474//619 2475//619 2476//619
v -0.062500 3.562500 -0.750000
v -0.062500 3.625000 -0.750000
v 0.125000 3.625000 -0.750000
v 0.125000 3.562500 -0.750000
vn 0 0 -1
f 2477//620 2478//620 2479//620 2480//620
v 0.000000 3.500000 -0.750000
v 0.000000 3.562500 -0.750000
v 0.125000 3.562500 -0.750000
v 0.125000 3.500000 -0.750000
vn 0 0 -1
f 2481//621 2482//621 2483//621 2484//621
v 0.500000 2.187500 -0.750000
v 0.500000 2.312500 -0.750000
v 1.500000 2.312500 -0.750000
v 1.500000 2.187500 -0.750000
vn 0 0 -1
f 2485//622 2486//622 2487//622 2488//622
v 0.500000 3.375000 -0.750000
v 0.500000 3.562500 -0.750000
v 1.125000 3.562500 -0.750000
v 1.125000 3.375000 -0.750000
vn 0 0 -1
f 2489//623 2490//623 2491//623 2492//623
v 0.562500 2.125000 -0.750000
v 0.562500 2.187500 -0.750000
v 1.437500 2.187500 -0.750000
v 1.437500 2.125000 -0.750000
vn 0 0 -1
f 2493//624 2494//624 2495//624 2496//624
v 0.562500 2.312500 -0.750000
v 0.562500 2.375000 -0.750000
v 1.437500 2.375000 -0.750000
v 1.437500 2.312500 -0.750000
vn 0 0 -1
f 2497//625 2498//625 2499//625 2500//625
v 0.562500 3.562500 -0.750000
v 0.562500 3.625000 -0.750000
v 1.062500 3.625000 -0.750000
v 1.062500 3.562500 -0.750000
vn 0 0 -1
f 2501//626 2502//626 2503//626 2504//626
v 0.625000 2.375000 -0.750000
v 0.625000 2.437500 -0.750000
v 1.375000 2.437500 -0.750000
v 1.375000 2.375000 -0.750000
vn 0 0 -1
f 2505//627 2506//627 2507//627 2508//627
v 0.625000 3.125000 -0.750000
v 0.625000 3.375000 -0.750000
v 1.062500 3.375000 -0.750000
v 1.062500 3.125000 -0.750000
vn 0 0 -1
f 2509//628 2510//628 2511//628 2512//628
v 0.687500 2.437500 -0.750000
v 0.687500 2.500000 -0.750000
v 1.312500 2.500000 -0.750000
v 1.312500 2.437500 -0.750000
vn 0 0 -1
f 2513//629 2514//629 2515//629 2516//629
v 1.062500 3.187500 -0.750000
v 1.062500 3.375000 -0.750000
v 1.125000 3.375000 -0.750000
v 1.125000 3.187500 -0.750000
vn 0 0 -1
f 2517//630 2518//630 2519//630 2520//630
v -1.625000 2.875000 -0.687500
v -1.625000 3.000000 -0.687500
v -1.562500 3.000000 -0.687500
v -1.562500 2.875000 -0.687500
vn 0 0 -1
f 2521//631 2522//631 2523//631 2524//631
v -1.250000 2.437500 -0.687500
v -1.250000 2.500000 -0.687500
v -1.187500 2.500000 -0.687500
v -1.187500 2.437500 -0.687500
vn 0 0 -1
f 2525//632 2526//632 2527//632 2528//632
v -1.125000 2.562500 -0.687500
v -1.125000 2.625000 -0.687500
v -1.062500 2.625000 -0.687500
v -1.062500 2.562500 -0.687500
vn 0 0 -1
f 2529//633 2530//633 2531//633 2532//633
v -0.812500 2.875000 -0.687500
v -0.812500 2.937500 -0.687500
v -0.750000 2.937500 -0.687500
v -0.750000 2.875000 -0.687500
vn 0 0 -1
f 2533//634 2534//634 2535//634 2536//634
v -0.437500 3.437500 -0.687500
v -0.437500 3.500000 -0.687500
v -0.375000 3.500000 -0.687500
v -0.375000 3.437500 -0.687500
vn 0 0 -1
f 2537//635 2538//635 2539//635 2540//635
v -0.125000 3.562500 -0.687500
v -0.125000 3.625000 -0.687500
v -0.062500 3.625000 -0.687500
v -0.062500 3.562500 -0.687500
vn 0 0 -1
f 2541//636 2542//636 2543//636 2544//636
v 0.500000 2.125000 -0.687500
v 0.500000 2.187500 -0.687500
v 0.562500 2.187500 -0.687500
v 0.562500 2.125000 -0.687500
vn 0 0 -1
f 2545//637 2546//637 2547//637 2548//637
v 0.500000 2.312500 -0.687500
v 0.500000 2.375000 -0.687500
v 0.562500 2.375000 -0.687500
v 0.562500 2.312500 -0.687500
vn 0 0 -1
f 2549//638 2550//638 2551//638 2552//638
v 0.500000 3.562500 -0.687500
v 0.500000 3.625000 -0.687500
v 0.562500 3.625000 -0.687500
v 0.562500 3.562500 -0.687500
vn 0 0 -1
f 2553//639 2554//639 2555//639 2556//639
v 0.625000 2.437500 -0.687500
v 0.625000 2.500000 -0.687500
v 0.687500 2.500000 -0.687500
v 0.687500 2.437500 -0.687500
vn 0 0 -1
f 2557//640 2558//640 2559//640 2560//640
v 1.062500 3.125000 -0.687500
v 1.062500 3.187500 -0.687500
v 1.125000 3.187500 -0.687500
v 1.125000 3.125000 -0.687500
vn 0 0 -1
f 2561//641 2562//641 2563//641 2564//641
v 1.062500 3.562500 -0.687500
v 1.062500 3.625000 -0.687500
v 1.125000 3.625000 -0.687500
v 1.125000 3.562500 -0.687500
vn 0 0 -1
f 2565//642 2566//642 2567//642 2568//642
v 1.312500 2.437500 -0.687500
v 1.312500 2.500000 -0.687500
v 1.375000 2.500000 -0.687500
v 1.375000 2.437500 -0.687500
vn 0 0 -1
f 2569//643 2570//643 2571//643 2572//643
v 1.437500 2.125000 -0.687500
v 1.437500 2.187500 -0.687500
v 1.500000 2.187500 -0.687500
v 1.500000 2.125000 -0.687500
vn 0 0 -1
f 2573//644 2574//644 2575//644 2576//644
v 1.437500 2.312500 -0.687500
v 1.437500 2.375000 -0.687500
v 1.500000 2.375000 -0.687500
v 1.500000 2.312500 -0.687500
vn 0 0 -1
f 2577//645 2578//645 2579//645 2580//645
v -1.625000 3.000000 -0.625000
v -1.625000 3.062500 -0.625000
v -1.250000 3.062500 -0.625000
v -1.250000 3.000000 -0.625000
vn 0 0 -1
f 2581//646 2582//646 2583//646 2584//646
v -1.562500 3.062500 -0.625000
v -1.562500 3.125000 -0.625000
v -1.250000 3.125000 -0.625000
v -1.250000 3.062500 -0.625000
vn 0 0 -1
f 2585//647 2586//647 2587//647 2588//647
v 0.625000 2.500000 -0.625000
v 0.625000 2.562500 -0.625000
v 1.250000 2.562500 -0.625000
v 1.250000 2.500000 -0.625000
vn 0 0 -1
f 2589//648 2590//648 2591//648 2592//648
v 0.687500 2.562500 -0.625000
v 0.687500 2.625000 -0.625000
v 1.187500 2.625000 -0.625000
v 1.187500 2.562500 -0.625000
vn 0 0 -1
f 2593//649 2594//649 2595//649 2596//649
v 0.750000 2.937500 -0.625000
v 0.750000 3.000000 -0.625000
v 1.562500 3.000000 -0.625000
v 1.562500 2.937500 -0.625000
vn 0 0 -1
f 2597//650 2598//650 2599//650 2600//650
v 0.812500 2.875000 -0.625000
v 0.812500 2.937500 -0.625000
v 1.625000 2.937500 -0.625000
v 1.625000 2.875000 -0.625000
vn 0 0 -1
f 2601//651 2602//651 2603//651 2604//651
v -1.625000 3.062500 -0.562500
v -1.625000 3.125000 -0.562500
v -1.562500 3.125000 -0.562500
v -1.562500 3.062500 -0.562500
vn 0 0 -1
f 2605//652 2606//652 2607//652 2608//652
v 0.625000 2.562500 -0.562500
v 0.625000 2.625000 -0.562500
v 0.687500 2.625000 -0.562500
v 0.687500 2.562500 -0.562500
vn 0 0 -1
f 2609//653 2610//653 2611//653 2612//653
v 0.750000 2.875000 -0.562500
v 0.750000 2.937500 -0.562500
v 0.812500 2.937500 -0.562500
v 0.812500 2.875000 -0.562500
vn 0 0 -1
f 2613//654 2614//654 2615//654 2616//654
v 1.187500 2.562500 -0.562500
v 1.187500 2.625000 -0.562500
v 1.250000 2.625000 -0.562500
v 1.250000 2.562500 -0.562500
vn 0 0 -1
f 2617//655 2618//655 2619//655 2620//655
v 1.562500 2.937500 -0.562500
v 1.562500 3.000000 -0.562500
v 1.625000 3.000000 -0.562500
v 1.625000 2.937500 -0.562500
vn 0 0 -1
f 2621//656 2622//656 2623//656 2624//656
v -1.812500 2.125000 -0.500000
v -1.812500 2.250000 -0.500000
v -1.500000 2.250000 -0.500000
v -1.500000 2.125000 -0.500000
vn 0 0 -1
f 2625//657 2626//657 2627//657 2628//657
v -1.750000 2.250000 -0.500000
v -1.750000 2.312500 -0.500000
v -1.375000 2.312500 -0.500000
v -1.375000 2.250000 -0.500000
vn 0 0 -1
f 2629//658 2630//658 2631//658 2632//658
v -1.687500 2.312500 -0.500000
v -1.687500 2.375000 -0.500000
v -1.375000 2.375000 -0.500000
v -1.375000 2.312500 -0.500000
vn 0 0 -1
f 2633//659 2634//659 2635//659 2636//659
v -1.500000 3.125000 -0.500000
v -1.500000 3.187500 -0.500000
v -1.250000 3.187500 -0.500000
v -1.250000 3.125000 -0.500000
vn 0 0 -1
f 2637//660 2638//660 2639//660 2640//660
v -1.437500 3.187500 -0.500000
v -1.437500 3.250000 -0.500000
v -1.250000 3.250000 -0.500000
v -1.250000 3.187500 -0.500000
vn 0 0 -1
f 2641//661 2642//661 2643//661 2644//661
v -1.250000 3.250000 -0.500000
v -1.250000 3.312500 -0.500000
v -1.000000 3.312500 -0.500000
v -1.000000 3.250000 -0.500000
vn 0 0 -1
f 2645//662 2646//662 2647//662 2648//662
v -1.187500 3.312500 -0.500000
v -1.187500 3.375000 -0.500000
v -1.000000 3.375000 -0.500000
v -1.000000 3.312500 -0.500000
vn 0 0 -1
f 2649//663 2650//663 2651//663 2652//663
v 0.312500 2.500000 -0.500000
v 0.312500 2.625000 -0.500000
v 0.625000 2.625000 -0.500000
v 0.625000 2.500000 -0.500000
vn 0 0 -1
f 2653//664 2654//664 2655//664 2656//664
v 0.375000 2.625000 -0.500000
v 0.375000 2.687500 -0.500000
v 1.000000 2.687500 -0.500000
v 1.000000 2.625000 -0.500000
vn 0 0 -1
f 2657//665 2658//665 2659//665 2660//665
v 0.437500 2.687500 -0.500000
v 0.437500 2.750000 -0.500000
v 1.000000 2.750000 -0.500000
v 1.000000 2.687500 -0.500000
vn 0 0 -1
f 2661//666 2662//666 2663//666 2664//666
v 1.000000 3.000000 -0.500000
v 1.000000 3.062500 -0.500000
v 1.625000 3.062500 -0.500000
v 1.625000 3.000000 -0.500000
vn 0 0 -1
f 2665//667 2666//667 2667//667 2668//667
v 1.000000 3.062500 -0.500000
v 1.000000 3.125000 -0.500000
v 1.562500 3.125000 -0.500000
v 1.562500 3.062500 -0.500000
vn 0 0 -1
f 2669//668 2670//668 2671//668 2672//668
v 1.125000 3.375000 -0.500000
v 1.125000 3.500000 -0.500000
v 1.187500 3.500000 -0.500000
v 1.187500 3.375000 -0.500000
vn 0 0 -1
f 2673//669 2674//669 2675//669 2676//669
v -1.875000 2.125000 -0.437500
v -1.875000 2.250000 -0.437500
v -1.812500 2.250000 -0.437500
v -1.812500 2.125000 -0.437500
vn 0 0 -1
f 2677//670 2678//670 2679//670 2680//670
v -1.750000 2.312500 -0.437500
v -1.750000 2.375000 -0.437500
v -1.687500 2.375000 -0.437500
v -1.687500 2.312500 -0.437500
vn 0 0 -1
f 2681//671 2682//671 2683//671 2684//671
v -1.500000 3.187500 -0.437500
v -1.500000 3.250000 -0.437500
v -1.437500 3.250000 -0.437500
v -1.437500 3.187500 -0.437500
vn 0 0 -1
f 2685//672 2686//672 2687//672 2688//672
v -1.250000 3.312500 -0.437500
v -1.250000 3.375000 -0.437500
v -1.187500 3.375000 -0.437500
v -1.187500 3.312500 -0.437500
vn 0 0 -1
f 2689//673 2690//673 2691//673 2692//673
v 0.250000 2.500000 -0.437500
v 0.250000 2.625000 -0.437500
v 0.312500 2.625000 -0.437500
v 0.312500 2.500000 -0.437500
vn 0 0 -1
f 2693//674 2694//674 2695//674 2696//674
v 0.375000 2.687500 -0.437500
v 0.375000 2.750000 -0.437500
v 0.437500 2.750000 -0.437500
v 0.437500 2.687500 -0.437500
vn 0 0 -1
f 2697//675 2698//675 2699//675 2700//675
v 1.187500 3.375000 -0.437500
v 1.187500 3.500000 -0.437500
v 1.250000 3.500000 -0.437500
v 1.250000 3.375000 -0.437500
vn 0 0 -1
f 2701//676 2702//676 2703//676 2704//676
v 1.562500 3.062500 -0.437500
v 1.562500 3.125000 -0.437500
v 1.625000 3.125000 -0.437500
v 1.625000 3.062500 -0.437500
vn 0 0 -1
f 2705//677 2706//677 2707//677 2708//677
v -1.875000 2.062500 -0.375000
v -1.875000 2.125000 -0.375000
v -1.500000 2.125000 -0.375000
v -1.500000 2.062500 -0.375000
vn 0 0 -1
f 2709//678 2710//678 2711//678 2712//678
v -1.812500 2.000000 -0.375000
v -1.812500 2.062500 -0.375000
v -1.500000 2.062500 -0.375000
v -1.500000 2.000000 -0.375000
vn 0 0 -1
f 2713//679 2714//679 2715//679 2716//679
v -1.625000 2.375000 -0.375000
v -1.625000 2.437500 -0.375000
v -1.375000 2.437500 -0.375000
v -1.375000 2.375000 -0.375000
vn 0 0 -1
f 2717//680 2718//680 2719//680 2720//680
v -1.562500 2.437500 -0.375000
v -1.562500 2.500000 -0.375000
v -1.437500 2.500000 -0.375000
v -1.437500 2.437500 -0.375000
vn 0 0 -1
f 2721//681 2722//681 2723//681 2724//681
v -0.500000 2.250000 -0.375000
v -0.500000 2.500000 -0.375000
v -0.375000 2.500000 -0.375000
v -0.375000 2.250000 -0.375000
vn 0 0 -1
f 2725//682 2726//682 2727//682 2728//682
v -0.250000 2.375000 -0.375000
v -0.250000 2.437500 -0.375000
v 0.000000 2.437500 -0.375000
v 0.000000 2.375000 -0.375000
vn 0 0 -1
f 2729//683 2730//683 2731//683 2732//683
v -0.250000 2.437500 -0.375000
v -0.250000 2.500000 -0.375000
v -0.062500 2.500000 -0.375000
v -0.062500 2.437500 -0.375000
vn 0 0 -1
f 2733//684 2734//684 2735//684 2736//684
v -0.125000 2.250000 -0.375000
v -0.125000 2.375000 -0.375000
v -0.062500 2.375000 -0.375000
v -0.062500 2.250000 -0.375000
vn 0 0 -1
f 2737//685 2738//685 2739//685 2740//685
v -0.062500 2.312500 -0.375000
v -0.062500 2.375000 -0.375000
v 0.000000 2.375000 -0.375000
v 0.000000 2.312500 -0.375000
vn 0 0 -1
f 2741//686 2742//686 2743//686 2744//686
v 0.125000 3.500000 -0.375000
v 0.125000 3.625000 -0.375000
v 0.500000 3.625000 -0.375000
v 0.500000 3.500000 -0.375000
vn 0 0 -1
f 2745//687 2746//687 2747//687 2748//687
v 0.250000 3.375000 -0.375000
v 0.250000 3.500000 -0.375000
v 0.500000 3.500000 -0.375000
v 0.500000 3.375000 -0.375000
vn 0 0 -1
f 2749//688 2750//688 2751//688 2752//688
v 0.500000 2.750000 -0.375000
v 0.500000 2.812500 -0.375000
v 0.875000 2.812500 -0.375000
v 0.875000 2.750000 -0.375000
vn 0 0 -1
f 2753//689 2754//689 2755//689 2756//689
v 0.562500 2.812500 -0.375000
v 0.562500 2.875000 -0.375000
v 0.875000 2.875000 -0.375000
v 0.875000 2.812500 -0.375000
vn 0 0 -1
f 2757//690 2758//690 2759//690 2760//690
v 1.125000 3.125000 -0.375000
v 1.125000 3.187500 -0.375000
v 1.500000 3.187500 -0.375000
v 1.500000 3.125000 -0.375000
vn 0 0 -1
f 2761//691 2762//691 2763//691 2764//691
v 1.125000 3.187500 -0.375000
v 1.125000 3.250000 -0.375000
v 1.437500 3.250000 -0.375000
v 1.437500 3.187500 -0.375000
vn 0 0 -1
f 2765//692 2766//692 2767//692 2768//692
v -1.875000 2.000000 -0.312500
v -1.875000 2.062500 -0.312500
v -1.812500 2.062500 -0.312500
v -1.812500 2.000000 -0.312500
vn 0 0 -1
f 2769//693 2770//693 2771//693 2772//693
v -1.625000 2.437500 -0.312500
v -1.625000 2.500000 -0.312500
v -1.562500 2.500000 -0.312500
v -1.562500 2.437500 -0.312500
vn 0 0 -1
f 2773//694 2774//694 2775//694 2776//694
v -1.437500 2.437500 -0.312500
v -1.437500 2.500000 -0.312500
v -1.375000 2.500000 -0.312500
v -1.375000 2.437500 -0.312500
vn 0 0 -1
f 2777//695 2778//695 2779//695 2780//695
v -0.062500 2.250000 -0.312500
v -0.062500 2.312500 -0.312500
v 0.000000 2.312500 -0.312500
v 0.000000 2.250000 -0.312500
vn 0 0 -1
f 2781//696 2782//696 2783//696 2784//696
v -0.062500 2.437500 -0.312500
v -0.062500 2.500000 -0.312500
v 0.000000 2.500000 -0.312500
v 0.000000 2.437500 -0.312500
vn 0 0 -1
f 2785//697 2786//697 2787//697 2788//697
v 0.500000 2.812500 -0.312500
v 0.500000 2.875000 -0.312500
v 0.562500 2.875000 -0.312500
v 0.562500 2.812500 -0.312500
vn 0 0 -1
f 2789//698 2790//698 2791//698 2792//698
v 1.437500 3.187500 -0.312500
v 1.437500 3.250000 -0.312500
v 1.500000 3.250000 -0.312500
v 1.500000 3.187500 -0.312500
vn 0 0 -1
f 2793//699 2794//699 2795//699 2796//699
v -1.937500 2.500000 -0.250000
v -1.937500 2.625000 -0.250000
v -1.125000 2.625000 -0.250000
v -1.125000 2.500000 -0.250000
vn 0 0 -1
f 2797//700 2798//700 2799//700 2800//700
v -1.875000 2.625000 -0.250000
v -1.875000 2.687500 -0.250000
v -1.500000 2.687500 -0.250000
v -1.500000 2.625000 -0.250000
vn 0 0 -1
f 2801//701 2802//701 2803//701 2804//701
v -1.812500 2.687500 -0.250000
v -1.812500 2.750000 -0.250000
v -1.500000 2.750000 -0.250000
v -1.500000 2.687500 -0.250000
vn 0 0 -1
f 2805//702 2806//702 2807//702 2808//702
v -1.750000 2.750000 -0.250000
v -1.750000 2.812500 -0.250000
v -1.500000 2.812500 -0.250000
v -1.500000 2.750000 -0.250000
vn 0 0 -1
f 2809//703 2810//703 2811//703 2812//703
v -1.687500 2.812500 -0.250000
v -1.687500 2.875000 -0.250000
v -1.500000 2.875000 -0.250000
v -1.500000 2.812500 -0.250000
vn 0 0 -1
f 2813//704 2814//704 2815//704 2816//704
v -0.875000 3.500000 -0.250000
v -0.875000 3.562500 -0.250000
v -0.500000 3.562500 -0.250000
v -0.500000 3.500000 -0.250000
vn 0 0 -1
f 2817//705 2818//705 2819//705 2820//705
v -0.812500 3.562500 -0.250000
v -0.812500 3.625000 -0.250000
v -0.562500 3.625000 -0.250000
v -0.562500 3.562500 -0.250000
vn 0 0 -1
f 2821//706 2822//706 2823//706 2824//706
v -0.625000 2.125000 -0.250000
v -0.625000 2.250000 -0.250000
v -0.375000 2.250000 -0.250000
v -0.375000 2.125000 -0.250000
vn 0 0 -1
f 2825//707 2826//707 2827//707 2828//707
v -0.250000 3.125000 -0.250000
v -0.250000 3.250000 -0.250000
v -0.125000 3.250000 -0.250000
v -0.125000 3.125000 -0.250000
vn 0 0 -1
f 2829//708 2830//708 2831//708 2832//708
v 0.000000 3.750000 -0.250000
v 0.000000 3.812500 -0.250000
v 0.250000 3.812500 -0.250000
v 0.250000 3.750000 -0.250000
vn 0 0 -1
f 2833//709 2834//709 2835//709 2836//709
v 0.062500 3.812500 -0.250000
v 0.062500 3.875000 -0.250000
v 0.250000 3.875000 -0.250000
v 0.250000 3.812500 -0.250000
vn 0 0 -1
f 2837//710 2838//710 2839//710 2840//710
v 0.125000 2.750000 -0.250000
v 0.125000 2.875000 -0.250000
v 0.500000 2.875000 -0.250000
v 0.500000 2.750000 -0.250000
vn 0 0 -1
f 2841//711 2842//711 2843//711 2844//711
v 0.500000 2.875000 -0.250000
v 0.500000 3.000000 -0.250000
v 0.750000 3.000000 -0.250000
v 0.750000 2.875000 -0.250000
vn 0 0 -1
f 2845//712 2846//712 2847//712 2848//712
v 1.125000 3.250000 -0.250000
v 1.125000 3.312500 -0.250000
v 1.375000 3.312500 -0.250000
v 1.375000 3.250000 -0.250000
vn 0 0 -1
f 2849//713 2850//713 2851//713 2852//713
v 1.125000 3.312500 -0.250000
v 1.125000 3.375000 -0.250000
v 1.312500 3.375000 -0.250000
v 1.312500 3.312500 -0.250000
vn 0 0 -1
f 2853//714 2854//714 2855//714 2856//714
v 1.250000 2.500000 -0.250000
v 1.250000 2.625000 -0.250000
v 1.562500 2.625000 -0.250000
v 1.562500 2.500000 -0.250000
vn 0 0 -1
f 2857//715 2858//715 2859//715 2860//715
v -2.000000 2.500000 -0.187500
v -2.000000 2.625000 -0.187500
v -1.937500 2.625000 -0.187500
v -1.937500 2.500000 -0.187500
vn 0 0 -1
f 2861//716 2862//716 2863//716 2864//716
v -1.875000 2.687500 -0.187500
v -1.875000 2.750000 -0.187500
v -1.812500 2.750000 -0.187500
v -1.812500 2.687500 -0.187500
vn 0 0 -1
f 2865//717 2866//717 2867//717 2868//717
v -1.750000 2.812500 -0.187500
v -1.750000 2.875000 -0.187500
v -1.687500 2.875000 -0.187500
v -1.687500 2.812500 -0.187500
vn 0 0 -1
f 2869//718 2870//718 2871//718 2872//718
v -0.875000 3.562500 -0.187500
v -0.875000 3.625000 -0.187500
v -0.812500 3.625000 -0.187500
v -0.812500 3.562500 -0.187500
vn 0 0 -1
f 2873//719 2874//719 2875//719 2876//719
v -0.562500 3.562500 -0.187500
v -0.562500 3.625000 -0.187500
v -0.500000 3.625000 -0.187500
v -0.500000 3.562500 -0.187500
vn 0 0 -1
f 2877//720 2878//720 2879//720 2880//720
v 0.000000 3.812500 -0.187500
v 0.000000 3.875000 -0.187500
v 0.062500 3.875000 -0.187500
v 0.062500 3.812500 -0.187500
vn 0 0 -1
f 2881//721 2882//721 2883//721 2884//721
v 1.312500 3.312500 -0.187500
v 1.312500 3.375000 -0.187500
v 1.375000 3.375000 -0.187500
v 1.375000 3.312500 -0.187500
vn 0 0 -1
f 2885//722 2886//722 2887//722 2888//722
v 1.562500 2.500000 -0.187500
v 1.562500 2.625000 -0.187500
v 1.625000 2.625000 -0.187500
v 1.625000 2.500000 -0.187500
vn 0 0 -1
f 2889//723 2890//723 2891//723 2892//723
v -1.375000 2.125000 -0.125000
v -1.375000 2.500000 -0.125000
v -1.250000 2.500000 -0.125000
v -1.250000 2.125000 -0.125000
vn 0 0 -1
f 2893//724 2894//724 2895//724 2896//724
v -1.250000 3.125000 -0.125000
v -1.250000 3.250000 -0.125000
v -1.000000 3.250000 -0.125000
v -1.000000 3.125000 -0.125000
vn 0 0 -1
f 2897//725 2898//725 2899//725 2900//725
v -0.250000 3.375000 -0.125000
v -0.250000 3.437500 -0.125000
v -0.125000 3.437500 -0.125000
v -0.125000 3.375000 -0.125000
vn 0 0 -1
f 2901//726 2902//726 2903//726 2904//726
v -0.187500 3.437500 -0.125000
v -0.187500 3.500000 -0.125000
v -0.125000 3.500000 -0.125000
v -0.125000 3.437500 -0.125000
vn 0 0 -1
f 2905//727 2906//727 2907//727 2908//727
v 0.000000 2.125000 -0.125000
v 0.000000 2.187500 -0.125000
v 0.125000 2.187500 -0.125000
v 0.125000 2.125000 -0.125000
vn 0 0 -1
f 2909//728 2910//728 2911//728 2912//728
v 0.062500 2.187500 -0.125000
v 0.062500 2.250000 -0.125000
v 0.125000 2.250000 -0.125000
v 0.125000 2.187500 -0.125000
vn 0 0 -1
f 2913//729 2914//729 2915//729 2916//729
v 1.500000 2.625000 -0.125000
v 1.500000 2.750000 -0.125000
v 1.625000 2.750000 -0.125000
v 1.625000 2.625000 -0.125000
vn 0 0 -1
f 2917//730 2918//730 2919//730 2920//730
v -0.250000 3.437500 -0.062500
v -0.250000 3.500000 -0.062500
v -0.187500 3.500000 -0.062500
v -0.187500 3.437500 -0.062500
vn 0 0 -1
f 2921//731 2922//731 2923//731 2924//731
v 0.000000 2.187500 -0.062500
v 0.000000 2.250000 -0.062500
v 0.062500 2.250000 -0.062500
v 0.062500 2.187500 -0.062500
vn 0 0 -1
f 2925//732 2926//732 2927//732 2928//732
v -1.000000 2.625000 0.000000
v -1.000000 2.750000 0.000000
v -0.625000 2.750000 0.000000
v -0.625000 2.625000 0.000000
vn 0 0 -1
f 2929//733 2930//733 2931//733 2932//733
v -0.125000 3.000000 0.000000
v -0.125000 3.125000 0.000000
v 0.000000 3.125000 0.000000
v 0.000000 3.000000 0.000000
vn 0 0 -1
f 2933//734 2934//734 2935//734 2936//734
v 0.000000 2.250000 0.000000
v 0.000000 2.375000 0.000000
v 0.500000 2.375000 0.000000
v 0.500000 2.250000 0.000000
vn 0 0 -1
f 2937//735 2938//735 2939//735 2940//735
v 0.000000 2.375000 0.000000
v 0.000000 2.500000 0.000000
v 0.375000 2.500000 0.000000
v 0.375000 2.375000 0.000000
vn 0 0 -1
f 2941//736 2942//736 2943//736 2944//736
v -1.000000 2.750000 0.125000
v -1.000000 2.875000 0.125000
v -0.875000 2.875000 0.125000
v -0.875000 2.750000 0.125000
vn 0 0 -1
f 2945//737 2946//737 2947//737 2948//737
v -0.625000 2.750000 0.250000
v -0.625000 2.875000 0.250000
v -0.250000 2.875000 0.250000
v -0.250000 2.750000 0.250000
vn 0 0 -1
f 2949//738 2950//738 2951//738 2952//738
v -0.250000 2.500000 0.250000
v -0.250000 2.625000 0.250000
v 0.000000 2.625000 0.250000
v 0.000000 2.500000 0.250000
vn 0 0 -1
f 2953//739 2954//739 2955//739 2956//739
v -0.125000 2.625000 0.250000
v -0.125000 2.750000 0.250000
v 0.000000 2.750000 0.250000
v 0.000000 2.625000 0.250000
vn 0 0 -1
f 2957//740 2958//740 2959//740 2960//740
v -1.000000 3.250000 -0.625000
v -1.000000 3.375000 -0.625000
v -1.125000 3.375000 -0.625000
v -1.125000 3.250000 -0.625000
vn 0 0 1
f 2961//741 2962//741 2963//741 2964//741
v 0.000000 3.125000 -0.625000
v 0.000000 3.250000 -0.625000
v -0.250000 3.250000 -0.625000
v -0.250000 3.125000 -0.625000
vn 0 0 1
f 2965//742 2966//742 2967//742 2968//742
v 0.000000 3.000000 -0.625000
v 0.000000 3.125000 -0.625000
v -0.125000 3.125000 -0.625000
v -0.125000 3.000000 -0.625000
vn 0 0 1
f 2969//743 2970//743 2971//743 2972//743
v -0.687500 2.812500 -0.562500
v -0.687500 2.875000 -0.562500
v -0.750000 2.875000 -0.562500
v -0.750000 2.812500 -0.562500
vn 0 0 1
f 2973//744 2974//744 2975//744 2976//744
v -0.625000 2.625000 -0.500000
v -0.625000 2.750000 -0.500000
v -0.875000 2.750000 -0.500000
v -0.875000 2.625000 -0.500000
vn 0 0 1
f 2977//745 2978//745 2979//745 2980//745
v -0.625000 2.750000 -0.500000
v -0.625000 2.812500 -0.500000
v -0.750000 2.812500 -0.500000
v -0.750000 2.750000 -0.500000
vn 0 0 1
f 2981//746 2982//746 2983//746 2984//746
v -0.625000 2.812500 -0.500000
v -0.625000 2.875000 -0.500000
v -0.687500 2.875000 -0.500000
v -0.687500 2.812500 -0.500000
vn 0 0 1
f 2985//747 2986//747 2987//747 2988//747
v -1.250000 2.125000 -0.375000
v -1.250000 2.375000 -0.375000
v -1.375000 2.375000 -0.375000
v -1.375000 2.125000 -0.375000
vn 0 0 1
f 2989//748 2990//748 2991//748 2992//748
v -1.000000 3.125000 -0.375000
v -1.000000 3.250000 -0.375000
v -1.250000 3.250000 -0.375000
v -1.250000 3.125000 -0.375000
vn 0 0 1
f 2993//749 2994//749 2995//749 2996//749
v 1.375000 2.437500 -0.312500
v 1.375000 2.500000 -0.312500
v 1.312500 2.500000 -0.312500
v 1.312500 2.437500 -0.312500
vn 0 0 1
f 2997//750 2998//750 2999//750 3000//750
v 1.500000 2.125000 -0.312500
v 1.500000 2.187500 -0.312500
v 1.437500 2.187500 -0.312500
v 1.437500 2.125000 -0.312500
vn 0 0 1
f 3001//751 3002//751 3003//751 3004//751
v 1.500000 2.312500 -0.312500
v 1.500000 2.375000 -0.312500
v 1.437500 2.375000 -0.312500
v 1.437500 2.312500 -0.312500
vn 0 0 1
f 3005//752 3006//752 3007//752 3008//752
v -0.125000 2.750000 -0.250000
v -0.125000 2.875000 -0.250000
v -0.375000 2.875000 -0.250000
v -0.375000 2.750000 -0.250000
vn 0 0 1
f 3009//753 3010//753 3011//753 3012//753
v 1.437500 2.125000 -0.250000
v 1.437500 2.375000 -0.250000
v 1.250000 2.375000 -0.250000
v 1.250000 2.125000 -0.250000
vn 0 0 1
f 3013//754 3014//754 3015//754 3016//754
v 1.375000 2.375000 -0.250000
v 1.375000 2.437500 -0.250000
v 1.250000 2.437500 -0.250000
v 1.250000 2.375000 -0.250000
vn 0 0 1
f 3017//755 3018//755 3019//755 3020//755
v 1.312500 2.437500 -0.250000
v 1.312500 2.500000 -0.250000
v 1.250000 2.500000 -0.250000
v 1.250000 2.437500 -0.250000
vn 0 0 1
f 3021//756 3022//756 3023//756 3024//756
v 1.500000 2.187500 -0.250000
v 1.500000 2.312500 -0.250000
v 1.437500 2.312500 -0.250000
v 1.437500 2.187500 -0.250000
vn 0 0 1
f 3025//757 3026//757 3027//757 3028//757
v -1.187500 3.250000 -0.187500
v -1.187500 3.375000 -0.187500
v -1.250000 3.375000 -0.187500
v -1.250000 3.250000 -0.187500
vn 0 0 1
f 3029//758 3030//758 3031//758 3032//758
v -0.937500 3.437500 -0.187500
v -0.937500 3.500000 -0.187500
v -1.000000 3.500000 -0.187500
v -1.000000 3.437500 -0.187500
vn 0 0 1
f 3033//759 3034//759 3035//759 3036//759
v 0.000000 2.250000 -0.187500
v 0.000000 2.312500 -0.187500
v -0.062500 2.312500 -0.187500
v -0.062500 2.250000 -0.187500
vn 0 0 1
f 3037//760 3038//760 3039//760 3040//760
v 0.000000 2.437500 -0.187500
v 0.000000 2.500000 -0.187500
v -0.062500 2.500000 -0.187500
v -0.062500 2.437500 -0.187500
vn 0 0 1
f 3041//761 3042//761 3043//761 3044//761
v 1.625000 3.062500 -0.187500
v 1.625000 3.125000 -0.187500
v 1.562500 3.125000 -0.187500
v 1.562500 3.062500 -0.187500
vn 0 0 1
f 3045//762 3046//762 3047//762 3048//762
v -1.000000 3.250000 -0.125000
v -1.000000 3.375000 -0.125000
v -1.187500 3.375000 -0.125000
v -1.187500 3.250000 -0.125000
vn 0 0 1
f 3049//763 3050//763 3051//763 3052//763
v -0.875000 3.375000 -0.125000
v -0.875000 3.437500 -0.125000
v -1.000000 3.437500 -0.125000
v -1.000000 3.375000 -0.125000
vn 0 0 1
f 3053//764 3054//764 3055//764 3056//764
v -0.875000 3.437500 -0.125000
v -0.875000 3.500000 -0.125000
v -0.937500 3.500000 -0.125000
v -0.937500 3.437500 -0.125000
vn 0 0 1
f 3057//765 3058//765 3059//765 3060//765
v -0.125000 2.125000 -0.125000
v -0.125000 2.500000 -0.125000
v -0.375000 2.500000 -0.125000
v -0.375000 2.125000 -0.125000
vn 0 0 1
f 3061//766 3062//766 3063//766 3064//766
v 0.000000 2.625000 -0.125000
v 0.000000 2.750000 -0.125000
v -0.375000 2.750000 -0.125000
v -0.375000 2.625000 -0.125000
vn 0 0 1
f 3065//767 3066//767 3067//767 3068//767
v -0.062500 2.250000 -0.125000
v -0.062500 2.500000 -0.125000
v -0.125000 2.500000 -0.125000
v -0.125000 2.250000 -0.125000
vn 0 0 1
f 3069//768 3070//768 3071//768 3072//768
v 0.000000 2.312500 -0.125000
v 0.000000 2.437500 -0.125000
v -0.062500 2.437500 -0.125000
v -0.062500 2.312500 -0.125000
vn 0 0 1
f 3073//769 3074//769 3075//769 3076//769
v 1.000000 3.250000 -0.125000
v 1.000000 3.625000 -0.125000
v 0.625000 3.625000 -0.125000
v 0.625000 3.250000 -0.125000
vn 0 0 1
f 3077//770 3078//770 3079//770 3080//770
v 1.250000 2.125000 -0.125000
v 1.250000 2.250000 -0.125000
v 0.875000 2.250000 -0.125000
v 0.875000 2.125000 -0.125000
vn 0 0 1
f 3081//771 3082//771 3083//771 3084//771
v 1.625000 2.875000 -0.125000
v 1.625000 3.062500 -0.125000
v 1.500000 3.062500 -0.125000
v 1.500000 2.875000 -0.125000
vn 0 0 1
f 3085//772 3086//772 3087//772 3088//772
v 1.562500 3.062500 -0.125000
v 1.562500 3.125000 -0.125000
v 1.500000 3.125000 -0.125000
v 1.500000 3.062500 -0.125000
vn 0 0 1
f 3089//773 3090//773 3091//773 3092//773
v -1.437500 3.187500 -0.062500
v -1.437500 3.250000 -0.062500
v -1.500000 3.250000 -0.062500
v -1.500000 3.187500 -0.062500
vn 0 0 1
f 3093//774 3094//774 3095//774 3096//774
v 0.625000 3.562500 -0.062500
v 0.625000 3.625000 -0.062500
v 0.562500 3.625000 -0.062500
v 0.562500 3.562500 -0.062500
vn 0 0 1
f 3097//775 3098//775 3099//775 3100//775
v 1.062500 3.437500 -0.062500
v 1.062500 3.500000 -0.062500
v 1.000000 3.500000 -0.062500
v 1.000000 3.437500 -0.062500
vn 0 0 1
f 3101//776 3102//776 3103//776 3104//776
v 1.250000 3.437500 -0.062500
v 1.250000 3.500000 -0.062500
v 1.187500 3.500000 -0.062500
v 1.187500 3.437500 -0.062500
vn 0 0 1
f 3105//777 3106//777 3107//777 3108//777
v -1.000000 3.125000 0.000000
v -1.000000 3.187500 0.000000
v -1.500000 3.187500 0.000000
v -1.500000 3.125000 0.000000
vn 0 0 1
f 3109//778 3110//778 3111//778 3112//778
v -1.000000 3.187500 0.000000
v -1.000000 3.250000 0.000000
v -1.437500 3.250000 0.000000
v -1.437500 3.187500 0.000000
vn 0 0 1
f 3113//779 3114//779 3115//779 3116//779
v -1.000000 2.125000 0.000000
v -1.000000 2.250000 0.000000
v -1.125000 2.250000 0.000000
v -1.125000 2.125000 0.000000
vn 0 0 1
f 3117//780 3118//780 3119//780 3120//780
v -1.000000 2.875000 0.000000
v -1.000000 3.000000 0.000000
v -1.125000 3.000000 0.000000
v -1.125000 2.875000 0.000000
vn 0 0 1
f 3121//781 3122//781 3123//781 3124//781
v -0.125000 3.125000 0.000000
v -0.125000 3.250000 0.000000
v -0.375000 3.250000 0.000000
v -0.375000 3.125000 0.000000
vn 0 0 1
f 3125//782 3126//782 3127//782 3128//782
v -0.250000 3.250000 0.000000
v -0.250000 3.375000 0.000000
v -0.375000 3.375000 0.000000
v -0.375000 3.250000 0.000000
vn 0 0 1
f 3129//783 3130//783 3131//783 3132//783
v 0.625000 3.250000 0.000000
v 0.625000 3.562500 0.000000
v 0.500000 3.562500 0.000000
v 0.500000 3.250000 0.000000
vn 0 0 1
f 3133//784 3134//784 3135//784 3136//784
v 0.562500 3.562500 0.000000
v 0.562500 3.625000 0.000000
v 0.500000 3.625000 0.000000
v 0.500000 3.562500 0.000000
vn 0 0 1
f 3137//785 3138//785 3139//785 3140//785
v 0.875000 3.125000 0.000000
v 0.875000 3.250000 0.000000
v 0.625000 3.250000 0.000000
v 0.625000 3.125000 0.000000
vn 0 0 1
f 3141//786 3142//786 3143//786 3144//786
v 1.250000 3.375000 0.000000
v 1.250000 3.437500 0.000000
v 1.000000 3.437500 0.000000
v 1.000000 3.375000 0.000000
vn 0 0 1
f 3145//787 3146//787 3147//787 3148//787
v 1.187500 3.437500 0.000000
v 1.187500 3.500000 0.000000
v 1.062500 3.500000 0.000000
v 1.062500 3.437500 0.000000
vn 0 0 1
f 3149//788 3150//788 3151//788 3152//788
v -0.812500 3.562500 0.062500
v -0.812500 3.625000 0.062500
v -0.875000 3.625000 0.062500
v -0.875000 3.562500 0.062500
vn 0 0 1
f 3153//789 3154//789 3155//789 3156//789
v -0.500000 3.562500 0.062500
v -0.500000 3.625000 0.062500
v -0.562500 3.625000 0.062500
v -0.562500 3.562500 0.062500
vn 0 0 1
f 3157//790 3158//790 3159//790 3160//790
v 0.937500 3.187500 0.062500
v 0.937500 3.250000 0.062500
v 0.875000 3.250000 0.062500
v 0.875000 3.187500 0.062500
vn 0 0 1
f 3161//791 3162//791 3163//791 3164//791
v 1.062500 3.312500 0.062500
v 1.062500 3.375000 0.062500
v 1.000000 3.375000 0.062500
v 1.000000 3.312500 0.062500
vn 0 0 1
f 3165//792 3166//792 3167//792 3168//792
v 1.375000 3.312500 0.062500
v 1.375000 3.375000 0.062500
v 1.312500 3.375000 0.062500
v 1.312500 3.312500 0.062500
vn 0 0 1
f 3169//793 3170//793 3171//793 3172//793
v 1.500000 3.187500 0.062500
v 1.500000 3.250000 0.062500
v 1.437500 3.250000 0.062500
v 1.437500 3.187500 0.062500
vn 0 0 1
f 3173//794 3174//794 3175//794 3176//794
v -1.000000 3.000000 0.125000
v -1.000000 3.125000 0.125000
v -1.250000 3.125000 0.125000
v -1.250000 3.000000 0.125000
vn 0 0 1
f 3177//795 3178//795 3179//795 3180//795
v -0.500000 3.500000 0.125000
v -0.500000 3.562500 0.125000
v -0.875000 3.562500 0.125000
v -0.875000 3.500000 0.125000
vn 0 0 1
f 3181//796 3182//796 3183//796 3184//796
v -0.562500 3.562500 0.125000
v -0.562500 3.625000 0.125000
v -0.812500 3.625000 0.125000
v -0.812500 3.562500 0.125000
vn 0 0 1
f 3185//797 3186//797 3187//797 3188//797
v 1.000000 2.875000 0.125000
v 1.000000 3.000000 0.125000
v 0.750000 3.000000 0.125000
v 0.750000 2.875000 0.125000
vn 0 0 1
f 3189//798 3190//798 3191//798 3192//798
v 1.500000 3.125000 0.125000
v 1.500000 3.187500 0.125000
v 0.875000 3.187500 0.125000
v 0.875000 3.125000 0.125000
vn 0 0 1
f 3193//799 3194//799 3195//799 3196//799
v 1.437500 3.187500 0.125000
v 1.437500 3.250000 0.125000
v 0.937500 3.250000 0.125000
v 0.937500 3.187500 0.125000
vn 0 0 1
f 3197//800 3198//800 3199//800 3200//800
v 1.375000 3.250000 0.125000
v 1.375000 3.312500 0.125000
v 1.000000 3.312500 0.125000
v 1.000000 3.250000 0.125000
vn 0 0 1
f 3201//801 3202//801 3203//801 3204//801
v 1.312500 3.312500 0.125000
v 1.312500 3.375000 0.125000
v 1.062500 3.375000 0.125000
v 1.062500 3.312500 0.125000
vn 0 0 1
f 3205//802 3206//802 3207//802 3208//802
v 1.500000 2.875000 0.125000
v 1.500000 3.000000 0.125000
v 1.375000 3.000000 0.125000
v 1.375000 2.875000 0.125000
vn 0 0 1
f 3209//803 3210//803 3211//803 3212//803
v -1.812500 2.687500 0.187500
v -1.812500 2.750000 0.187500
v -1.875000 2.750000 0.187500
v -1.875000 2.687500 0.187500
vn 0 0 1
f 3213//804 3214//804 3215//804 3216//804
v -1.125000 2.937500 0.187500
v -1.125000 3.000000 0.187500
v -1.187500 3.000000 0.187500
v -1.187500 2.937500 0.187500
vn 0 0 1
f 3217//805 3218//805 3219//805 3220//805
v -0.937500 3.312500 0.187500
v -0.937500 3.375000 0.187500
v -1.000000 3.375000 0.187500
v -1.000000 3.312500 0.187500
vn 0 0 1
f 3221//806 3222//806 3223//806 3224//806
v -0.812500 3.437500 0.187500
v -0.812500 3.500000 0.187500
v -0.875000 3.500000 0.187500
v -0.875000 3.437500 0.187500
vn 0 0 1
f 3225//807 3226//807 3227//807 3228//807
v -0.375000 3.437500 0.187500
v -0.375000 3.500000 0.187500
v -0.437500 3.500000 0.187500
v -0.437500 3.437500 0.187500
vn 0 0 1
f 3229//808 3230//808 3231//808 3232//808
v -0.187500 3.250000 0.187500
v -0.187500 3.312500 0.187500
v -0.250000 3.312500 0.187500
v -0.250000 3.250000 0.187500
vn 0 0 1
f 3233//809 3234//809 3235//809 3236//809
v -0.062500 3.562500 0.187500
v -0.062500 3.625000 0.187500
v -0.125000 3.625000 0.187500
v -0.125000 3.562500 0.187500
vn 0 0 1
f 3237//810 3238//810 3239//810 3240//810
v 1.500000 3.000000 0.187500
v 1.500000 3.125000 0.187500
v 1.437500 3.125000 0.187500
v 1.437500 3.000000 0.187500
vn 0 0 1
f 3241//811 3242//811 3243//811 3244//811
v -1.750000 2.625000 0.250000
v -1.750000 2.687500 0.250000
v -1.875000 2.687500 0.250000
v -1.875000 2.625000 0.250000
vn 0 0 1
f 3245//812 3246//812 3247//812 3248//812
v -1.750000 2.687500 0.250000
v -1.750000 2.750000 0.250000
v -1.812500 2.750000 0.250000
v -1.812500 2.687500 0.250000
vn 0 0 1
f 3249//813 3250//813 3251//813 3252//813
v -1.125000 2.250000 0.250000
v -1.125000 2.375000 0.250000
v -1.750000 2.375000 0.250000
v -1.750000 2.250000 0.250000
vn 0 0 1
f 3253//814 3254//814 3255//814 3256//814
v -1.250000 2.375000 0.250000
v -1.250000 2.500000 0.250000
v -1.375000 2.500000 0.250000
v -1.375000 2.375000 0.250000
vn 0 0 1
f 3257//815 3258//815 3259//815 3260//815
v -1.000000 2.625000 0.250000
v -1.000000 2.875000 0.250000
v -1.250000 2.875000 0.250000
v -1.250000 2.625000 0.250000
vn 0 0 1
f 3261//816 3262//816 3263//816 3264//816
v -1.125000 2.875000 0.250000
v -1.125000 2.937500 0.250000
v -1.250000 2.937500 0.250000
v -1.250000 2.875000 0.250000
vn 0 0 1
f 3265//817 3266//817 3267//817 3268//817
v -1.187500 2.937500 0.250000
v -1.187500 3.000000 0.250000
v -1.250000 3.000000 0.250000
v -1.250000 2.937500 0.250000
vn 0 0 1
f 3269//818 3270//818 3271//818 3272//818
v -0.375000 3.250000 0.250000
v -0.375000 3.312500 0.250000
v -1.000000 3.312500 0.250000
v -1.000000 3.250000 0.250000
vn 0 0 1
f 3273//819 3274//819 3275//819 3276//819
v -0.375000 3.312500 0.250000
v -0.375000 3.375000 0.250000
v -0.937500 3.375000 0.250000
v -0.937500 3.312500 0.250000
vn 0 0 1
f 3277//820 3278//820 3279//820 3280//820
v -0.375000 3.375000 0.250000
v -0.375000 3.437500 0.250000
v -0.875000 3.437500 0.250000
v -0.875000 3.375000 0.250000
vn 0 0 1
f 3281//821 3282//821 3283//821 3284//821
v -0.437500 3.437500 0.250000
v -0.437500 3.500000 0.250000
v -0.812500 3.500000 0.250000
v -0.812500 3.437500 0.250000
vn 0 0 1
f 3285//822 3286//822 3287//822 3288//822
v 0.000000 3.312500 0.250000
v 0.000000 3.375000 0.250000
v -0.250000 3.375000 0.250000
v -0.250000 3.312500 0.250000
vn 0 0 1
f 3289//823 3290//823 3291//823 3292//823
v 0.000000 3.250000 0.250000
v 0.000000 3.312500 0.250000
v -0.187500 3.312500 0.250000
v -0.187500 3.250000 0.250000
vn 0 0 1
f 3293//824 3294//824 3295//824 3296//824
v 0.375000 3.500000 0.250000
v 0.375000 3.562500 0.250000
v -0.125000 3.562500 0.250000
v -0.125000 3.500000 0.250000
vn 0 0 1
f 3297//825 3298//825 3299//825 3300//825
v 0.375000 3.562500 0.250000
v 0.375000 3.625000 0.250000
v -0.062500 3.625000 0.250000
v -0.062500 3.562500 0.250000
vn 0 0 1
f 3301//826 3302//826 3303//826 3304//826
v 0.875000 2.625000 0.250000
v 0.875000 2.875000 0.250000
v 0.625000 2.875000 0.250000
v 0.625000 2.625000 0.250000
vn 0 0 1
f 3305//827 3306//827 3307//827 3308//827
v 0.750000 2.875000 0.250000
v 0.750000 3.125000 0.250000
v 0.625000 3.125000 0.250000
v 0.625000 2.875000 0.250000
vn 0 0 1
f 3309//828 3310//828 3311//828 3312//828
v 1.000000 3.000000 0.250000
v 1.000000 3.125000 0.250000
v 0.750000 3.125000 0.250000
v 0.750000 3.000000 0.250000
vn 0 0 1
f 3313//829 3314//829 3315//829 3316//829
v 1.000000 2.750000 0.250000
v 1.000000 2.875000 0.250000
v 0.875000 2.875000 0.250000
v 0.875000 2.750000 0.250000
vn 0 0 1
f 3317//830 3318//830 3319//830 3320//830
v 1.437500 3.000000 0.250000
v 1.437500 3.125000 0.250000
v 1.250000 3.125000 0.250000
v 1.250000 3.000000 0.250000
vn 0 0 1
f 3321//831 3322//831 3323//831 3324//831
v -1.812500 2.000000 0.312500
v -1.812500 2.062500 0.312500
v -1.875000 2.062500 0.312500
v -1.875000 2.000000 0.312500
vn 0 0 1
f 3325//832 3326//832 3327//832 3328//832
v -1.812500 2.187500 0.312500
v -1.812500 2.250000 0.312500
v -1.875000 2.250000 0.312500
v -1.875000 2.187500 0.312500
vn 0 0 1
f 3329//833 3330//833 3331//833 3332//833
v -1.687500 2.812500 0.312500
v -1.687500 2.875000 0.312500
v -1.750000 2.875000 0.312500
v -1.750000 2.812500 0.312500
vn 0 0 1
f 3333//834 3334//834 3335//834 3336//834
v -1.125000 2.000000 0.312500
v -1.125000 2.062500 0.312500
v -1.187500 2.062500 0.312500
v -1.187500 2.000000 0.312500
vn 0 0 1
f 3337//835 3338//835 3339//835 3340//835
v -1.125000 2.187500 0.312500
v -1.125000 2.250000 0.312500
v -1.187500 2.250000 0.312500
v -1.187500 2.187500 0.312500
vn 0 0 1
f 3341//836 3342//836 3343//836 3344//836
v -0.937500 2.125000 0.312500
v -0.937500 2.187500 0.312500
v -1.000000 2.187500 0.312500
v -1.000000 2.125000 0.312500
vn 0 0 1
f 3345//837 3346//837 3347//837 3348//837
v -0.937500 3.187500 0.312500
v -0.937500 3.250000 0.312500
v -1.000000 3.250000 0.312500
v -1.000000 3.187500 0.312500
vn 0 0 1
f 3349//838 3350//838 3351//838 3352//838
v -0.375000 3.187500 0.312500
v -0.375000 3.250000 0.312500
v -0.437500 3.250000 0.312500
v -0.437500 3.187500 0.312500
vn 0 0 1
f 3353//839 3354//839 3355//839 3356//839
v 0.500000 3.562500 0.312500
v 0.500000 3.625000 0.312500
v 0.375000 3.625000 0.312500
v 0.375000 3.562500 0.312500
vn 0 0 1
f 3357//840 3358//840 3359//840 3360//840
v 0.875000 2.125000 0.312500
v 0.875000 2.187500 0.312500
v 0.812500 2.187500 0.312500
v 0.812500 2.125000 0.312500
vn 0 0 1
f 3361//841 3362//841 3363//841 3364//841
v 1.500000 2.812500 0.312500
v 1.500000 2.875000 0.312500
v 1.437500 2.875000 0.312500
v 1.437500 2.812500 0.312500
vn 0 0 1
f 3365//842 3366//842 3367//842 3368//842
v -1.125000 2.062500 0.375000
v -1.125000 2.187500 0.375000
v -1.875000 2.187500 0.375000
v -1.875000 2.062500 0.375000
vn 0 0 1
f 3369//843 3370//843 3371//843 3372//843
v -1.187500 2.000000 0.375000
v -1.187500 2.062500 0.375000
v -1.812500 2.062500 0.375000
v -1.812500 2.000000 0.375000
vn 0 0 1
f 3373//844 3374//844 3375//844 3376//844
v -1.187500 2.187500 0.375000
v -1.187500 2.250000 0.375000
v -1.812500 2.250000 0.375000
v -1.812500 2.187500 0.375000
vn 0 0 1
f 3377//845 3378//845 3379//845 3380//845
v -1.250000 2.625000 0.375000
v -1.250000 2.812500 0.375000
v -1.750000 2.812500 0.375000
v -1.750000 2.625000 0.375000
vn 0 0 1
f 3381//846 3382//846 3383//846 3384//846
v -1.250000 2.812500 0.375000
v -1.250000 2.875000 0.375000
v -1.687500 2.875000 0.375000
v -1.687500 2.812500 0.375000
vn 0 0 1
f 3385//847 3386//847 3387//847 3388//847
v -1.250000 2.875000 0.375000
v -1.250000 3.000000 0.375000
v -1.625000 3.000000 0.375000
v -1.625000 2.875000 0.375000
vn 0 0 1
f 3389//848 3390//848 3391//848 3392//848
v -0.375000 2.187500 0.375000
v -0.375000 2.250000 0.375000
v -1.000000 2.250000 0.375000
v -1.000000 2.187500 0.375000
vn 0 0 1
f 3393//849 3394//849 3395//849 3396//849
v -0.375000 3.125000 0.375000
v -0.375000 3.187500 0.375000
v -1.000000 3.187500 0.375000
v -1.000000 3.125000 0.375000
vn 0 0 1
f 3397//850 3398//850 3399//850 3400//850
v -0.375000 2.125000 0.375000
v -0.375000 2.187500 0.375000
v -0.937500 2.187500 0.375000
v -0.937500 2.125000 0.375000
vn 0 0 1
f 3401//851 3402//851 3403//851 3404//851
v -0.437500 3.187500 0.375000
v -0.437500 3.250000 0.375000
v -0.937500 3.250000 0.375000
v -0.937500 3.187500 0.375000
vn 0 0 1
f 3405//852 3406//852 3407//852 3408//852
v -0.375000 2.250000 0.375000
v -0.375000 2.375000 0.375000
v -0.625000 2.375000 0.375000
v -0.625000 2.250000 0.375000
vn 0 0 1
f 3409//853 3410//853 3411//853 3412//853
v -0.375000 2.375000 0.375000
v -0.375000 2.500000 0.375000
v -0.500000 2.500000 0.375000
v -0.500000 2.375000 0.375000
vn 0 0 1
f 3413//854 3414//854 3415//854 3416//854
v 0.500000 3.375000 0.375000
v 0.500000 3.562500 0.375000
v 0.375000 3.562500 0.375000
v 0.375000 3.375000 0.375000
vn 0 0 1
f 3417//855 3418//855 3419//855 3420//855
v 0.812500 2.125000 0.375000
v 0.812500 2.250000 0.375000
v 0.625000 2.250000 0.375000
v 0.625000 2.125000 0.375000
vn 0 0 1
f 3421//856 3422//856 3423//856 3424//856
v 0.750000 2.250000 0.375000
v 0.750000 2.375000 0.375000
v 0.625000 2.375000 0.375000
v 0.625000 2.250000 0.375000
vn 0 0 1
f 3425//857 3426//857 3427//857 3428//857
v 0.875000 2.500000 0.375000
v 0.875000 2.625000 0.375000
v 0.625000 2.625000 0.375000
v 0.625000 2.500000 0.375000
vn 0 0 1
f 3429//858 3430//858 3431//858 3432//858
v 0.875000 2.187500 0.375000
v 0.875000 2.250000 0.375000
v 0.812500 2.250000 0.375000
v 0.812500 2.187500 0.375000
vn 0 0 1
f 3433//859 3434//859 3435//859 3436//859
v 1.500000 2.750000 0.375000
v 1.500000 2.812500 0.375000
v 1.000000 2.812500 0.375000
v 1.000000 2.750000 0.375000
vn 0 0 1
f 3437//860 3438//860 3439//860 3440//860
v 1.437500 2.812500 0.375000
v 1.437500 2.875000 0.375000
v 1.000000 2.875000 0.375000
v 1.000000 2.812500 0.375000
vn 0 0 1
f 3441//861 3442//861 3443//861 3444//861
v 0.625000 2.750000 0.437500
v 0.625000 2.812500 0.437500
v 0.562500 2.812500 0.437500
v 0.562500 2.750000 0.437500
vn 0 0 1
f 3445//862 3446//862 3447//862 3448//862
v 0.937500 2.687500 0.437500
v 0.937500 2.750000 0.437500
v 0.875000 2.750000 0.437500
v 0.875000 2.687500 0.437500
vn 0 0 1
f 3449//863 3450//863 3451//863 3452//863
v 1.625000 2.500000 0.437500
v 1.625000 2.562500 0.437500
v 1.562500 2.562500 0.437500
v 1.562500 2.500000 0.437500
vn 0 0 1
f 3453//864 3454//864 3455//864 3456//864
v 1.625000 2.687500 0.437500
v 1.625000 2.750000 0.437500
v 1.562500 2.750000 0.437500
v 1.562500 2.687500 0.437500
vn 0 0 1
f 3457//865 3458//865 3459//865 3460//865
v -1.375000 2.500000 0.500000
v -1.375000 2.625000 0.500000
v -1.750000 2.625000 0.500000
v -1.750000 2.500000 0.500000
vn 0 0 1
f 3461//866 3462//866 3463//866 3464//866
v 0.562500 2.750000 0.500000
v 0.562500 2.875000 0.500000
v 0.250000 2.875000 0.500000
v 0.250000 2.750000 0.500000
vn 0 0 1
f 3465//867 3466//867 3467//867 3468//867
v 0.500000 2.625000 0.500000
v 0.500000 2.750000 0.500000
v 0.375000 2.750000 0.500000
v 0.375000 2.625000 0.500000
vn 0 0 1
f 3469//868 3470//868 3471//868 3472//868
v 0.625000 2.875000 0.500000
v 0.625000 3.000000 0.500000
v 0.375000 3.000000 0.500000
v 0.375000 2.875000 0.500000
vn 0 0 1
f 3473//869 3474//869 3475//869 3476//869
v 0.625000 2.812500 0.500000
v 0.625000 2.875000 0.500000
v 0.562500 2.875000 0.500000
v 0.562500 2.812500 0.500000
vn 0 0 1
f 3477//870 3478//870 3479//870 3480//870
v 1.625000 2.625000 0.500000
v 1.625000 2.687500 0.500000
v 0.875000 2.687500 0.500000
v 0.875000 2.625000 0.500000
vn 0 0 1
f 3481//871 3482//871 3483//871 3484//871
v 1.562500 2.687500 0.500000
v 1.562500 2.750000 0.500000
v 0.937500 2.750000 0.500000
v 0.937500 2.687500 0.500000
vn 0 0 1
f 3485//872 3486//872 3487//872 3488//872
v 1.562500 2.500000 0.500000
v 1.562500 2.625000 0.500000
v 1.500000 2.625000 0.500000
v 1.500000 2.500000 0.500000
vn 0 0 1
f 3489//873 3490//873 3491//873 3492//873
v 1.625000 2.562500 0.500000
v 1.625000 2.625000 0.500000
v 1.562500 2.625000 0.500000
v 1.562500 2.562500 0.500000
vn 0 0 1
f 3493//874 3494//874 3495//874 3496//874
v 0.500000 3.312500 0.562500
v 0.500000 3.375000 0.562500
v 0.437500 3.375000 0.562500
v 0.437500 3.312500 0.562500
vn 0 0 1
f 3497//875 3498//875 3499//875 3500//875
v 0.625000 2.562500 0.562500
v 0.625000 2.625000 0.562500
v 0.562500 2.625000 0.562500
v 0.562500 2.562500 0.562500
vn 0 0 1
f 3501//876 3502//876 3503//876 3504//876
v 0.937500 2.562500 0.562500
v 0.937500 2.625000 0.562500
v 0.875000 2.625000 0.562500
v 0.875000 2.562500 0.562500
vn 0 0 1
f 3505//877 3506//877 3507//877 3508//877
v 1.500000 2.500000 0.562500
v 1.500000 2.625000 0.562500
v 1.437500 2.625000 0.562500
v 1.437500 2.500000 0.562500
vn 0 0 1
f 3509//878 3510//878 3511//878 3512//878
v -1.000000 2.500000 0.625000
v -1.000000 2.625000 0.625000
v -1.250000 2.625000 0.625000
v -1.250000 2.500000 0.625000
vn 0 0 1
f 3513//879 3514//879 3515//879 3516//879
v 0.625000 2.125000 0.625000
v 0.625000 2.250000 0.625000
v 0.000000 2.250000 0.625000
v 0.000000 2.125000 0.625000
vn 0 0 1
f 3517//880 3518//880 3519//880 3520//880
v 0.500000 3.250000 0.625000
v 0.500000 3.312500 0.625000
v 0.000000 3.312500 0.625000
v 0.000000 3.250000 0.625000
vn 0 0 1
f 3521//881 3522//881 3523//881 3524//881
v 0.437500 3.312500 0.625000
v 0.437500 3.375000 0.625000
v 0.000000 3.375000 0.625000
v 0.000000 3.312500 0.625000
vn 0 0 1
f 3525//882 3526//882 3527//882 3528//882
v 0.625000 2.500000 0.625000
v 0.625000 2.562500 0.625000
v 0.375000 2.562500 0.625000
v 0.375000 2.500000 0.625000
vn 0 0 1
f 3529//883 3530//883 3531//883 3532//883
v 0.562500 2.562500 0.625000
v 0.562500 2.625000 0.625000
v 0.375000 2.625000 0.625000
v 0.375000 2.562500 0.625000
vn 0 0 1
f 3533//884 3534//884 3535//884 3536//884
v 1.437500 2.500000 0.625000
v 1.437500 2.562500 0.625000
v 0.875000 2.562500 0.625000
v 0.875000 2.500000 0.625000
vn 0 0 1
f 3537//885 3538//885 3539//885 3540//885
v 1.437500 2.562500 0.625000
v 1.437500 2.625000 0.625000
v 0.937500 2.625000 0.625000
v 0.937500 2.562500 0.625000
vn 0 0 1
f 3541//886 3542//886 3543//886 3544//886
v -1.250000 2.500000 0.687500
v -1.250000 2.625000 0.687500
v -1.375000 2.625000 0.687500
v -1.375000 2.500000 0.687500
vn 0 0 1
f 3545//887 3546//887 3547//887 3548//887
v -0.937500 2.500000 0.687500
v -0.937500 2.562500 0.687500
v -1.000000 2.562500 0.687500
v -1.000000 2.500000 0.687500
vn 0 0 1
f 3549//888 3550//888 3551//888 3552//888
v -0.062500 3.187500 0.687500
v -0.062500 3.250000 0.687500
v -0.125000 3.250000 0.687500
v -0.125000 3.187500 0.687500
vn 0 0 1
f 3553//889 3554//889 3555//889 3556//889
v 0.062500 2.250000 0.687500
v 0.062500 2.312500 0.687500
v 0.000000 2.312500 0.687500
v 0.000000 2.250000 0.687500
vn 0 0 1
f 3557//890 3558//890 3559//890 3560//890
v 0.375000 2.687500 0.687500
v 0.375000 2.750000 0.687500
v 0.312500 2.750000 0.687500
v 0.312500 2.687500 0.687500
vn 0 0 1
f 3561//891 3562//891 3563//891 3564//891
v 0.625000 2.250000 0.687500
v 0.625000 2.312500 0.687500
v 0.562500 2.312500 0.687500
v 0.562500 2.250000 0.687500
vn 0 0 1
f 3565//892 3566//892 3567//892 3568//892
v 0.625000 2.437500 0.687500
v 0.625000 2.500000 0.687500
v 0.562500 2.500000 0.687500
v 0.562500 2.437500 0.687500
vn 0 0 1
f 3569//893 3570//893 3571//893 3572//893
v 0.625000 3.000000 0.687500
v 0.625000 3.062500 0.687500
v 0.562500 3.062500 0.687500
v 0.562500 3.000000 0.687500
vn 0 0 1
f 3573//894 3574//894 3575//894 3576//894
v 0.625000 3.187500 0.687500
v 0.625000 3.250000 0.687500
v 0.562500 3.250000 0.687500
v 0.562500 3.187500 0.687500
vn 0 0 1
f 3577//895 3578//895 3579//895 3580//895
v -0.750000 2.562500 0.750000
v -0.750000 2.625000 0.750000
v -1.000000 2.625000 0.750000
v -1.000000 2.562500 0.750000
vn 0 0 1
f 3581//896 3582//896 3583//896 3584//896
v -0.875000 2.625000 0.750000
v -0.875000 2.750000 0.750000
v -1.000000 2.750000 0.750000
v -1.000000 2.625000 0.750000
vn 0 0 1
f 3585//897 3586//897 3587//897 3588//897
v -0.750000 2.500000 0.750000
v -0.750000 2.562500 0.750000
v -0.937500 2.562500 0.750000
v -0.937500 2.500000 0.750000
vn 0 0 1
f 3589//898 3590//898 3591//898 3592//898
v -0.125000 2.750000 0.750000
v -0.125000 3.000000 0.750000
v -0.250000 3.000000 0.750000
v -0.250000 2.750000 0.750000
vn 0 0 1
f 3593//899 3594//899 3595//899 3596//899
v 0.000000 2.875000 0.750000
v 0.000000 3.000000 0.750000
v -0.125000 3.000000 0.750000
v -0.125000 2.875000 0.750000
vn 0 0 1
f 3597//900 3598//900 3599//900 3600//900
v 0.625000 3.125000 0.750000
v 0.625000 3.187500 0.750000
v -0.125000 3.187500 0.750000
v -0.125000 3.125000 0.750000
vn 0 0 1
f 3601//901 3602//901 3603//901 3604//901
v 0.562500 3.187500 0.750000
v 0.562500 3.250000 0.750000
v -0.062500 3.250000 0.750000
v -0.062500 3.187500 0.750000
vn 0 0 1
f 3605//902 3606//902 3607//902 3608//902
v 0.625000 2.312500 0.750000
v 0.625000 2.375000 0.750000
v 0.000000 2.375000 0.750000
v 0.000000 2.312500 0.750000
vn 0 0 1
f 3609//903 3610//903 3611//903 3612//903
v 0.562500 2.250000 0.750000
v 0.562500 2.312500 0.750000
v 0.062500 2.312500 0.750000
v 0.062500 2.250000 0.750000
vn 0 0 1
f 3613//904 3614//904 3615//904 3616//904
v 0.625000 2.375000 0.750000
v 0.625000 2.437500 0.750000
v 0.125000 2.437500 0.750000
v 0.125000 2.375000 0.750000
vn 0 0 1
f 3617//905 3618//905 3619//905 3620//905
v 0.562500 2.437500 0.750000
v 0.562500 2.500000 0.750000
v 0.125000 2.500000 0.750000
v 0.125000 2.437500 0.750000
vn 0 0 1
f 3621//906 3622//906 3623//906 3624//906
v 0.375000 2.625000 0.750000
v 0.375000 2.687500 0.750000
v 0.125000 2.687500 0.750000
v 0.125000 2.625000 0.750000
vn 0 0 1
f 3625//907 3626//907 3627//907 3628//907
v 0.312500 2.687500 0.750000
v 0.312500 2.750000 0.750000
v 0.125000 2.750000 0.750000
v 0.125000 2.687500 0.750000
vn 0 0 1
f 3629//908 3630//908 3631//908 3632//908
v 0.375000 2.500000 0.750000
v 0.375000 2.625000 0.750000
v 0.250000 2.625000 0.750000
v 0.250000 2.500000 0.750000
vn 0 0 1
f 3633//909 3634//909 3635//909 3636//909
v 0.562500 3.000000 0.750000
v 0.562500 3.125000 0.750000
v 0.500000 3.125000 0.750000
v 0.500000 3.000000 0.750000
vn 0 0 1
f 3637//910 3638//910 3639//910 3640//910
v 0.625000 3.062500 0.750000
v 0.625000 3.125000 0.750000
v 0.562500 3.125000 0.750000
v 0.562500 3.062500 0.750000
vn 0 0 1
f 3641//911 3642//911 3643//911 3644//911
v -0.812500 3.062500 0.812500
v -0.812500 3.125000 0.812500
v -0.875000 3.125000 0.812500
v -0.875000 3.062500 0.812500
vn 0 0 1
f 3645//912 3646//912 3647//912 3648//912
v 0.500000 3.000000 0.812500
v 0.500000 3.125000 0.812500
v 0.437500 3.125000 0.812500
v 0.437500 3.000000 0.812500
vn 0 0 1
f 3649//913 3650//913 3651//913 3652//913
v 0.437500 3.000000 0.875000
v 0.437500 3.062500 0.875000
v -0.875000 3.062500 0.875000
v -0.875000 3.000000 0.875000
vn 0 0 1
f 3653//914 3654//914 3655//914 3656//914
v 0.437500 3.062500 0.875000
v 0.437500 3.125000 0.875000
v -0.812500 3.125000 0.875000
v -0.812500 3.062500 0.875000
vn 0 0 1
f 3657//915 3658//915 3659//915 3660//915
v 0.125000 2.500000 0.875000
v 0.125000 2.625000 0.875000
v -0.250000 2.625000 0.875000
v -0.250000 2.500000 0.875000
vn 0 0 1
f 3661//916 3662//916 3663//916 3664//916
v 0.125000 2.875000 0.875000
v 0.125000 3.000000 0.875000
v 0.000000 3.000000 0.875000
v 0.000000 2.875000 0.875000
vn 0 0 1
f 3665//917 3666//917 3667//917 3668//917
v -0.937500 2.750000 0.937500
v -0.937500 2.812500 0.937500
v -1.000000 2.812500 0.937500
v -1.000000 2.750000 0.937500
vn 0 0 1
f 3669//918 3670//918 3671//918 3672//918
v -0.937500 2.937500 0.937500
v -0.937500 3.000000 0.937500
v -1.000000 3.000000 0.937500
v -1.000000 2.937500 0.937500
vn 0 0 1
f 3673//919 3674//919 3675//919 3676//919
v -0.437500 2.625000 0.937500
v -0.437500 2.687500 0.937500
v -0.500000 2.687500 0.937500
v -0.500000 2.625000 0.937500
vn 0 0 1
f 3677//920 3678//920 3679//920 3680//920
v -0.250000 2.937500 0.937500
v -0.250000 3.000000 0.937500
v -0.312500 3.000000 0.937500
v -0.312500 2.937500 0.937500
vn 0 0 1
f 3681//921 3682//921 3683//921 3684//921
v 0.125000 2.812500 0.937500
v 0.125000 2.875000 0.937500
v 0.000000 2.875000 0.937500
v 0.000000 2.812500 0.937500
vn 0 0 1
f 3685//922 3686//922 3687//922 3688//922
v 0.125000 2.625000 0.937500
v 0.125000 2.687500 0.937500
v 0.062500 2.687500 0.937500
v 0.062500 2.625000 0.937500
vn 0 0 1
f 3689//923 3690//923 3691//923 3692//923
v -0.250000 2.812500 1.000000
v -0.250000 2.937500 1.000000
v -1.000000 2.937500 1.000000
v -1.000000 2.812500 1.000000
vn 0 0 1
f 3693//924 3694//924 3695//924 3696//924
v -0.250000 2.750000 1.000000
v -0.250000 2.812500 1.000000
v -0.937500 2.812500 1.000000
v -0.937500 2.750000 1.000000
vn 0 0 1
f 3697//925 3698//925 3699//925 3700//925
v -0.312500 2.937500 1.000000
v -0.312500 3.000000 1.000000
v -0.937500 3.000000 1.000000
v -0.937500 2.937500 1.000000
vn 0 0 1
f 3701//926 3702//926 3703//926 3704//926
v 0.125000 2.687500 1.000000
v 0.125000 2.750000 1.000000
v -0.500000 2.750000 1.000000
v -0.500000 2.687500 1.000000
vn 0 0 1
f 3705//927 3706//927 3707//927 3708//927
v 0.062500 2.625000 1.000000
v 0.062500 2.687500 1.000000
v -0.437500 2.687500 1.000000
v -0.437500 2.625000 1.000000
vn 0 0 1
f 3709//928 3710//928 3711//928 3712//928
v 0.125000 2.750000 1.000000
v 0.125000 2.812500 1.000000
v 0.000000 2.812500 1.000000
v 0.000000 2.750000 1.000000
vn 0 0 1
f 3713//929 3714//929 3715//929 3716//929
v 0.000000 2.187500 -0.062500
v 0.062500 2.187500 -0.062500
v 0.062500 2.187500 -0.125000
v 0.000000 2.187500 -0.125000
vn 0 1 0
f 3717//930 3718//930 3719//930 3720//930
v -1.875000 2.187500 0.375000
v -1.812500 2.187500 0.375000
v -1.812500 2.187500 0.312500
v -1.875000 2.187500 0.312500
vn 0 1 0
f 3721//931 3722//931 3723//931 3724//931
v -1.187500 2.187500 0.375000
v -1.125000 2.187500 0.375000
v -1.125000 2.187500 0.312500
v -1.187500 2.187500 0.312500
vn 0 1 0
f 3725//932 3726//932 3727//932 3728//932
v -1.437500 2.250000 -0.500000
v -1.375000 2.250000 -0.500000
v -1.375000 2.250000 -0.875000
v -1.437500 2.250000 -0.875000
vn 0 1 0
f 3729//933 3730//933 3731//933 3732//933
v -1.500000 2.250000 -0.500000
v -1.437500 2.250000 -0.500000
v -1.437500 2.250000 -0.812500
v -1.500000 2.250000 -0.812500
vn 0 1 0
f 3733//934 3734//934 3735//934 3736//934
v -1.812500 2.250000 0.375000
v -1.750000 2.250000 0.375000
v -1.750000 2.250000 -0.500000
v -1.812500 2.250000 -0.500000
vn 0 1 0
f 3737//935 3738//935 3739//935 3740//935
v -1.875000 2.250000 0.312500
v -1.812500 2.250000 0.312500
v -1.812500 2.250000 -0.437500
v -1.875000 2.250000 -0.437500
vn 0 1 0
f 3741//936 3742//936 3743//936 3744//936
v 0.062500 2.250000 0.000000
v 0.500000 2.250000 0.000000
v 0.500000 2.250000 -0.125000
v 0.062500 2.250000 -0.125000
vn 0 1 0
f 3745//937 3746//937 3747//937 3748//937
v 0.000000 2.250000 0.000000
v 0.062500 2.250000 0.000000
v 0.062500 2.250000 -0.062500
v 0.000000 2.250000 -0.062500
vn 0 1 0
f 3749//938 3750//938 3751//938 3752//938
v -1.750000 2.250000 0.375000
v -1.187500 2.250000 0.375000
v -1.187500 2.250000 0.250000
v -1.750000 2.250000 0.250000
vn 0 1 0
f 3753//939 3754//939 3755//939 3756//939
v -1.187500 2.250000 0.312500
v -1.125000 2.250000 0.312500
v -1.125000 2.250000 0.250000
v -1.187500 2.250000 0.250000
vn 0 1 0
f 3757//940 3758//940 3759//940 3760//940
v -1.375000 2.312500 -0.812500
v -1.312500 2.312500 -0.812500
v -1.312500 2.312500 -0.875000
v -1.375000 2.312500 -0.875000
vn 0 1 0
f 3761//941 3762//941 3763//941 3764//941
v 0.500000 2.312500 -0.687500
v 0.562500 2.312500 -0.687500
v 0.562500 2.312500 -0.750000
v 0.500000 2.312500 -0.750000
vn 0 1 0
f 3765//942 3766//942 3767//942 3768//942
v 1.437500 2.312500 -0.687500
v 1.500000 2.312500 -0.687500
v 1.500000 2.312500 -0.750000
v 1.437500 2.312500 -0.750000
vn 0 1 0
f 3769//943 3770//943 3771//943 3772//943
v -1.750000 2.312500 -0.437500
v -1.687500 2.312500 -0.437500
v -1.687500 2.312500 -0.500000
v -1.750000 2.312500 -0.500000
vn 0 1 0
f 3773//944 3774//944 3775//944 3776//944
v 1.437500 2.312500 -0.250000
v 1.500000 2.312500 -0.250000
v 1.500000 2.312500 -0.312500
v 1.437500 2.312500 -0.312500
vn 0 1 0
f 3777//945 3778//945 3779//945 3780//945
v -1.312500 2.375000 -0.375000
v -1.250000 2.375000 -0.375000
v -1.250000 2.375000 -0.875000
v -1.312500 2.375000 -0.875000
vn 0 1 0
f 3781//946 3782//946 3783//946 3784//946
v -1.250000 2.375000 -0.750000
v -0.562500 2.375000 -0.750000
v -0.562500 2.375000 -0.875000
v -1.250000 2.375000 -0.875000
vn 0 1 0
f 3785//947 3786//947 3787//947 3788//947
v -1.375000 2.375000 -0.375000
v -1.312500 2.375000 -0.375000
v -1.312500 2.375000 -0.812500
v -1.375000 2.375000 -0.812500
vn 0 1 0
f 3789//948 3790//948 3791//948 3792//948
v -0.562500 2.375000 -0.750000
v -0.500000 2.375000 -0.750000
v -0.500000 2.375000 -0.812500
v -0.562500 2.375000 -0.812500
vn 0 1 0
f 3793//949 3794//949 3795//949 3796//949
v 0.562500 2.375000 -0.375000
v 0.625000 2.375000 -0.375000
v 0.625000 2.375000 -0.750000
v 0.562500 2.375000 -0.750000
vn 0 1 0
f 3797//950 3798//950 3799//950 3800//950
v 1.375000 2.375000 -0.250000
v 1.437500 2.375000 -0.250000
v 1.437500 2.375000 -0.750000
v 1.375000 2.375000 -0.750000
vn 0 1 0
f 3801//951 3802//951 3803//951 3804//951
v 0.500000 2.375000 -0.375000
v 0.562500 2.375000 -0.375000
v 0.562500 2.375000 -0.687500
v 0.500000 2.375000 -0.687500
vn 0 1 0
f 3805//952 3806//952 3807//952 3808//952
v 1.437500 2.375000 -0.312500
v 1.500000 2.375000 -0.312500
v 1.500000 2.375000 -0.687500
v 1.437500 2.375000 -0.687500
vn 0 1 0
f 3809//953 3810//953 3811//953 3812//953
v -1.687500 2.375000 -0.125000
v -1.625000 2.375000 -0.125000
v -1.625000 2.375000 -0.500000
v -1.687500 2.375000 -0.500000
vn 0 1 0
f 3813//954 3814//954 3815//954 3816//954
v -1.625000 2.375000 -0.375000
v -1.375000 2.375000 -0.375000
v -1.375000 2.375000 -0.500000
v -1.625000 2.375000 -0.500000
vn 0 1 0
f 3817//955 3818//955 3819//955 3820//955
v -1.750000 2.375000 -0.125000
v -1.687500 2.375000 -0.125000
v -1.687500 2.375000 -0.437500
v -1.750000 2.375000 -0.437500
vn 0 1 0
f 3821//956 3822//956 3823//956 3824//956
v -1.250000 2.437500 -0.687500
v -1.187500 2.437500 -0.687500
v -1.187500 2.437500 -0.750000
v -1.250000 2.437500 -0.750000
vn 0 1 0
f 3825//957 3826//957 3827//957 3828//957
v 0.625000 2.437500 -0.687500
v 0.687500 2.437500 -0.687500
v 0.687500 2.437500 -0.750000
v 0.625000 2.437500 -0.750000
vn 0 1 0
f 3829//958 3830//958 3831//958 3832//958
v 1.312500 2.437500 -0.687500
v 1.375000 2.437500 -0.687500
v 1.375000 2.437500 -0.750000
v 1.312500 2.437500 -0.750000
vn 0 1 0
f 3833//959 3834//959 3835//959 3836//959
v -1.625000 2.437500 -0.312500
v -1.562500 2.437500 -0.312500
v -1.562500 2.437500 -0.375000
v -1.625000 2.437500 -0.375000
vn 0 1 0
f 3837//960 3838//960 3839//960 3840//960
v -1.437500 2.437500 -0.312500
v -1.375000 2.437500 -0.312500
v -1.375000 2.437500 -0.375000
v -1.437500 2.437500 -0.375000
vn 0 1 0
f 3841//961 3842//961 3843//961 3844//961
v -0.062500 2.437500 -0.312500
v 0.000000 2.437500 -0.312500
v 0.000000 2.437500 -0.375000
v -0.062500 2.437500 -0.375000
vn 0 1 0
f 3845//962 3846//962 3847//962 3848//962
v 1.312500 2.437500 -0.250000
v 1.375000 2.437500 -0.250000
v 1.375000 2.437500 -0.312500
v 1.312500 2.437500 -0.312500
vn 0 1 0
f 3849//963 3850//963 3851//963 3852//963
v -0.062500 2.437500 -0.125000
v 0.000000 2.437500 -0.125000
v 0.000000 2.437500 -0.187500
v -0.062500 2.437500 -0.187500
vn 0 1 0
f 3853//964 3854//964 3855//964 3856//964
v 0.562500 2.437500 0.750000
v 0.625000 2.437500 0.750000
v 0.625000 2.437500 0.687500
v 0.562500 2.437500 0.687500
vn 0 1 0
f 3857//965 3858//965 3859//965 3860//965
v -1.187500 2.500000 -0.250000
v -1.125000 2.500000 -0.250000
v -1.125000 2.500000 -0.750000
v -1.187500 2.500000 -0.750000
vn 0 1 0
f 3861//966 3862//966 3863//966 3864//966
v 0.687500 2.500000 -0.625000
v 1.312500 2.500000 -0.625000
v 1.312500 2.500000 -0.750000
v 0.687500 2.500000 -0.750000
vn 0 1 0
f 3865//967 3866//967 3867//967 3868//967
v -1.250000 2.500000 -0.250000
v -1.187500 2.500000 -0.250000
v -1.187500 2.500000 -0.687500
v -1.250000 2.500000 -0.687500
vn 0 1 0
f 3869//968 3870//968 3871//968 3872//968
v 0.625000 2.500000 -0.625000
v 0.687500 2.500000 -0.625000
v 0.687500 2.500000 -0.687500
v 0.625000 2.500000 -0.687500
vn 0 1 0
f 3873//969 3874//969 3875//969 3876//969
v 1.312500 2.500000 -0.312500
v 1.375000 2.500000 -0.312500
v 1.375000 2.500000 -0.687500
v 1.312500 2.500000 -0.687500
vn 0 1 0
f 3877//970 3878//970 3879//970 3880//970
v 1.250000 2.500000 -0.250000
v 1.312500 2.500000 -0.250000
v 1.312500 2.500000 -0.625000
v 1.250000 2.500000 -0.625000
vn 0 1 0
f 3881//971 3882//971 3883//971 3884//971
v -1.562500 2.500000 -0.250000
v -1.437500 2.500000 -0.250000
v -1.437500 2.500000 -0.375000
v -1.562500 2.500000 -0.375000
vn 0 1 0
f 3885//972 3886//972 3887//972 3888//972
v -0.125000 2.500000 -0.125000
v -0.062500 2.500000 -0.125000
v -0.062500 2.500000 -0.375000
v -0.125000 2.500000 -0.375000
vn 0 1 0
f 3889//973 3890//973 3891//973 3892//973
v -1.625000 2.500000 -0.250000
v -1.562500 2.500000 -0.250000
v -1.562500 2.500000 -0.312500
v -1.625000 2.500000 -0.312500
vn 0 1 0
f 3893//974 3894//974 3895//974 3896//974
v -1.437500 2.500000 -0.250000
v -1.375000 2.500000 -0.250000
v -1.375000 2.500000 -0.312500
v -1.437500 2.500000 -0.312500
vn 0 1 0
f 3897//975 3898//975 3899//975 3900//975
v -0.062500 2.500000 -0.187500
v 0.000000 2.500000 -0.187500
v 0.000000 2.500000 -0.312500
v -0.062500 2.500000 -0.312500
vn 0 1 0
f 3901//976 3902//976 3903//976 3904//976
v 0.375000 2.500000 0.750000
v 0.562500 2.500000 0.750000
v 0.562500 2.500000 0.625000
v 0.375000 2.500000 0.625000
vn 0 1 0
f 3905//977 3906//977 3907//977 3908//977
v 0.562500 2.500000 0.687500
v 0.625000 2.500000 0.687500
v 0.625000 2.500000 0.625000
v 0.562500 2.500000 0.625000
vn 0 1 0
f 3909//978 3910//978 3911//978 3912//978
v -1.125000 2.562500 -0.687500
v -1.062500 2.562500 -0.687500
v -1.062500 2.562500 -0.750000
v -1.125000 2.562500 -0.750000
vn 0 1 0
f 3913//979 3914//979 3915//979 3916//979
v 0.625000 2.562500 -0.562500
v 0.687500 2.562500 -0.562500
v 0.687500 2.562500 -0.625000
v 0.625000 2.562500 -0.625000
vn 0 1 0
f 3917//980 3918//980 3919//980 3920//980
v 1.187500 2.562500 -0.562500
v 1.250000 2.562500 -0.562500
v 1.250000 2.562500 -0.625000
v 1.187500 2.562500 -0.625000
vn 0 1 0
f 3921//981 3922//981 3923//981 3924//981
v 0.562500 2.562500 0.625000
v 0.625000 2.562500 0.625000
v 0.625000 2.562500 0.562500
v 0.562500 2.562500 0.562500
vn 0 1 0
f 3925//982 3926//982 3927//982 3928//982
v 0.875000 2.562500 0.625000
v 0.937500 2.562500 0.625000
v 0.937500 2.562500 0.562500
v 0.875000 2.562500 0.562500
vn 0 1 0
f 3929//983 3930//983 3931//983 3932//983
v -1.062500 2.625000 -0.625000
v -1.000000 2.625000 -0.625000
v -1.000000 2.625000 -0.750000
v -1.062500 2.625000 -0.750000
vn 0 1 0
f 3933//984 3934//984 3935//984 3936//984
v -1.125000 2.625000 -0.625000
v -1.062500 2.625000 -0.625000
v -1.062500 2.625000 -0.687500
v -1.125000 2.625000 -0.687500
vn 0 1 0
f 3937//985 3938//985 3939//985 3940//985
v 0.687500 2.625000 -0.500000
v 1.187500 2.625000 -0.500000
v 1.187500 2.625000 -0.625000
v 0.687500 2.625000 -0.625000
vn 0 1 0
f 3941//986 3942//986 3943//986 3944//986
v 0.625000 2.625000 -0.500000
v 0.687500 2.625000 -0.500000
v 0.687500 2.625000 -0.562500
v 0.625000 2.625000 -0.562500
vn 0 1 0
f 3945//987 3946//987 3947//987 3948//987
v 1.187500 2.625000 -0.500000
v 1.250000 2.625000 -0.500000
v 1.250000 2.625000 -0.562500
v 1.187500 2.625000 -0.562500
vn 0 1 0
f 3949//988 3950//988 3951//988 3952//988
v 0.312500 2.625000 -0.250000
v 0.375000 2.625000 -0.250000
v 0.375000 2.625000 -0.500000
v 0.312500 2.625000 -0.500000
vn 0 1 0
f 3953//989 3954//989 3955//989 3956//989
v 0.250000 2.625000 -0.250000
v 0.312500 2.625000 -0.250000
v 0.312500 2.625000 -0.437500
v 0.250000 2.625000 -0.437500
vn 0 1 0
f 3957//990 3958//990 3959//990 3960//990
v -1.937500 2.625000 0.250000
v -1.875000 2.625000 0.250000
v -1.875000 2.625000 -0.250000
v -1.937500 2.625000 -0.250000
vn 0 1 0
f 3961//991 3962//991 3963//991 3964//991
v 1.500000 2.625000 -0.125000
v 1.562500 2.625000 -0.125000
v 1.562500 2.625000 -0.250000
v 1.500000 2.625000 -0.250000
vn 0 1 0
f 3965//992 3966//992 3967//992 3968//992
v -2.000000 2.625000 0.250000
v -1.937500 2.625000 0.250000
v -1.937500 2.625000 -0.187500
v -2.000000 2.625000 -0.187500
vn 0 1 0
f 3969//993 3970//993 3971//993 3972//993
v 1.562500 2.625000 -0.125000
v 1.625000 2.625000 -0.125000
v 1.625000 2.625000 -0.187500
v 1.562500 2.625000 -0.187500
vn 0 1 0
f 3973//994 3974//994 3975//994 3976//994
v -1.000000 2.625000 0.000000
v -0.750000 2.625000 0.000000
v -0.750000 2.625000 -0.125000
v -1.000000 2.625000 -0.125000
vn 0 1 0
f 3977//995 3978//995 3979//995 3980//995
v -1.250000 2.625000 0.625000
v -1.000000 2.625000 0.625000
v -1.000000 2.625000 0.250000
v -1.250000 2.625000 0.250000
vn 0 1 0
f 3981//996 3982//996 3983//996 3984//996
v 0.625000 2.625000 0.375000
v 0.875000 2.625000 0.375000
v 0.875000 2.625000 0.250000
v 0.625000 2.625000 0.250000
vn 0 1 0
f 3985//997 3986//997 3987//997 3988//997
v -1.750000 2.625000 0.500000
v -1.250000 2.625000 0.500000
v -1.250000 2.625000 0.375000
v -1.750000 2.625000 0.375000
vn 0 1 0
f 3989//998 3990//998 3991//998 3992//998
v 0.500000 2.625000 0.625000
v 0.562500 2.625000 0.625000
v 0.562500 2.625000 0.375000
v 0.500000 2.625000 0.375000
vn 0 1 0
f 3993//999 3994//999 3995//999 3996//999
v 0.562500 2.625000 0.562500
v 0.625000 2.625000 0.562500
v 0.625000 2.625000 0.375000
v 0.562500 2.625000 0.375000
vn 0 1 0
f 3997//1000 3998//1000 3999//1000 4000//1000
v -1.375000 2.625000 0.687500
v -1.250000 2.625000 0.687500
v -1.250000 2.625000 0.500000
v -1.375000 2.625000 0.500000
vn 0 1 0
f 4001//1001 4002//1001 4003//1001 4004//1001
v 0.375000 2.625000 0.625000
v 0.500000 2.625000 0.625000
v 0.500000 2.625000 0.500000
v 0.375000 2.625000 0.500000
vn 0 1 0
f 4005//1002 4006//1002 4007//1002 4008//1002
v 0.875000 2.625000 0.562500
v 1.500000 2.625000 0.562500
v 1.500000 2.625000 0.500000
v 0.875000 2.625000 0.500000
vn 0 1 0
f 4009//1003 4010//1003 4011//1003 4012//1003
v 0.937500 2.625000 0.625000
v 1.437500 2.625000 0.625000
v 1.437500 2.625000 0.562500
v 0.937500 2.625000 0.562500
vn 0 1 0
f 4013//1004 4014//1004 4015//1004 4016//1004
v 0.375000 2.687500 -0.437500
v 0.437500 2.687500 -0.437500
v 0.437500 2.687500 -0.500000
v 0.375000 2.687500 -0.500000
vn 0 1 0
f 4017//1005 4018//1005 4019//1005 4020//1005
v -1.875000 2.687500 -0.187500
v -1.812500 2.687500 -0.187500
v -1.812500 2.687500 -0.250000
v -1.875000 2.687500 -0.250000
vn 0 1 0
f 4021//1006 4022//1006 4023//1006 4024//1006
v -1.875000 2.687500 0.250000
v -1.812500 2.687500 0.250000
v -1.812500 2.687500 0.187500
v -1.875000 2.687500 0.187500
vn 0 1 0
f 4025//1007 4026//1007 4027//1007 4028//1007
v 0.875000 2.687500 0.500000
v 0.937500 2.687500 0.500000
v 0.937500 2.687500 0.437500
v 0.875000 2.687500 0.437500
vn 0 1 0
f 4029//1008 4030//1008 4031//1008 4032//1008
v 1.562500 2.687500 0.500000
v 1.625000 2.687500 0.500000
v 1.625000 2.687500 0.437500
v 1.562500 2.687500 0.437500
vn 0 1 0
f 4033//1009 4034//1009 4035//1009 4036//1009
v 0.312500 2.687500 0.750000
v 0.375000 2.687500 0.750000
v 0.375000 2.687500 0.687500
v 0.312500 2.687500 0.687500
vn 0 1 0
f 4037//1010 4038//1010 4039//1010 4040//1010
v -0.812500 2.750000 -0.500000
v -0.750000 2.750000 -0.500000
v -0.750000 2.750000 -1.000000
v -0.812500 2.750000 -1.000000
vn 0 1 0
f 4041//1011 4042//1011 4043//1011 4044//1011
v -0.875000 2.750000 -0.500000
v -0.812500 2.750000 -0.500000
v -0.812500 2.750000 -0.937500
v -0.875000 2.750000 -0.937500
vn 0 1 0
f 4045//1012 4046//1012 4047//1012 4048//1012
v 0.437500 2.750000 -0.250000
v 0.500000 2.750000 -0.250000
v 0.500000 2.750000 -0.500000
v 0.437500 2.750000 -0.500000
vn 0 1 0
f 4049//1013 4050//1013 4051//1013 4052//1013
v 0.500000 2.750000 -0.375000
v 0.875000 2.750000 -0.375000
v 0.875000 2.750000 -0.500000
v 0.500000 2.750000 -0.500000
vn 0 1 0
f 4053//1014 4054//1014 4055//1014 4056//1014
v 0.375000 2.750000 -0.250000
v 0.437500 2.750000 -0.250000
v 0.437500 2.750000 -0.437500
v 0.375000 2.750000 -0.437500
vn 0 1 0
f 4057//1015 4058//1015 4059//1015 4060//1015
v -1.812500 2.750000 0.250000
v -1.750000 2.750000 0.250000
v -1.750000 2.750000 -0.250000
v -1.812500 2.750000 -0.250000
vn 0 1 0
f 4061//1016 4062//1016 4063//1016 4064//1016
v -0.375000 2.750000 -0.125000
v -0.125000 2.750000 -0.125000
v -0.125000 2.750000 -0.250000
v -0.375000 2.750000 -0.250000
vn 0 1 0
f 4065//1017 4066//1017 4067//1017 4068//1017
v -1.875000 2.750000 0.187500
v -1.812500 2.750000 0.187500
v -1.812500 2.750000 -0.187500
v -1.875000 2.750000 -0.187500
vn 0 1 0
f 4069//1018 4070//1018 4071//1018 4072//1018
v -1.000000 2.750000 0.125000
v -0.875000 2.750000 0.125000
v -0.875000 2.750000 0.000000
v -1.000000 2.750000 0.000000
vn 0 1 0
f 4073//1019 4074//1019 4075//1019 4076//1019
v -0.625000 2.750000 0.250000
v -0.500000 2.750000 0.250000
v -0.500000 2.750000 0.125000
v -0.625000 2.750000 0.125000
vn 0 1 0
f 4077//1020 4078//1020 4079//1020 4080//1020
v 1.500000 2.750000 0.500000
v 1.562500 2.750000 0.500000
v 1.562500 2.750000 0.125000
v 1.500000 2.750000 0.125000
vn 0 1 0
f 4081//1021 4082//1021 4083//1021 4084//1021
v 1.562500 2.750000 0.437500
v 1.625000 2.750000 0.437500
v 1.625000 2.750000 0.125000
v 1.562500 2.750000 0.125000
vn 0 1 0
f 4085//1022 4086//1022 4087//1022 4088//1022
v 0.875000 2.750000 0.437500
v 1.000000 2.750000 0.437500
v 1.000000 2.750000 0.250000
v 0.875000 2.750000 0.250000
vn 0 1 0
f 4089//1023 4090//1023 4091//1023 4092//1023
v 1.000000 2.750000 0.500000
v 1.500000 2.750000 0.500000
v 1.500000 2.750000 0.375000
v 1.000000 2.750000 0.375000
vn 0 1 0
f 4093//1024 4094//1024 4095//1024 4096//1024
v 0.937500 2.750000 0.500000
v 1.000000 2.750000 0.500000
v 1.000000 2.750000 0.437500
v 0.937500 2.750000 0.437500
vn 0 1 0
f 4097//1025 4098//1025 4099//1025 4100//1025
v 0.250000 2.750000 0.750000
v 0.312500 2.750000 0.750000
v 0.312500 2.750000 0.500000
v 0.250000 2.750000 0.500000
vn 0 1 0
f 4101//1026 4102//1026 4103//1026 4104//1026
v 0.312500 2.750000 0.687500
v 0.375000 2.750000 0.687500
v 0.375000 2.750000 0.500000
v 0.312500 2.750000 0.500000
vn 0 1 0
f 4105//1027 4106//1027 4107//1027 4108//1027
v -0.125000 2.750000 1.000000
v 0.000000 2.750000 1.000000
v 0.000000 2.750000 0.750000
v -0.125000 2.750000 0.750000
vn 0 1 0
f 4109//1028 4110//1028 4111//1028 4112//1028
v -0.250000 2.750000 1.000000
v -0.125000 2.750000 1.000000
v -0.125000 2.750000 0.875000
v -0.250000 2.750000 0.875000
vn 0 1 0
f 4113//1029 4114//1029 4115//1029 4116//1029
v -0.750000 2.812500 -0.937500
v -0.687500 2.812500 -0.937500
v -0.687500 2.812500 -1.000000
v -0.750000 2.812500 -1.000000
vn 0 1 0
f 4117//1030 4118//1030 4119//1030 4120//1030
v -0.750000 2.812500 -0.500000
v -0.687500 2.812500 -0.500000
v -0.687500 2.812500 -0.562500
v -0.750000 2.812500 -0.562500
vn 0 1 0
f 4121//1031 4122//1031 4123//1031 4124//1031
v 0.500000 2.812500 -0.312500
v 0.562500 2.812500 -0.312500
v 0.562500 2.812500 -0.375000
v 0.500000 2.812500 -0.375000
vn 0 1 0
f 4125//1032 4126//1032 4127//1032 4128//1032
v -1.750000 2.812500 -0.187500
v -1.687500 2.812500 -0.187500
v -1.687500 2.812500 -0.250000
v -1.750000 2.812500 -0.250000
vn 0 1 0
f 4129//1033 4130//1033 4131//1033 4132//1033
v -1.750000 2.812500 0.375000
v -1.687500 2.812500 0.375000
v -1.687500 2.812500 0.312500
v -1.750000 2.812500 0.312500
vn 0 1 0
f 4133//1034 4134//1034 4135//1034 4136//1034
v 1.437500 2.812500 0.375000
v 1.500000 2.812500 0.375000
v 1.500000 2.812500 0.312500
v 1.437500 2.812500 0.312500
vn 0 1 0
f 4137//1035 4138//1035 4139//1035 4140//1035
v 0.000000 2.812500 1.000000
v 0.125000 2.812500 1.000000
v 0.125000 2.812500 0.937500
v 0.000000 2.812500 0.937500
vn 0 1 0
f 4141//1036 4142//1036 4143//1036 4144//1036
v -0.687500 2.875000 -0.500000
v -0.625000 2.875000 -0.500000
v -0.625000 2.875000 -1.000000
v -0.687500 2.875000 -1.000000
vn 0 1 0
f 4145//1037 4146//1037 4147//1037 4148//1037
v -0.625000 2.875000 -0.875000
v -0.250000 2.875000 -0.875000
v -0.250000 2.875000 -1.000000
v -0.625000 2.875000 -1.000000
vn 0 1 0
f 4149//1038 4150//1038 4151//1038 4152//1038
v -0.750000 2.875000 -0.562500
v -0.687500 2.875000 -0.562500
v -0.687500 2.875000 -0.937500
v -0.750000 2.875000 -0.937500
vn 0 1 0
f 4153//1039 4154//1039 4155//1039 4156//1039
v 0.562500 2.875000 -0.250000
v 0.750000 2.875000 -0.250000
v 0.750000 2.875000 -0.375000
v 0.562500 2.875000 -0.375000
vn 0 1 0
f 4157//1040 4158//1040 4159//1040 4160//1040
v 0.500000 2.875000 -0.250000
v 0.562500 2.875000 -0.250000
v 0.562500 2.875000 -0.312500
v 0.500000 2.875000 -0.312500
vn 0 1 0
f 4161//1041 4162//1041 4163//1041 4164//1041
v -1.687500 2.875000 0.375000
v -1.625000 2.875000 0.375000
v -1.625000 2.875000 -0.250000
v -1.687500 2.875000 -0.250000
vn 0 1 0
f 4165//1042 4166//1042 4167//1042 4168//1042
v -1.750000 2.875000 0.312500
v -1.687500 2.875000 0.312500
v -1.687500 2.875000 -0.187500
v -1.750000 2.875000 -0.187500
vn 0 1 0
f 4169//1043 4170//1043 4171//1043 4172//1043
v -1.125000 2.875000 0.250000
v -1.000000 2.875000 0.250000
v -1.000000 2.875000 0.000000
v -1.125000 2.875000 0.000000
vn 0 1 0
f 4173//1044 4174//1044 4175//1044 4176//1044
v 0.750000 2.875000 0.250000
v 1.000000 2.875000 0.250000
v 1.000000 2.875000 0.125000
v 0.750000 2.875000 0.125000
vn 0 1 0
f 4177//1045 4178//1045 4179//1045 4180//1045
v 1.375000 2.875000 0.375000
v 1.437500 2.875000 0.375000
v 1.437500 2.875000 0.125000
v 1.375000 2.875000 0.125000
vn 0 1 0
f 4181//1046 4182//1046 4183//1046 4184//1046
v 1.437500 2.875000 0.312500
v 1.500000 2.875000 0.312500
v 1.500000 2.875000 0.125000
v 1.437500 2.875000 0.125000
vn 0 1 0
f 4185//1047 4186//1047 4187//1047 4188//1047
v 0.000000 2.875000 0.937500
v 0.125000 2.875000 0.937500
v 0.125000 2.875000 0.875000
v 0.000000 2.875000 0.875000
vn 0 1 0
f 4189//1048 4190//1048 4191//1048 4192//1048
v -0.625000 2.937500 -0.812500
v -0.562500 2.937500 -0.812500
v -0.562500 2.937500 -0.875000
v -0.625000 2.937500 -0.875000
vn 0 1 0
f 4193//1049 4194//1049 4195//1049 4196//1049
v 1.562500 2.937500 -0.562500
v 1.625000 2.937500 -0.562500
v 1.625000 2.937500 -0.625000
v 1.562500 2.937500 -0.625000
vn 0 1 0
f 4197//1050 4198//1050 4199//1050 4200//1050
v -1.187500 2.937500 0.250000
v -1.125000 2.937500 0.250000
v -1.125000 2.937500 0.187500
v -1.187500 2.937500 0.187500
vn 0 1 0
f 4201//1051 4202//1051 4203//1051 4204//1051
v -1.000000 2.937500 1.000000
v -0.937500 2.937500 1.000000
v -0.937500 2.937500 0.937500
v -1.000000 2.937500 0.937500
vn 0 1 0
f 4205//1052 4206//1052 4207//1052 4208//1052
v -0.312500 2.937500 1.000000
v -0.250000 2.937500 1.000000
v -0.250000 2.937500 0.937500
v -0.312500 2.937500 0.937500
vn 0 1 0
f 4209//1053 4210//1053 4211//1053 4212//1053
v -0.562500 3.000000 -0.750000
v -0.500000 3.000000 -0.750000
v -0.500000 3.000000 -0.875000
v -0.562500 3.000000 -0.875000
vn 0 1 0
f 4213//1054 4214//1054 4215//1054 4216//1054
v -0.625000 3.000000 -0.750000
v -0.562500 3.000000 -0.750000
v -0.562500 3.000000 -0.812500
v -0.625000 3.000000 -0.812500
vn 0 1 0
f 4217//1055 4218//1055 4219//1055 4220//1055
v -1.562500 3.000000 -0.625000
v -1.250000 3.000000 -0.625000
v -1.250000 3.000000 -0.750000
v -1.562500 3.000000 -0.750000
vn 0 1 0
f 4221//1056 4222//1056 4223//1056 4224//1056
v -1.625000 3.000000 -0.625000
v -1.562500 3.000000 -0.625000
v -1.562500 3.000000 -0.687500
v -1.625000 3.000000 -0.687500
vn 0 1 0
f 4225//1057 4226//1057 4227//1057 4228//1057
v 1.000000 3.000000 -0.500000
v 1.562500 3.000000 -0.500000
v 1.562500 3.000000 -0.625000
v 1.000000 3.000000 -0.625000
vn 0 1 0
f 4229//1058 4230//1058 4231//1058 4232//1058
v 1.562500 3.000000 -0.500000
v 1.625000 3.000000 -0.500000
v 1.625000 3.000000 -0.562500
v 1.562500 3.000000 -0.562500
vn 0 1 0
f 4233//1059 4234//1059 4235//1059 4236//1059
v -0.125000 3.000000 0.000000
v 0.000000 3.000000 0.000000
v 0.000000 3.000000 -0.125000
v -0.125000 3.000000 -0.125000
vn 0 1 0
f 4237//1060 4238//1060 4239//1060 4240//1060
v -1.250000 3.000000 0.250000
v -1.187500 3.000000 0.250000
v -1.187500 3.000000 0.125000
v -1.250000 3.000000 0.125000
vn 0 1 0
f 4241//1061 4242//1061 4243//1061 4244//1061
v -1.187500 3.000000 0.187500
v -1.125000 3.000000 0.187500
v -1.125000 3.000000 0.125000
v -1.187500 3.000000 0.125000
vn 0 1 0
f 4245//1062 4246//1062 4247//1062 4248//1062
v -1.000000 3.000000 0.937500
v -0.875000 3.000000 0.937500
v -0.875000 3.000000 0.500000
v -1.000000 3.000000 0.500000
vn 0 1 0
f 4249//1063 4250//1063 4251//1063 4252//1063
v -0.875000 3.000000 1.000000
v -0.312500 3.000000 1.000000
v -0.312500 3.000000 0.875000
v -0.875000 3.000000 0.875000
vn 0 1 0
f 4253//1064 4254//1064 4255//1064 4256//1064
v -0.312500 3.000000 0.937500
v -0.250000 3.000000 0.937500
v -0.250000 3.000000 0.875000
v -0.312500 3.000000 0.875000
vn 0 1 0
f 4257//1065 4258//1065 4259//1065 4260//1065
v -0.937500 3.000000 1.000000
v -0.875000 3.000000 1.000000
v -0.875000 3.000000 0.937500
v -0.937500 3.000000 0.937500
vn 0 1 0
f 4261//1066 4262//1066 4263//1066 4264//1066
v -1.625000 3.062500 -0.562500
v -1.562500 3.062500 -0.562500
v -1.562500 3.062500 -0.625000
v -1.625000 3.062500 -0.625000
vn 0 1 0
f 4265//1067 4266//1067 4267//1067 4268//1067
v 1.562500 3.062500 -0.437500
v 1.625000 3.062500 -0.437500
v 1.625000 3.062500 -0.500000
v 1.562500 3.062500 -0.500000
vn 0 1 0
f 4269//1068 4270//1068 4271//1068 4272//1068
v 1.562500 3.062500 -0.125000
v 1.625000 3.062500 -0.125000
v 1.625000 3.062500 -0.187500
v 1.562500 3.062500 -0.187500
vn 0 1 0
f 4273//1069 4274//1069 4275//1069 4276//1069
v -0.875000 3.062500 0.875000
v -0.812500 3.062500 0.875000
v -0.812500 3.062500 0.812500
v -0.875000 3.062500 0.812500
vn 0 1 0
f 4277//1070 4278//1070 4279//1070 4280//1070
v -0.187500 3.125000 -0.750000
v 0.000000 3.125000 -0.750000
v 0.000000 3.125000 -1.125000
v -0.187500 3.125000 -1.125000
vn 0 1 0
f 4281//1071 4282//1071 4283//1071 4284//1071
v 0.000000 3.125000 -1.000000
v 0.562500 3.125000 -1.000000
v 0.562500 3.125000 -1.125000
v 0.000000 3.125000 -1.125000
vn 0 1 0
f 4285//1072 4286//1072 4287//1072 4288//1072
v -0.250000 3.125000 -0.750000
v -0.187500 3.125000 -0.750000
v -0.187500 3.125000 -1.062500
v -0.250000 3.125000 -1.062500
vn 0 1 0
f 4289//1073 4290//1073 4291//1073 4292//1073
v 0.562500 3.125000 -1.000000
v 0.625000 3.125000 -1.000000
v 0.625000 3.125000 -1.062500
v 0.562500 3.125000 -1.062500
vn 0 1 0
f 4293//1074 4294//1074 4295//1074 4296//1074
v -0.375000 3.125000 -0.750000
v -0.250000 3.125000 -0.750000
v -0.250000 3.125000 -0.875000
v -0.375000 3.125000 -0.875000
vn 0 1 0
f 4297//1075 4298//1075 4299//1075 4300//1075
v -1.562500 3.125000 0.125000
v -1.500000 3.125000 0.125000
v -1.500000 3.125000 -0.625000
v -1.562500 3.125000 -0.625000
vn 0 1 0
f 4301//1076 4302//1076 4303//1076 4304//1076
v -1.500000 3.125000 -0.500000
v -1.250000 3.125000 -0.500000
v -1.250000 3.125000 -0.625000
v -1.500000 3.125000 -0.625000
vn 0 1 0
f 4305//1077 4306//1077 4307//1077 4308//1077
v -1.625000 3.125000 0.125000
v -1.562500 3.125000 0.125000
v -1.562500 3.125000 -0.562500
v -1.625000 3.125000 -0.562500
vn 0 1 0
f 4309//1078 4310//1078 4311//1078 4312//1078
v 1.125000 3.125000 -0.375000
v 1.562500 3.125000 -0.375000
v 1.562500 3.125000 -0.500000
v 1.125000 3.125000 -0.500000
vn 0 1 0
f 4313//1079 4314//1079 4315//1079 4316//1079
v 1.562500 3.125000 -0.187500
v 1.625000 3.125000 -0.187500
v 1.625000 3.125000 -0.437500
v 1.562500 3.125000 -0.437500
vn 0 1 0
f 4317//1080 4318//1080 4319//1080 4320//1080
v 1.500000 3.125000 -0.125000
v 1.562500 3.125000 -0.125000
v 1.562500 3.125000 -0.375000
v 1.500000 3.125000 -0.375000
vn 0 1 0
f 4321//1081 4322//1081 4323//1081 4324//1081
v -1.500000 3.125000 0.125000
v -1.000000 3.125000 0.125000
v -1.000000 3.125000 0.000000
v -1.500000 3.125000 0.000000
vn 0 1 0
f 4325//1082 4326//1082 4327//1082 4328//1082
v -0.375000 3.125000 0.875000
v -0.125000 3.125000 0.875000
v -0.125000 3.125000 0.000000
v -0.375000 3.125000 0.000000
vn 0 1 0
f 4329//1083 4330//1083 4331//1083 4332//1083
v 0.625000 3.125000 0.250000
v 0.875000 3.125000 0.250000
v 0.875000 3.125000 0.000000
v 0.625000 3.125000 0.000000
vn 0 1 0
f 4333//1084 4334//1084 4335//1084 4336//1084
v 0.875000 3.125000 0.250000
v 1.437500 3.125000 0.250000
v 1.437500 3.125000 0.125000
v 0.875000 3.125000 0.125000
vn 0 1 0
f 4337//1085 4338//1085 4339//1085 4340//1085
v 1.437500 3.125000 0.187500
v 1.500000 3.125000 0.187500
v 1.500000 3.125000 0.125000
v 1.437500 3.125000 0.125000
vn 0 1 0
f 4341//1086 4342//1086 4343//1086 4344//1086
v -0.875000 3.125000 0.812500
v -0.375000 3.125000 0.812500
v -0.375000 3.125000 0.375000
v -0.875000 3.125000 0.375000
vn 0 1 0
f 4345//1087 4346//1087 4347//1087 4348//1087
v -0.125000 3.125000 0.875000
v 0.437500 3.125000 0.875000
v 0.437500 3.125000 0.750000
v -0.125000 3.125000 0.750000
vn 0 1 0
f 4349//1088 4350//1088 4351//1088 4352//1088
v 0.437500 3.125000 0.812500
v 0.500000 3.125000 0.812500
v 0.500000 3.125000 0.750000
v 0.437500 3.125000 0.750000
vn 0 1 0
f 4353//1089 4354//1089 4355//1089 4356//1089
v -0.812500 3.125000 0.875000
v -0.375000 3.125000 0.875000
v -0.375000 3.125000 0.812500
v -0.812500 3.125000 0.812500
vn 0 1 0
f 4357//1090 4358//1090 4359//1090 4360//1090
v -1.500000 3.187500 -0.437500
v -1.437500 3.187500 -0.437500
v -1.437500 3.187500 -0.500000
v -1.500000 3.187500 -0.500000
vn 0 1 0
f 4361//1091 4362//1091 4363//1091 4364//1091
v 1.437500 3.187500 -0.312500
v 1.500000 3.187500 -0.312500
v 1.500000 3.187500 -0.375000
v 1.437500 3.187500 -0.375000
vn 0 1 0
f 4365//1092 4366//1092 4367//1092 4368//1092
v -1.500000 3.187500 0.000000
v -1.437500 3.187500 0.000000
v -1.437500 3.187500 -0.062500
v -1.500000 3.187500 -0.062500
vn 0 1 0
f 4369//1093 4370//1093 4371//1093 4372//1093
v 0.875000 3.187500 0.125000
v 0.937500 3.187500 0.125000
v 0.937500 3.187500 0.062500
v 0.875000 3.187500 0.062500
vn 0 1 0
f 4373//1094 4374//1094 4375//1094 4376//1094
v 1.437500 3.187500 0.125000
v 1.500000 3.187500 0.125000
v 1.500000 3.187500 0.062500
v 1.437500 3.187500 0.062500
vn 0 1 0
f 4377//1095 4378//1095 4379//1095 4380//1095
v -1.000000 3.187500 0.375000
v -0.937500 3.187500 0.375000
v -0.937500 3.187500 0.312500
v -1.000000 3.187500 0.312500
vn 0 1 0
f 4381//1096 4382//1096 4383//1096 4384//1096
v -0.437500 3.187500 0.375000
v -0.375000 3.187500 0.375000
v -0.375000 3.187500 0.312500
v -0.437500 3.187500 0.312500
vn 0 1 0
f 4385//1097 4386//1097 4387//1097 4388//1097
v -0.125000 3.187500 0.750000
v -0.062500 3.187500 0.750000
v -0.062500 3.187500 0.687500
v -0.125000 3.187500 0.687500
vn 0 1 0
f 4389//1098 4390//1098 4391//1098 4392//1098
v 0.562500 3.187500 0.750000
v 0.625000 3.187500 0.750000
v 0.625000 3.187500 0.687500
v 0.562500 3.187500 0.687500
vn 0 1 0
f 4393//1099 4394//1099 4395//1099 4396//1099
v -1.187500 3.250000 -0.500000
v -1.125000 3.250000 -0.500000
v -1.125000 3.250000 -0.875000
v -1.187500 3.250000 -0.875000
vn 0 1 0
f 4397//1100 4398//1100 4399//1100 4400//1100
v -1.250000 3.250000 -0.500000
v -1.187500 3.250000 -0.500000
v -1.187500 3.250000 -0.812500
v -1.250000 3.250000 -0.812500
vn 0 1 0
f 4401//1101 4402//1101 4403//1101 4404//1101
v -1.125000 3.250000 -0.500000
v -1.000000 3.250000 -0.500000
v -1.000000 3.250000 -0.625000
v -1.125000 3.250000 -0.625000
vn 0 1 0
f 4405//1102 4406//1102 4407//1102 4408//1102
v -1.437500 3.250000 0.000000
v -1.250000 3.250000 0.000000
v -1.250000 3.250000 -0.500000
v -1.437500 3.250000 -0.500000
vn 0 1 0
f 4409//1103 4410//1103 4411//1103 4412//1103
v -1.500000 3.250000 -0.062500
v -1.437500 3.250000 -0.062500
v -1.437500 3.250000 -0.437500
v -1.500000 3.250000 -0.437500
vn 0 1 0
f 4413//1104 4414//1104 4415//1104 4416//1104
v 1.125000 3.250000 -0.250000
v 1.437500 3.250000 -0.250000
v 1.437500 3.250000 -0.375000
v 1.125000 3.250000 -0.375000
vn 0 1 0
f 4417//1105 4418//1105 4419//1105 4420//1105
v 1.437500 3.250000 0.062500
v 1.500000 3.250000 0.062500
v 1.500000 3.250000 -0.312500
v 1.437500 3.250000 -0.312500
vn 0 1 0
f 4421//1106 4422//1106 4423//1106 4424//1106
v 1.375000 3.250000 0.125000
v 1.437500 3.250000 0.125000
v 1.437500 3.250000 -0.250000
v 1.375000 3.250000 -0.250000
vn 0 1 0
f 4425//1107 4426//1107 4427//1107 4428//1107
v -1.250000 3.250000 0.000000
v -1.000000 3.250000 0.000000
v -1.000000 3.250000 -0.125000
v -1.250000 3.250000 -0.125000
vn 0 1 0
f 4429//1108 4430//1108 4431//1108 4432//1108
v 0.625000 3.250000 0.000000
v 1.000000 3.250000 0.000000
v 1.000000 3.250000 -0.125000
v 0.625000 3.250000 -0.125000
vn 0 1 0
f 4433//1109 4434//1109 4435//1109 4436//1109
v 0.875000 3.250000 0.062500
v 1.000000 3.250000 0.062500
v 1.000000 3.250000 0.000000
v 0.875000 3.250000 0.000000
vn 0 1 0
f 4437//1110 4438//1110 4439//1110 4440//1110
v 0.937500 3.250000 0.125000
v 1.000000 3.250000 0.125000
v 1.000000 3.250000 0.062500
v 0.937500 3.250000 0.062500
vn 0 1 0
f 4441//1111 4442//1111 4443//1111 4444//1111
v -1.000000 3.250000 0.312500
v -0.375000 3.250000 0.312500
v -0.375000 3.250000 0.250000
v -1.000000 3.250000 0.250000
vn 0 1 0
f 4445//1112 4446//1112 4447//1112 4448//1112
v -0.125000 3.250000 0.687500
v 0.000000 3.250000 0.687500
v 0.000000 3.250000 0.250000
v -0.125000 3.250000 0.250000
vn 0 1 0
f 4449//1113 4450//1113 4451//1113 4452//1113
v 0.500000 3.250000 0.750000
v 0.562500 3.250000 0.750000
v 0.562500 3.250000 0.250000
v 0.500000 3.250000 0.250000
vn 0 1 0
f 4453//1114 4454//1114 4455//1114 4456//1114
v 0.562500 3.250000 0.687500
v 0.625000 3.250000 0.687500
v 0.625000 3.250000 0.250000
v 0.562500 3.250000 0.250000
vn 0 1 0
f 4457//1115 4458//1115 4459//1115 4460//1115
v -0.937500 3.250000 0.375000
v -0.437500 3.250000 0.375000
v -0.437500 3.250000 0.312500
v -0.937500 3.250000 0.312500
vn 0 1 0
f 4461//1116 4462//1116 4463//1116 4464//1116
v 0.000000 3.250000 0.750000
v 0.500000 3.250000 0.750000
v 0.500000 3.250000 0.625000
v 0.000000 3.250000 0.625000
vn 0 1 0
f 4465//1117 4466//1117 4467//1117 4468//1117
v -0.062500 3.250000 0.750000
v 0.000000 3.250000 0.750000
v 0.000000 3.250000 0.687500
v -0.062500 3.250000 0.687500
vn 0 1 0
f 4469//1118 4470//1118 4471//1118 4472//1118
v 0.000000 3.312500 -0.937500
v 0.062500 3.312500 -0.937500
v 0.062500 3.312500 -1.000000
v 0.000000 3.312500 -1.000000
vn 0 1 0
f 4473//1119 4474//1119 4475//1119 4476//1119
v 0.562500 3.312500 -0.937500
v 0.625000 3.312500 -0.937500
v 0.625000 3.312500 -1.000000
v 0.562500 3.312500 -1.000000
vn 0 1 0
f 4477//1120 4478//1120 4479//1120 4480//1120
v -1.125000 3.312500 -0.812500
v -1.062500 3.312500 -0.812500
v -1.062500 3.312500 -0.875000
v -1.125000 3.312500 -0.875000
vn 0 1 0
f 4481//1121 4482//1121 4483//1121 4484//1121
v -0.437500 3.312500 -0.812500
v -0.375000 3.312500 -0.812500
v -0.375000 3.312500 -0.875000
v -0.437500 3.312500 -0.875000
vn 0 1 0
f 4485//1122 4486//1122 4487//1122 4488//1122
v -1.250000 3.312500 -0.437500
v -1.187500 3.312500 -0.437500
v -1.187500 3.312500 -0.500000
v -1.250000 3.312500 -0.500000
vn 0 1 0
f 4489//1123 4490//1123 4491//1123 4492//1123
v 1.312500 3.312500 -0.187500
v 1.375000 3.312500 -0.187500
v 1.375000 3.312500 -0.250000
v 1.312500 3.312500 -0.250000
vn 0 1 0
f 4493//1124 4494//1124 4495//1124 4496//1124
v 1.000000 3.312500 0.125000
v 1.062500 3.312500 0.125000
v 1.062500 3.312500 0.062500
v 1.000000 3.312500 0.062500
vn 0 1 0
f 4497//1125 4498//1125 4499//1125 4500//1125
v 1.312500 3.312500 0.125000
v 1.375000 3.312500 0.125000
v 1.375000 3.312500 0.062500
v 1.312500 3.312500 0.062500
vn 0 1 0
f 4501//1126 4502//1126 4503//1126 4504//1126
v -1.000000 3.312500 0.250000
v -0.937500 3.312500 0.250000
v -0.937500 3.312500 0.187500
v -1.000000 3.312500 0.187500
vn 0 1 0
f 4505//1127 4506//1127 4507//1127 4508//1127
v 0.437500 3.312500 0.625000
v 0.500000 3.312500 0.625000
v 0.500000 3.312500 0.562500
v 0.437500 3.312500 0.562500
vn 0 1 0
f 4509//1128 4510//1128 4511//1128 4512//1128
v 0.062500 3.375000 -0.875000
v 0.562500 3.375000 -0.875000
v 0.562500 3.375000 -1.000000
v 0.062500 3.375000 -1.000000
vn 0 1 0
f 4513//1129 4514//1129 4515//1129 4516//1129
v 0.000000 3.375000 -0.875000
v 0.062500 3.375000 -0.875000
v 0.062500 3.375000 -0.937500
v 0.000000 3.375000 -0.937500
vn 0 1 0
f 4517//1130 4518//1130 4519//1130 4520//1130
v 0.562500 3.375000 -0.750000
v 0.625000 3.375000 -0.750000
v 0.625000 3.375000 -0.937500
v 0.562500 3.375000 -0.937500
vn 0 1 0
f 4521//1131 4522//1131 4523//1131 4524//1131
v -1.062500 3.375000 -0.750000
v -0.437500 3.375000 -0.750000
v -0.437500 3.375000 -0.875000
v -1.062500 3.375000 -0.875000
vn 0 1 0
f 4525//1132 4526//1132 4527//1132 4528//1132
v 0.500000 3.375000 -0.750000
v 0.562500 3.375000 -0.750000
v 0.562500 3.375000 -0.875000
v 0.500000 3.375000 -0.875000
vn 0 1 0
f 4529//1133 4530//1133 4531//1133 4532//1133
v -1.125000 3.375000 -0.750000
v -1.062500 3.375000 -0.750000
v -1.062500 3.375000 -0.812500
v -1.125000 3.375000 -0.812500
vn 0 1 0
f 4533//1134 4534//1134 4535//1134 4536//1134
v -0.437500 3.375000 -0.750000
v -0.375000 3.375000 -0.750000
v -0.375000 3.375000 -0.812500
v -0.437500 3.375000 -0.812500
vn 0 1 0
f 4537//1135 4538//1135 4539//1135 4540//1135
v -0.375000 3.375000 0.000000
v -0.250000 3.375000 0.000000
v -0.250000 3.375000 -0.750000
v -0.375000 3.375000 -0.750000
vn 0 1 0
f 4541//1136 4542//1136 4543//1136 4544//1136
v -0.250000 3.375000 -0.125000
v -0.125000 3.375000 -0.125000
v -0.125000 3.375000 -0.750000
v -0.250000 3.375000 -0.750000
vn 0 1 0
f 4545//1137 4546//1137 4547//1137 4548//1137
v -1.187500 3.375000 -0.125000
v -1.125000 3.375000 -0.125000
v -1.125000 3.375000 -0.500000
v -1.187500 3.375000 -0.500000
vn 0 1 0
f 4549//1138 4550//1138 4551//1138 4552//1138
v 0.250000 3.375000 -0.375000
v 0.500000 3.375000 -0.375000
v 0.500000 3.375000 -0.500000
v 0.250000 3.375000 -0.500000
vn 0 1 0
f 4553//1139 4554//1139 4555//1139 4556//1139
v -1.250000 3.375000 -0.187500
v -1.187500 3.375000 -0.187500
v -1.187500 3.375000 -0.437500
v -1.250000 3.375000 -0.437500
vn 0 1 0
f 4557//1140 4558//1140 4559//1140 4560//1140
v -1.125000 3.375000 -0.125000
v -1.000000 3.375000 -0.125000
v -1.000000 3.375000 -0.375000
v -1.125000 3.375000 -0.375000
vn 0 1 0
f 4561//1141 4562//1141 4563//1141 4564//1141
v 1.250000 3.375000 0.125000
v 1.312500 3.375000 0.125000
v 1.312500 3.375000 -0.250000
v 1.250000 3.375000 -0.250000
vn 0 1 0
f 4565//1142 4566//1142 4567//1142 4568//1142
v 1.312500 3.375000 0.062500
v 1.375000 3.375000 0.062500
v 1.375000 3.375000 -0.187500
v 1.312500 3.375000 -0.187500
vn 0 1 0
f 4569//1143 4570//1143 4571//1143 4572//1143
v -1.000000 3.375000 0.187500
v -0.875000 3.375000 0.187500
v -0.875000 3.375000 -0.125000
v -1.000000 3.375000 -0.125000
vn 0 1 0
f 4573//1144 4574//1144 4575//1144 4576//1144
v 1.000000 3.375000 0.062500
v 1.250000 3.375000 0.062500
v 1.250000 3.375000 0.000000
v 1.000000 3.375000 0.000000
vn 0 1 0
f 4577//1145 4578//1145 4579//1145 4580//1145
v 1.062500 3.375000 0.125000
v 1.250000 3.375000 0.125000
v 1.250000 3.375000 0.062500
v 1.062500 3.375000 0.062500
vn 0 1 0
f 4581//1146 4582//1146 4583//1146 4584//1146
v -0.937500 3.375000 0.250000
v -0.875000 3.375000 0.250000
v -0.875000 3.375000 0.187500
v -0.937500 3.375000 0.187500
vn 0 1 0
f 4585//1147 4586//1147 4587//1147 4588//1147
v 0.375000 3.375000 0.625000
v 0.437500 3.375000 0.625000
v 0.437500 3.375000 0.375000
v 0.375000 3.375000 0.375000
vn 0 1 0
f 4589//1148 4590//1148 4591//1148 4592//1148
v 0.437500 3.375000 0.562500
v 0.500000 3.375000 0.562500
v 0.500000 3.375000 0.375000
v 0.437500 3.375000 0.375000
vn 0 1 0
f 4593//1149 4594//1149 4595//1149 4596//1149
v -0.437500 3.437500 -0.687500
v -0.375000 3.437500 -0.687500
v -0.375000 3.437500 -0.750000
v -0.437500 3.437500 -0.750000
vn 0 1 0
f 4597//1150 4598//1150 4599//1150 4600//1150
v -1.000000 3.437500 -0.125000
v -0.937500 3.437500 -0.125000
v -0.937500 3.437500 -0.187500
v -1.000000 3.437500 -0.187500
vn 0 1 0
f 4601//1151 4602//1151 4603//1151 4604//1151
v -0.250000 3.437500 -0.062500
v -0.187500 3.437500 -0.062500
v -0.187500 3.437500 -0.125000
v -0.250000 3.437500 -0.125000
vn 0 1 0
f 4605//1152 4606//1152 4607//1152 4608//1152
v 1.000000 3.437500 0.000000
v 1.062500 3.437500 0.000000
v 1.062500 3.437500 -0.062500
v 1.000000 3.437500 -0.062500
vn 0 1 0
f 4609//1153 4610//1153 4611//1153 4612//1153
v 1.187500 3.437500 0.000000
v 1.250000 3.437500 0.000000
v 1.250000 3.437500 -0.062500
v 1.187500 3.437500 -0.062500
vn 0 1 0
f 4613//1154 4614//1154 4615//1154 4616//1154
v -0.875000 3.437500 0.250000
v -0.812500 3.437500 0.250000
v -0.812500 3.437500 0.187500
v -0.875000 3.437500 0.187500
vn 0 1 0
f 4617//1155 4618//1155 4619//1155 4620//1155
v -0.437500 3.437500 0.250000
v -0.375000 3.437500 0.250000
v -0.375000 3.437500 0.187500
v -0.437500 3.437500 0.187500
vn 0 1 0
f 4621//1156 4622//1156 4623//1156 4624//1156
v -0.625000 3.500000 -0.250000
v -0.437500 3.500000 -0.250000
v -0.437500 3.500000 -0.750000
v -0.625000 3.500000 -0.750000
vn 0 1 0
f 4625//1157 4626//1157 4627//1157 4628//1157
v -0.437500 3.500000 0.187500
v -0.375000 3.500000 0.187500
v -0.375000 3.500000 -0.687500
v -0.437500 3.500000 -0.687500
vn 0 1 0
f 4629//1158 4630//1158 4631//1158 4632//1158
v 0.125000 3.500000 -0.375000
v 0.250000 3.500000 -0.375000
v 0.250000 3.500000 -0.500000
v 0.125000 3.500000 -0.500000
vn 0 1 0
f 4633//1159 4634//1159 4635//1159 4636//1159
v 1.125000 3.500000 -0.375000
v 1.187500 3.500000 -0.375000
v 1.187500 3.500000 -0.500000
v 1.125000 3.500000 -0.500000
vn 0 1 0
f 4637//1160 4638//1160 4639//1160 4640//1160
v 1.187500 3.500000 -0.375000
v 1.250000 3.500000 -0.375000
v 1.250000 3.500000 -0.437500
v 1.187500 3.500000 -0.437500
vn 0 1 0
f 4641//1161 4642//1161 4643//1161 4644//1161
v -1.000000 3.500000 -0.187500
v -0.875000 3.500000 -0.187500
v -0.875000 3.500000 -0.375000
v -1.000000 3.500000 -0.375000
vn 0 1 0
f 4645//1162 4646//1162 4647//1162 4648//1162
v -0.875000 3.500000 -0.250000
v -0.625000 3.500000 -0.250000
v -0.625000 3.500000 -0.375000
v -0.875000 3.500000 -0.375000
vn 0 1 0
f 4649//1163 4650//1163 4651//1163 4652//1163
v -0.500000 3.500000 0.250000
v -0.437500 3.500000 0.250000
v -0.437500 3.500000 -0.250000
v -0.500000 3.500000 -0.250000
vn 0 1 0
f 4653//1164 4654//1164 4655//1164 4656//1164
v -0.937500 3.500000 -0.125000
v -0.875000 3.500000 -0.125000
v -0.875000 3.500000 -0.187500
v -0.937500 3.500000 -0.187500
vn 0 1 0
f 4657//1165 4658//1165 4659//1165 4660//1165
v -0.187500 3.500000 0.250000
v -0.125000 3.500000 0.250000
v -0.125000 3.500000 -0.125000
v -0.187500 3.500000 -0.125000
vn 0 1 0
f 4661//1166 4662//1166 4663//1166 4664//1166
v 1.000000 3.500000 -0.062500
v 1.250000 3.500000 -0.062500
v 1.250000 3.500000 -0.125000
v 1.000000 3.500000 -0.125000
vn 0 1 0
f 4665//1167 4666//1167 4667//1167 4668//1167
v -0.250000 3.500000 0.250000
v -0.187500 3.500000 0.250000
v -0.187500 3.500000 -0.062500
v -0.250000 3.500000 -0.062500
vn 0 1 0
f 4669//1168 4670//1168 4671//1168 4672//1168
v 1.062500 3.500000 0.000000
v 1.187500 3.500000 0.000000
v 1.187500 3.500000 -0.062500
v 1.062500 3.500000 -0.062500
vn 0 1 0
f 4673//1169 4674//1169 4675//1169 4676//1169
v -0.875000 3.500000 0.187500
v -0.500000 3.500000 0.187500
v -0.500000 3.500000 0.125000
v -0.875000 3.500000 0.125000
vn 0 1 0
f 4677//1170 4678//1170 4679//1170 4680//1170
v -0.812500 3.500000 0.250000
v -0.500000 3.500000 0.250000
v -0.500000 3.500000 0.187500
v -0.812500 3.500000 0.187500
vn 0 1 0
f 4681//1171 4682//1171 4683//1171 4684//1171
v -0.125000 3.562500 -0.687500
v -0.062500 3.562500 -0.687500
v -0.062500 3.562500 -0.750000
v -0.125000 3.562500 -0.750000
vn 0 1 0
f 4685//1172 4686//1172 4687//1172 4688//1172
v 0.500000 3.562500 -0.687500
v 0.562500 3.562500 -0.687500
v 0.562500 3.562500 -0.750000
v 0.500000 3.562500 -0.750000
vn 0 1 0
f 4689//1173 4690//1173 4691//1173 4692//1173
v 1.062500 3.562500 -0.687500
v 1.125000 3.562500 -0.687500
v 1.125000 3.562500 -0.750000
v 1.062500 3.562500 -0.750000
vn 0 1 0
f 4693//1174 4694//1174 4695//1174 4696//1174
v -0.875000 3.562500 -0.187500
v -0.812500 3.562500 -0.187500
v -0.812500 3.562500 -0.250000
v -0.875000 3.562500 -0.250000
vn 0 1 0
f 4697//1175 4698//1175 4699//1175 4700//1175
v -0.562500 3.562500 -0.187500
v -0.500000 3.562500 -0.187500
v -0.500000 3.562500 -0.250000
v -0.562500 3.562500 -0.250000
vn 0 1 0
f 4701//1176 4702//1176 4703//1176 4704//1176
v 0.562500 3.562500 0.000000
v 0.625000 3.562500 0.000000
v 0.625000 3.562500 -0.062500
v 0.562500 3.562500 -0.062500
vn 0 1 0
f 4705//1177 4706//1177 4707//1177 4708//1177
v -0.875000 3.562500 0.125000
v -0.812500 3.562500 0.125000
v -0.812500 3.562500 0.062500
v -0.875000 3.562500 0.062500
vn 0 1 0
f 4709//1178 4710//1178 4711//1178 4712//1178
v -0.562500 3.562500 0.125000
v -0.500000 3.562500 0.125000
v -0.500000 3.562500 0.062500
v -0.562500 3.562500 0.062500
vn 0 1 0
f 4713//1179 4714//1179 4715//1179 4716//1179
v -0.125000 3.562500 0.250000
v -0.062500 3.562500 0.250000
v -0.062500 3.562500 0.187500
v -0.125000 3.562500 0.187500
vn 0 1 0
f 4717//1180 4718//1180 4719//1180 4720//1180
v 0.375000 3.562500 0.375000
v 0.500000 3.562500 0.375000
v 0.500000 3.562500 0.312500
v 0.375000 3.562500 0.312500
vn 0 1 0
f 4721//1181 4722//1181 4723//1181 4724//1181
v -0.062500 3.625000 -0.625000
v 0.125000 3.625000 -0.625000
v 0.125000 3.625000 -0.750000
v -0.062500 3.625000 -0.750000
vn 0 1 0
f 4725//1182 4726//1182 4727//1182 4728//1182
v 0.562500 3.625000 -0.625000
v 1.062500 3.625000 -0.625000
v 1.062500 3.625000 -0.750000
v 0.562500 3.625000 -0.750000
vn 0 1 0
f 4729//1183 4730//1183 4731//1183 4732//1183
v -0.125000 3.625000 -0.625000
v -0.062500 3.625000 -0.625000
v -0.062500 3.625000 -0.687500
v -0.125000 3.625000 -0.687500
vn 0 1 0
f 4733//1184 4734//1184 4735//1184 4736//1184
v 0.500000 3.625000 -0.625000
v 0.562500 3.625000 -0.625000
v 0.562500 3.625000 -0.687500
v 0.500000 3.625000 -0.687500
vn 0 1 0
f 4737//1185 4738//1185 4739//1185 4740//1185
v 1.062500 3.625000 -0.625000
v 1.125000 3.625000 -0.625000
v 1.125000 3.625000 -0.687500
v 1.062500 3.625000 -0.687500
vn 0 1 0
f 4741//1186 4742//1186 4743//1186 4744//1186
v 0.125000 3.625000 -0.250000
v 0.625000 3.625000 -0.250000
v 0.625000 3.625000 -0.375000
v 0.125000 3.625000 -0.375000
vn 0 1 0
f 4745//1187 4746//1187 4747//1187 4748//1187
v -0.812500 3.625000 0.125000
v -0.562500 3.625000 0.125000
v -0.562500 3.625000 -0.250000
v -0.812500 3.625000 -0.250000
vn 0 1 0
f 4749//1188 4750//1188 4751//1188 4752//1188
v -0.125000 3.625000 0.187500
v 0.000000 3.625000 0.187500
v 0.000000 3.625000 -0.250000
v -0.125000 3.625000 -0.250000
vn 0 1 0
f 4753//1189 4754//1189 4755//1189 4756//1189
v 0.625000 3.625000 -0.125000
v 1.000000 3.625000 -0.125000
v 1.000000 3.625000 -0.250000
v 0.625000 3.625000 -0.250000
vn 0 1 0
f 4757//1190 4758//1190 4759//1190 4760//1190
v -0.875000 3.625000 0.062500
v -0.812500 3.625000 0.062500
v -0.812500 3.625000 -0.187500
v -0.875000 3.625000 -0.187500
vn 0 1 0
f 4761//1191 4762//1191 4763//1191 4764//1191
v -0.562500 3.625000 0.062500
v -0.500000 3.625000 0.062500
v -0.500000 3.625000 -0.187500
v -0.562500 3.625000 -0.187500
vn 0 1 0
f 4765//1192 4766//1192 4767//1192 4768//1192
v 0.375000 3.625000 0.312500
v 0.500000 3.625000 0.312500
v 0.500000 3.625000 -0.125000
v 0.375000 3.625000 -0.125000
vn 0 1 0
f 4769//1193 4770//1193 4771//1193 4772//1193
v 0.500000 3.625000 0.000000
v 0.562500 3.625000 0.000000
v 0.562500 3.625000 -0.125000
v 0.500000 3.625000 -0.125000
vn 0 1 0
f 4773//1194 4774//1194 4775//1194 4776//1194
v 0.562500 3.625000 -0.062500
v 0.625000 3.625000 -0.062500
v 0.625000 3.625000 -0.125000
v 0.562500 3.625000 -0.125000
vn 0 1 0
f 4777//1195 4778//1195 4779//1195 4780//1195
v -0.062500 3.625000 0.250000
v 0.000000 3.625000 0.250000
v 0.000000 3.625000 0.187500
v -0.062500 3.625000 0.187500
vn 0 1 0
f 4781//1196 4782//1196 4783//1196 4784//1196
v 0.000000 3.812500 -0.187500
v 0.062500 3.812500 -0.187500
v 0.062500 3.812500 -0.250000
v 0.000000 3.812500 -0.250000
vn 0 1 0
f 4785//1197 4786//1197 4787//1197 4788//1197
v 0.062500 3.875000 0.000000
v 0.125000 3.875000 0.000000
v 0.125000 3.875000 -0.250000
v 0.062500 3.875000 -0.250000
vn 0 1 0
f 4789//1198 4790//1198 4791//1198 4792//1198
v 0.000000 3.875000 0.000000
v 0.062500 3.875000 0.000000
v 0.062500 3.875000 -0.187500
v 0.000000 3.875000 -0.187500
vn 0 1 0
f 4793//1199 4794//1199 4795//1199 4796//1199
v 0.125000 3.875000 0.000000
v 0.250000 3.875000 0.000000
v 0.250000 3.875000 -0.125000
v 0.125000 3.875000 -0.125000
vn 0 1 0
f 4797//1200 4798//1200 4799//1200 4800//1200
v -1.437500 2.437500 -0.375000
v -1.437500 2.500000 -0.375000
v -1.437500 2.500000 -0.312500
v -1.437500 2.437500 -0.312500
vn 1 0 0
f 4801//1201 4802//1201 4803//1201 4804//1201
v -1.375000 2.125000 -0.375000
v -1.375000 2.437500 -0.375000
v -1.375000 2.437500 -0.125000
v -1.375000 2.125000 -0.125000
vn 1 0 0
f 4805//1202 4806//1202 4807//1202 4808//1202
v -1.375000 2.437500 -0.312500
v -1.375000 2.500000 -0.312500
v -1.375000 2.500000 -0.125000
v -1.375000 2.437500 -0.125000
vn 1 0 0
f 4809//1203 4810//1203 4811//1203 4812//1203
v -1.250000 2.500000 0.625000
v -1.250000 2.625000 0.625000
v -1.250000 2.625000 0.687500
v -1.250000 2.500000 0.687500
vn 1 0 0
f 4813//1204 4814//1204 4815//1204 4816//1204
v -1.250000 2.625000 0.250000
v -1.250000 3.000000 0.250000
v -1.250000 3.000000 0.375000
v -1.250000 2.625000 0.375000
vn 1 0 0
f 4817//1205 4818//1205 4819//1205 4820//1205
v -1.250000 3.125000 -0.375000
v -1.250000 3.250000 -0.375000
v -1.250000 3.250000 -0.125000
v -1.250000 3.125000 -0.125000
vn 1 0 0
f 4821//1206 4822//1206 4823//1206 4824//1206
v -1.187500 2.000000 0.312500
v -1.187500 2.062500 0.312500
v -1.187500 2.062500 0.375000
v -1.187500 2.000000 0.375000
vn 1 0 0
f 4825//1207 4826//1207 4827//1207 4828//1207
v -1.187500 2.187500 0.312500
v -1.187500 2.250000 0.312500
v -1.187500 2.250000 0.375000
v -1.187500 2.187500 0.375000
vn 1 0 0
f 4829//1208 4830//1208 4831//1208 4832//1208
v -1.187500 2.937500 0.187500
v -1.187500 3.000000 0.187500
v -1.187500 3.000000 0.250000
v -1.187500 2.937500 0.250000
vn 1 0 0
f 4833//1209 4834//1209 4835//1209 4836//1209
v -1.125000 2.000000 0.250000
v -1.125000 2.250000 0.250000
v -1.125000 2.250000 0.312500
v -1.125000 2.000000 0.312500
vn 1 0 0
f 4837//1210 4838//1210 4839//1210 4840//1210
v -1.125000 2.062500 0.312500
v -1.125000 2.187500 0.312500
v -1.125000 2.187500 0.375000
v -1.125000 2.062500 0.375000
vn 1 0 0
f 4841//1211 4842//1211 4843//1211 4844//1211
v -1.125000 2.125000 0.000000
v -1.125000 2.250000 0.000000
v -1.125000 2.250000 0.250000
v -1.125000 2.125000 0.250000
vn 1 0 0
f 4845//1212 4846//1212 4847//1212 4848//1212
v -1.125000 2.875000 0.000000
v -1.125000 3.000000 0.000000
v -1.125000 3.000000 0.187500
v -1.125000 2.875000 0.187500
vn 1 0 0
f 4849//1213 4850//1213 4851//1213 4852//1213
v -1.125000 2.875000 0.187500
v -1.125000 2.937500 0.187500
v -1.125000 2.937500 0.250000
v -1.125000 2.875000 0.250000
vn 1 0 0
f 4853//1214 4854//1214 4855//1214 4856//1214
v -1.000000 2.000000 -0.125000
v -1.000000 2.125000 -0.125000
v -1.000000 2.125000 0.000000
v -1.000000 2.000000 0.000000
vn 1 0 0
f 4857//1215 4858//1215 4859//1215 4860//1215
v -1.000000 2.625000 -0.125000
v -1.000000 2.750000 -0.125000
v -1.000000 2.750000 0.000000
v -1.000000 2.625000 0.000000
vn 1 0 0
f 4861//1216 4862//1216 4863//1216 4864//1216
v -1.000000 2.750000 0.000000
v -1.000000 2.875000 0.000000
v -1.000000 2.875000 0.125000
v -1.000000 2.750000 0.125000
vn 1 0 0
f 4865//1217 4866//1217 4867//1217 4868//1217
v -0.875000 2.625000 -0.500000
v -0.875000 2.750000 -0.500000
v -0.875000 2.750000 -0.375000
v -0.875000 2.625000 -0.375000
vn 1 0 0
f 4869//1218 4870//1218 4871//1218 4872//1218
v -0.812500 2.875000 -0.750000
v -0.812500 2.937500 -0.750000
v -0.812500 2.937500 -0.687500
v -0.812500 2.875000 -0.687500
vn 1 0 0
f 4873//1219 4874//1219 4875//1219 4876//1219
v -0.750000 2.875000 -0.687500
v -0.750000 3.000000 -0.687500
v -0.750000 3.000000 -0.500000
v -0.750000 2.875000 -0.500000
vn 1 0 0
f 4877//1220 4878//1220 4879//1220 4880//1220
v -0.750000 2.937500 -0.750000
v -0.750000 3.000000 -0.750000
v -0.750000 3.000000 -0.687500
v -0.750000 2.937500 -0.687500
vn 1 0 0
f 4881//1221 4882//1221 4883//1221 4884//1221
v -0.687500 2.125000 -0.875000
v -0.687500 2.187500 -0.875000
v -0.687500 2.187500 -0.812500
v -0.687500 2.125000 -0.812500
vn 1 0 0
f 4885//1222 4886//1222 4887//1222 4888//1222
v -0.625000 2.125000 -0.812500
v -0.625000 2.250000 -0.812500
v -0.625000 2.250000 -0.250000
v -0.625000 2.125000 -0.250000
vn 1 0 0
f 4889//1223 4890//1223 4891//1223 4892//1223
v -0.625000 2.187500 -0.875000
v -0.625000 2.250000 -0.875000
v -0.625000 2.250000 -0.812500
v -0.625000 2.187500 -0.812500
vn 1 0 0
f 4893//1224 4894//1224 4895//1224 4896//1224
v -0.625000 2.750000 0.125000
v -0.625000 2.875000 0.125000
v -0.625000 2.875000 0.250000
v -0.625000 2.750000 0.250000
vn 1 0 0
f 4897//1225 4898//1225 4899//1225 4900//1225
v -0.562500 2.250000 -0.875000
v -0.562500 2.375000 -0.875000
v -0.562500 2.375000 -0.812500
v -0.562500 2.250000 -0.812500
vn 1 0 0
f 4901//1226 4902//1226 4903//1226 4904//1226
v -0.562500 3.562500 -0.250000
v -0.562500 3.625000 -0.250000
v -0.562500 3.625000 -0.187500
v -0.562500 3.562500 -0.187500
vn 1 0 0
f 4905//1227 4906//1227 4907//1227 4908//1227
v -0.562500 3.562500 0.062500
v -0.562500 3.625000 0.062500
v -0.562500 3.625000 0.125000
v -0.562500 3.562500 0.125000
vn 1 0 0
f 4909//1228 4910//1228 4911//1228 4912//1228
v -0.500000 2.250000 -0.812500
v -0.500000 2.375000 -0.812500
v -0.500000 2.375000 -0.375000
v -0.500000 2.250000 -0.375000
vn 1 0 0
f 4913//1229 4914//1229 4915//1229 4916//1229
v -0.500000 2.375000 -0.750000
v -0.500000 2.500000 -0.750000
v -0.500000 2.500000 -0.375000
v -0.500000 2.375000 -0.375000
vn 1 0 0
f 4917//1230 4918//1230 4919//1230 4920//1230
v -0.500000 2.625000 0.125000
v -0.500000 2.750000 0.125000
v -0.500000 2.750000 0.250000
v -0.500000 2.625000 0.250000
vn 1 0 0
f 4921//1231 4922//1231 4923//1231 4924//1231
v -0.500000 3.500000 -0.250000
v -0.500000 3.562500 -0.250000
v -0.500000 3.562500 0.125000
v -0.500000 3.500000 0.125000
vn 1 0 0
f 4925//1232 4926//1232 4927//1232 4928//1232
v -0.500000 3.562500 -0.187500
v -0.500000 3.625000 -0.187500
v -0.500000 3.625000 0.062500
v -0.500000 3.562500 0.062500
vn 1 0 0
f 4929//1233 4930//1233 4931//1233 4932//1233
v -0.437500 3.187500 0.312500
v -0.437500 3.250000 0.312500
v -0.437500 3.250000 0.375000
v -0.437500 3.187500 0.375000
vn 1 0 0
f 4933//1234 4934//1234 4935//1234 4936//1234
v -0.437500 3.312500 -0.875000
v -0.437500 3.375000 -0.875000
v -0.437500 3.375000 -0.812500
v -0.437500 3.312500 -0.812500
vn 1 0 0
f 4937//1235 4938//1235 4939//1235 4940//1235
v -0.437500 3.437500 -0.750000
v -0.437500 3.500000 -0.750000
v -0.437500 3.500000 -0.687500
v -0.437500 3.437500 -0.687500
vn 1 0 0
f 4941//1236 4942//1236 4943//1236 4944//1236
v -0.437500 3.437500 0.187500
v -0.437500 3.500000 0.187500
v -0.437500 3.500000 0.250000
v -0.437500 3.437500 0.250000
vn 1 0 0
f 4945//1237 4946//1237 4947//1237 4948//1237
v -0.375000 2.125000 -0.125000
v -0.375000 2.500000 -0.125000
v -0.375000 2.500000 0.375000
v -0.375000 2.125000 0.375000
vn 1 0 0
f 4949//1238 4950//1238 4951//1238 4952//1238
v -0.375000 3.125000 -0.875000
v -0.375000 3.312500 -0.875000
v -0.375000 3.312500 -0.750000
v -0.375000 3.125000 -0.750000
vn 1 0 0
f 4953//1239 4954//1239 4955//1239 4956//1239
v -0.375000 3.125000 0.000000
v -0.375000 3.500000 0.000000
v -0.375000 3.500000 0.187500
v -0.375000 3.125000 0.187500
vn 1 0 0
f 4957//1240 4958//1240 4959//1240 4960//1240
v -0.375000 3.125000 0.187500
v -0.375000 3.437500 0.187500
v -0.375000 3.437500 0.250000
v -0.375000 3.125000 0.250000
vn 1 0 0
f 4961//1241 4962//1241 4963//1241 4964//1241
v -0.375000 3.125000 0.250000
v -0.375000 3.250000 0.250000
v -0.375000 3.250000 0.312500
v -0.375000 3.125000 0.312500
vn 1 0 0
f 4965//1242 4966//1242 4967//1242 4968//1242
v -0.375000 3.125000 0.312500
v -0.375000 3.187500 0.312500
v -0.375000 3.187500 0.375000
v -0.375000 3.125000 0.375000
vn 1 0 0
f 4969//1243 4970//1243 4971//1243 4972//1243
v -0.375000 3.312500 -0.812500
v -0.375000 3.375000 -0.812500
v -0.375000 3.375000 -0.750000
v -0.375000 3.312500 -0.750000
vn 1 0 0
f 4973//1244 4974//1244 4975//1244 4976//1244
v -0.375000 3.375000 -0.750000
v -0.375000 3.437500 -0.750000
v -0.375000 3.437500 0.000000
v -0.375000 3.375000 0.000000
vn 1 0 0
f 4977//1245 4978//1245 4979//1245 4980//1245
v -0.375000 3.437500 -0.687500
v -0.375000 3.500000 -0.687500
v -0.375000 3.500000 0.000000
v -0.375000 3.437500 0.000000
vn 1 0 0
f 4981//1246 4982//1246 4983//1246 4984//1246
v -0.312500 2.937500 0.937500
v -0.312500 3.000000 0.937500
v -0.312500 3.000000 1.000000
v -0.312500 2.937500 1.000000
vn 1 0 0
f 4985//1247 4986//1247 4987//1247 4988//1247
v -0.250000 2.750000 0.750000
v -0.250000 3.000000 0.750000
v -0.250000 3.000000 0.937500
v -0.250000 2.750000 0.937500
vn 1 0 0
f 4989//1248 4990//1248 4991//1248 4992//1248
v -0.250000 2.750000 0.937500
v -0.250000 2.937500 0.937500
v -0.250000 2.937500 1.000000
v -0.250000 2.750000 1.000000
vn 1 0 0
f 4993//1249 4994//1249 4995//1249 4996//1249
v -0.250000 3.125000 -0.625000
v -0.250000 3.250000 -0.625000
v -0.250000 3.250000 -0.250000
v -0.250000 3.125000 -0.250000
vn 1 0 0
f 4997//1250 4998//1250 4999//1250 5000//1250
v -0.125000 2.125000 -0.250000
v -0.125000 2.250000 -0.250000
v -0.125000 2.250000 -0.125000
v -0.125000 2.125000 -0.125000
vn 1 0 0
f 5001//1251 5002//1251 5003//1251 5004//1251
v -0.125000 3.000000 -0.125000
v -0.125000 3.125000 -0.125000
v -0.125000 3.125000 0.000000
v -0.125000 3.000000 0.000000
vn 1 0 0
f 5005//1252 5006//1252 5007//1252 5008//1252
v -0.062500 2.250000 -0.375000
v -0.062500 2.312500 -0.375000
v -0.062500 2.312500 -0.312500
v -0.062500 2.250000 -0.312500
vn 1 0 0
f 5009//1253 5010//1253 5011//1253 5012//1253
v -0.062500 2.250000 -0.187500
v -0.062500 2.312500 -0.187500
v -0.062500 2.312500 -0.125000
v -0.062500 2.250000 -0.125000
vn 1 0 0
f 5013//1254 5014//1254 5015//1254 5016//1254
v -0.062500 2.437500 -0.375000
v -0.062500 2.500000 -0.375000
v -0.062500 2.500000 -0.312500
v -0.062500 2.437500 -0.312500
vn 1 0 0
f 5017//1255 5018//1255 5019//1255 5020//1255
v -0.062500 2.437500 -0.187500
v -0.062500 2.500000 -0.187500
v -0.062500 2.500000 -0.125000
v -0.062500 2.437500 -0.125000
vn 1 0 0
f 5021//1256 5022//1256 5023//1256 5024//1256
v -0.062500 2.625000 -1.000000
v -0.062500 2.687500 -1.000000
v -0.062500 2.687500 -0.937500
v -0.062500 2.625000 -0.937500
vn 1 0 0
f 5025//1257 5026//1257 5027//1257 5028//1257
v 0.000000 2.250000 -0.312500
v 0.000000 2.500000 -0.312500
v 0.000000 2.500000 -0.187500
v 0.000000 2.250000 -0.187500
vn 1 0 0
f 5029//1258 5030//1258 5031//1258 5032//1258
v 0.000000 2.312500 -0.375000
v 0.000000 2.437500 -0.375000
v 0.000000 2.437500 -0.312500
v 0.000000 2.312500 -0.312500
vn 1 0 0
f 5033//1259 5034//1259 5035//1259 5036//1259
v 0.000000 2.312500 -0.187500
v 0.000000 2.437500 -0.187500
v 0.000000 2.437500 -0.125000
v 0.000000 2.312500 -0.125000
vn 1 0 0
f 5037//1260 5038//1260 5039//1260 5040//1260
v 0.000000 2.625000 -0.937500
v 0.000000 2.750000 -0.937500
v 0.000000 2.750000 -0.250000
v 0.000000 2.625000 -0.250000
vn 1 0 0
f 5041//1261 5042//1261 5043//1261 5044//1261
v 0.000000 2.687500 -1.000000
v 0.000000 2.750000 -1.000000
v 0.000000 2.750000 -0.937500
v 0.000000 2.687500 -0.937500
vn 1 0 0
f 5045//1262 5046//1262 5047//1262 5048//1262
v 0.062500 2.625000 0.937500
v 0.062500 2.687500 0.937500
v 0.062500 2.687500 1.000000
v 0.062500 2.625000 1.000000
vn 1 0 0
f 5049//1263 5050//1263 5051//1263 5052//1263
v 0.062500 2.750000 -1.000000
v 0.062500 2.812500 -1.000000
v 0.062500 2.812500 -0.937500
v 0.062500 2.750000 -0.937500
vn 1 0 0
f 5053//1264 5054//1264 5055//1264 5056//1264
v 0.125000 2.625000 0.750000
v 0.125000 2.875000 0.750000
v 0.125000 2.875000 0.937500
v 0.125000 2.625000 0.937500
vn 1 0 0
f 5057//1265 5058//1265 5059//1265 5060//1265
v 0.125000 2.687500 0.937500
v 0.125000 2.812500 0.937500
v 0.125000 2.812500 1.000000
v 0.125000 2.687500 1.000000
vn 1 0 0
f 5061//1266 5062//1266 5063//1266 5064//1266
v 0.125000 2.750000 -0.937500
v 0.125000 2.875000 -0.937500
v 0.125000 2.875000 -0.875000
v 0.125000 2.750000 -0.875000
vn 1 0 0
f 5065//1267 5066//1267 5067//1267 5068//1267
v 0.125000 2.750000 -0.375000
v 0.125000 2.875000 -0.375000
v 0.125000 2.875000 -0.250000
v 0.125000 2.750000 -0.250000
vn 1 0 0
f 5069//1268 5070//1268 5071//1268 5072//1268
v 0.125000 2.812500 -1.000000
v 0.125000 2.875000 -1.000000
v 0.125000 2.875000 -0.937500
v 0.125000 2.812500 -0.937500
vn 1 0 0
f 5073//1269 5074//1269 5075//1269 5076//1269
v 0.250000 3.375000 -0.500000
v 0.250000 3.500000 -0.500000
v 0.250000 3.500000 -0.375000
v 0.250000 3.375000 -0.375000
vn 1 0 0
f 5077//1270 5078//1270 5079//1270 5080//1270
v 0.250000 3.750000 -0.250000
v 0.250000 3.875000 -0.250000
v 0.250000 3.875000 0.000000
v 0.250000 3.750000 0.000000
vn 1 0 0
f 5081//1271 5082//1271 5083//1271 5084//1271
v 0.312500 2.687500 0.687500
v 0.312500 2.750000 0.687500
v 0.312500 2.750000 0.750000
v 0.312500 2.687500 0.750000
vn 1 0 0
f 5085//1272 5086//1272 5087//1272 5088//1272
v 0.375000 2.500000 0.625000
v 0.375000 2.750000 0.625000
v 0.375000 2.750000 0.687500
v 0.375000 2.500000 0.687500
vn 1 0 0
f 5089//1273 5090//1273 5091//1273 5092//1273
v 0.375000 2.500000 0.687500
v 0.375000 2.687500 0.687500
v 0.375000 2.687500 0.750000
v 0.375000 2.500000 0.750000
vn 1 0 0
f 5093//1274 5094//1274 5095//1274 5096//1274
v 0.375000 2.625000 0.500000
v 0.375000 2.750000 0.500000
v 0.375000 2.750000 0.625000
v 0.375000 2.625000 0.625000
vn 1 0 0
f 5097//1275 5098//1275 5099//1275 5100//1275
v 0.437500 3.000000 0.812500
v 0.437500 3.125000 0.812500
v 0.437500 3.125000 0.875000
v 0.437500 3.000000 0.875000
vn 1 0 0
f 5101//1276 5102//1276 5103//1276 5104//1276
v 0.437500 3.312500 0.562500
v 0.437500 3.375000 0.562500
v 0.437500 3.375000 0.625000
v 0.437500 3.312500 0.625000
vn 1 0 0
f 5105//1277 5106//1277 5107//1277 5108//1277
v 0.500000 2.625000 0.375000
v 0.500000 2.750000 0.375000
v 0.500000 2.750000 0.500000
v 0.500000 2.625000 0.500000
vn 1 0 0
f 5109//1278 5110//1278 5111//1278 5112//1278
v 0.500000 3.000000 0.750000
v 0.500000 3.125000 0.750000
v 0.500000 3.125000 0.812500
v 0.500000 3.000000 0.812500
vn 1 0 0
f 5113//1279 5114//1279 5115//1279 5116//1279
v 0.500000 3.250000 0.000000
v 0.500000 3.625000 0.000000
v 0.500000 3.625000 0.312500
v 0.500000 3.250000 0.312500
vn 1 0 0
f 5117//1280 5118//1280 5119//1280 5120//1280
v 0.500000 3.250000 0.312500
v 0.500000 3.562500 0.312500
v 0.500000 3.562500 0.375000
v 0.500000 3.250000 0.375000
vn 1 0 0
f 5121//1281 5122//1281 5123//1281 5124//1281
v 0.500000 3.250000 0.375000
v 0.500000 3.375000 0.375000
v 0.500000 3.375000 0.562500
v 0.500000 3.250000 0.562500
vn 1 0 0
f 5125//1282 5126//1282 5127//1282 5128//1282
v 0.500000 3.250000 0.562500
v 0.500000 3.312500 0.562500
v 0.500000 3.312500 0.625000
v 0.500000 3.250000 0.625000
vn 1 0 0
f 5129//1283 5130//1283 5131//1283 5132//1283
v 0.562500 2.250000 0.687500
v 0.562500 2.312500 0.687500
v 0.562500 2.312500 0.750000
v 0.562500 2.250000 0.750000
vn 1 0 0
f 5133//1284 5134//1284 5135//1284 5136//1284
v 0.562500 2.437500 0.687500
v 0.562500 2.500000 0.687500
v 0.562500 2.500000 0.750000
v 0.562500 2.437500 0.750000
vn 1 0 0
f 5137//1285 5138//1285 5139//1285 5140//1285
v 0.562500 2.562500 0.562500
v 0.562500 2.625000 0.562500
v 0.562500 2.625000 0.625000
v 0.562500 2.562500 0.625000
vn 1 0 0
f 5141//1286 5142//1286 5143//1286 5144//1286
v 0.562500 2.750000 0.437500
v 0.562500 2.812500 0.437500
v 0.562500 2.812500 0.500000
v 0.562500 2.750000 0.500000
vn 1 0 0
f 5145//1287 5146//1287 5147//1287 5148//1287
v 0.562500 3.000000 -1.125000
v 0.562500 3.125000 -1.125000
v 0.562500 3.125000 -1.062500
v 0.562500 3.000000 -1.062500
vn 1 0 0
f 5149//1288 5150//1288 5151//1288 5152//1288
v 0.562500 3.000000 0.687500
v 0.562500 3.062500 0.687500
v 0.562500 3.062500 0.750000
v 0.562500 3.000000 0.750000
vn 1 0 0
f 5153//1289 5154//1289 5155//1289 5156//1289
v 0.562500 3.187500 0.687500
v 0.562500 3.250000 0.687500
v 0.562500 3.250000 0.750000
v 0.562500 3.187500 0.750000
vn 1 0 0
f 5157//1290 5158//1290 5159//1290 5160//1290
v 0.562500 3.312500 -1.000000
v 0.562500 3.375000 -1.000000
v 0.562500 3.375000 -0.937500
v 0.562500 3.312500 -0.937500
vn 1 0 0
f 5161//1291 5162//1291 5163//1291 5164//1291
v 0.562500 3.562500 -0.062500
v 0.562500 3.625000 -0.062500
v 0.562500 3.625000 0.000000
v 0.562500 3.562500 0.000000
vn 1 0 0
f 5165//1292 5166//1292 5167//1292 5168//1292
v 0.625000 2.125000 0.375000
v 0.625000 2.375000 0.375000
v 0.625000 2.375000 0.625000
v 0.625000 2.125000 0.625000
vn 1 0 0
f 5169//1293 5170//1293 5171//1293 5172//1293
v 0.625000 2.250000 0.625000
v 0.625000 2.500000 0.625000
v 0.625000 2.500000 0.687500
v 0.625000 2.250000 0.687500
vn 1 0 0
f 5173//1294 5174//1294 5175//1294 5176//1294
v 0.625000 2.312500 0.687500
v 0.625000 2.437500 0.687500
v 0.625000 2.437500 0.750000
v 0.625000 2.312500 0.750000
vn 1 0 0
f 5177//1295 5178//1295 5179//1295 5180//1295
v 0.625000 2.500000 0.375000
v 0.625000 2.625000 0.375000
v 0.625000 2.625000 0.562500
v 0.625000 2.500000 0.562500
vn 1 0 0
f 5181//1296 5182//1296 5183//1296 5184//1296
v 0.625000 2.500000 0.562500
v 0.625000 2.562500 0.562500
v 0.625000 2.562500 0.625000
v 0.625000 2.500000 0.625000
vn 1 0 0
f 5185//1297 5186//1297 5187//1297 5188//1297
v 0.625000 2.750000 0.250000
v 0.625000 3.250000 0.250000
v 0.625000 3.250000 0.437500
v 0.625000 2.750000 0.437500
vn 1 0 0
f 5189//1298 5190//1298 5191//1298 5192//1298
v 0.625000 2.812500 0.437500
v 0.625000 3.250000 0.437500
v 0.625000 3.250000 0.500000
v 0.625000 2.812500 0.500000
vn 1 0 0
f 5193//1299 5194//1299 5195//1299 5196//1299
v 0.625000 3.000000 -1.062500
v 0.625000 3.125000 -1.062500
v 0.625000 3.125000 -0.750000
v 0.625000 3.000000 -0.750000
vn 1 0 0
f 5197//1300 5198//1300 5199//1300 5200//1300
v 0.625000 3.000000 0.500000
v 0.625000 3.250000 0.500000
v 0.625000 3.250000 0.687500
v 0.625000 3.000000 0.687500
vn 1 0 0
f 5201//1301 5202//1301 5203//1301 5204//1301
v 0.625000 3.062500 0.687500
v 0.625000 3.187500 0.687500
v 0.625000 3.187500 0.750000
v 0.625000 3.062500 0.750000
vn 1 0 0
f 5205//1302 5206//1302 5207//1302 5208//1302
v 0.625000 3.125000 -1.000000
v 0.625000 3.312500 -1.000000
v 0.625000 3.312500 -0.750000
v 0.625000 3.125000 -0.750000
vn 1 0 0
f 5209//1303 5210//1303 5211//1303 5212//1303
v 0.625000 3.250000 -0.125000
v 0.625000 3.625000 -0.125000
v 0.625000 3.625000 -0.062500
v 0.625000 3.250000 -0.062500
vn 1 0 0
f 5213//1304 5214//1304 5215//1304 5216//1304
v 0.625000 3.250000 -0.062500
v 0.625000 3.562500 -0.062500
v 0.625000 3.562500 0.000000
v 0.625000 3.250000 0.000000
vn 1 0 0
f 5217//1305 5218//1305 5219//1305 5220//1305
v 0.625000 3.312500 -0.937500
v 0.625000 3.375000 -0.937500
v 0.625000 3.375000 -0.750000
v 0.625000 3.312500 -0.750000
vn 1 0 0
f 5221//1306 5222//1306 5223//1306 5224//1306
v 0.750000 2.875000 0.125000
v 0.750000 3.000000 0.125000
v 0.750000 3.000000 0.250000
v 0.750000 2.875000 0.250000
vn 1 0 0
f 5225//1307 5226//1307 5227//1307 5228//1307
v 0.812500 2.125000 0.312500
v 0.812500 2.187500 0.312500
v 0.812500 2.187500 0.375000
v 0.812500 2.125000 0.375000
vn 1 0 0
f 5229//1308 5230//1308 5231//1308 5232//1308
v 0.875000 2.125000 -0.125000
v 0.875000 2.250000 -0.125000
v 0.875000 2.250000 0.312500
v 0.875000 2.125000 0.312500
vn 1 0 0
f 5233//1309 5234//1309 5235//1309 5236//1309
v 0.875000 2.187500 0.312500
v 0.875000 2.250000 0.312500
v 0.875000 2.250000 0.375000
v 0.875000 2.187500 0.375000
vn 1 0 0
f 5237//1310 5238//1310 5239//1310 5240//1310
v 1.062500 3.125000 -0.750000
v 1.062500 3.187500 -0.750000
v 1.062500 3.187500 -0.687500
v 1.062500 3.125000 -0.687500
vn 1 0 0
f 5241//1311 5242//1311 5243//1311 5244//1311
v 1.062500 3.562500 -0.750000
v 1.062500 3.625000 -0.750000
v 1.062500 3.625000 -0.687500
v 1.062500 3.562500 -0.687500
vn 1 0 0
f 5245//1312 5246//1312 5247//1312 5248//1312
v 1.125000 3.125000 -0.687500
v 1.125000 3.625000 -0.687500
v 1.125000 3.625000 -0.625000
v 1.125000 3.125000 -0.625000
vn 1 0 0
f 5249//1313 5250//1313 5251//1313 5252//1313
v 1.125000 3.125000 -0.625000
v 1.125000 3.500000 -0.625000
v 1.125000 3.500000 -0.500000
v 1.125000 3.125000 -0.500000
vn 1 0 0
f 5253//1314 5254//1314 5255//1314 5256//1314
v 1.125000 3.125000 -0.500000
v 1.125000 3.375000 -0.500000
v 1.125000 3.375000 -0.375000
v 1.125000 3.125000 -0.375000
vn 1 0 0
f 5257//1315 5258//1315 5259//1315 5260//1315
v 1.125000 3.187500 -0.750000
v 1.125000 3.562500 -0.750000
v 1.125000 3.562500 -0.687500
v 1.125000 3.187500 -0.687500
vn 1 0 0
f 5261//1316 5262//1316 5263//1316 5264//1316
v 1.125000 3.250000 -0.375000
v 1.125000 3.375000 -0.375000
v 1.125000 3.375000 -0.250000
v 1.125000 3.250000 -0.250000
vn 1 0 0
f 5265//1317 5266//1317 5267//1317 5268//1317
v 1.187500 2.562500 -0.625000
v 1.187500 2.625000 -0.625000
v 1.187500 2.625000 -0.562500
v 1.187500 2.562500 -0.562500
vn 1 0 0
f 5269//1318 5270//1318 5271//1318 5272//1318
v 1.187500 3.375000 -0.500000
v 1.187500 3.500000 -0.500000
v 1.187500 3.500000 -0.437500
v 1.187500 3.375000 -0.437500
vn 1 0 0
f 5273//1319 5274//1319 5275//1319 5276//1319
v 1.187500 3.437500 -0.062500
v 1.187500 3.500000 -0.062500
v 1.187500 3.500000 0.000000
v 1.187500 3.437500 0.000000
vn 1 0 0
f 5277//1320 5278//1320 5279//1320 5280//1320
v 1.250000 2.125000 -0.250000
v 1.250000 2.500000 -0.250000
v 1.250000 2.500000 -0.125000
v 1.250000 2.125000 -0.125000
vn 1 0 0
f 5281//1321 5282//1321 5283//1321 5284//1321
v 1.250000 2.250000 -0.125000
v 1.250000 2.500000 -0.125000
v 1.250000 2.500000 0.000000
v 1.250000 2.250000 0.000000
vn 1 0 0
f 5285//1322 5286//1322 5287//1322 5288//1322
v 1.250000 2.500000 -0.625000
v 1.250000 2.562500 -0.625000
v 1.250000 2.562500 -0.250000
v 1.250000 2.500000 -0.250000
vn 1 0 0
f 5289//1323 5290//1323 5291//1323 5292//1323
v 1.250000 2.562500 -0.562500
v 1.250000 2.625000 -0.562500
v 1.250000 2.625000 -0.250000
v 1.250000 2.562500 -0.250000
vn 1 0 0
f 5293//1324 5294//1324 5295//1324 5296//1324
v 1.250000 3.375000 -0.437500
v 1.250000 3.500000 -0.437500
v 1.250000 3.500000 -0.062500
v 1.250000 3.375000 -0.062500
vn 1 0 0
f 5297//1325 5298//1325 5299//1325 5300//1325
v 1.250000 3.375000 -0.062500
v 1.250000 3.437500 -0.062500
v 1.250000 3.437500 0.000000
v 1.250000 3.375000 0.000000
vn 1 0 0
f 5301//1326 5302//1326 5303//1326 5304//1326
v 1.312500 2.437500 -0.750000
v 1.312500 2.500000 -0.750000
v 1.312500 2.500000 -0.687500
v 1.312500 2.437500 -0.687500
vn 1 0 0
f 5305//1327 5306//1327 5307//1327 5308//1327
v 1.312500 2.437500 -0.312500
v 1.312500 2.500000 -0.312500
v 1.312500 2.500000 -0.250000
v 1.312500 2.437500 -0.250000
vn 1 0 0
f 5309//1328 5310//1328 5311//1328 5312//1328
v 1.312500 3.312500 -0.250000
v 1.312500 3.375000 -0.250000
v 1.312500 3.375000 -0.187500
v 1.312500 3.312500 -0.187500
vn 1 0 0
f 5313//1329 5314//1329 5315//1329 5316//1329
v 1.312500 3.312500 0.062500
v 1.312500 3.375000 0.062500
v 1.312500 3.375000 0.125000
v 1.312500 3.312500 0.125000
vn 1 0 0
f 5317//1330 5318//1330 5319//1330 5320//1330
v 1.375000 2.375000 -0.750000
v 1.375000 2.437500 -0.750000
v 1.375000 2.437500 -0.250000
v 1.375000 2.375000 -0.250000
vn 1 0 0
f 5321//1331 5322//1331 5323//1331 5324//1331
v 1.375000 2.437500 -0.687500
v 1.375000 2.500000 -0.687500
v 1.375000 2.500000 -0.312500
v 1.375000 2.437500 -0.312500
vn 1 0 0
f 5325//1332 5326//1332 5327//1332 5328//1332
v 1.375000 3.250000 -0.250000
v 1.375000 3.312500 -0.250000
v 1.375000 3.312500 0.125000
v 1.375000 3.250000 0.125000
vn 1 0 0
f 5329//1333 5330//1333 5331//1333 5332//1333
v 1.375000 3.312500 -0.187500
v 1.375000 3.375000 -0.187500
v 1.375000 3.375000 0.062500
v 1.375000 3.312500 0.062500
vn 1 0 0
f 5333//1334 5334//1334 5335//1334 5336//1334
v 1.437500 2.125000 -0.750000
v 1.437500 2.187500 -0.750000
v 1.437500 2.187500 -0.687500
v 1.437500 2.125000 -0.687500
vn 1 0 0
f 5337//1335 5338//1335 5339//1335 5340//1335
v 1.437500 2.125000 -0.312500
v 1.437500 2.187500 -0.312500
v 1.437500 2.187500 -0.250000
v 1.437500 2.125000 -0.250000
vn 1 0 0
f 5341//1336 5342//1336 5343//1336 5344//1336
v 1.437500 2.312500 -0.750000
v 1.437500 2.375000 -0.750000
v 1.437500 2.375000 -0.687500
v 1.437500 2.312500 -0.687500
vn 1 0 0
f 5345//1337 5346//1337 5347//1337 5348//1337
v 1.437500 2.312500 -0.312500
v 1.437500 2.375000 -0.312500
v 1.437500 2.375000 -0.250000
v 1.437500 2.312500 -0.250000
vn 1 0 0
f 5349//1338 5350//1338 5351//1338 5352//1338
v 1.437500 2.500000 0.562500
v 1.437500 2.625000 0.562500
v 1.437500 2.625000 0.625000
v 1.437500 2.500000 0.625000
vn 1 0 0
f 5353//1339 5354//1339 5355//1339 5356//1339
v 1.437500 2.812500 0.312500
v 1.437500 2.875000 0.312500
v 1.437500 2.875000 0.375000
v 1.437500 2.812500 0.375000
vn 1 0 0
f 5357//1340 5358//1340 5359//1340 5360//1340
v 1.437500 3.000000 0.187500
v 1.437500 3.125000 0.187500
v 1.437500 3.125000 0.250000
v 1.437500 3.000000 0.250000
vn 1 0 0
f 5361//1341 5362//1341 5363//1341 5364//1341
v 1.437500 3.187500 -0.375000
v 1.437500 3.250000 -0.375000
v 1.437500 3.250000 -0.312500
v 1.437500 3.187500 -0.312500
vn 1 0 0
f 5365//1342 5366//1342 5367//1342 5368//1342
v 1.437500 3.187500 0.062500
v 1.437500 3.250000 0.062500
v 1.437500 3.250000 0.125000
v 1.437500 3.187500 0.125000
vn 1 0 0
f 5369//1343 5370//1343 5371//1343 5372//1343
v 1.500000 2.125000 -0.687500
v 1.500000 2.375000 -0.687500
v 1.500000 2.375000 -0.312500
v 1.500000 2.125000 -0.312500
vn 1 0 0
f 5373//1344 5374//1344 5375//1344 5376//1344
v 1.500000 2.187500 -0.750000
v 1.500000 2.312500 -0.750000
v 1.500000 2.312500 -0.687500
v 1.500000 2.187500 -0.687500
vn 1 0 0
f 5377//1345 5378//1345 5379//1345 5380//1345
v 1.500000 2.187500 -0.312500
v 1.500000 2.312500 -0.312500
v 1.500000 2.312500 -0.250000
v 1.500000 2.187500 -0.250000
vn 1 0 0
f 5381//1346 5382//1346 5383//1346 5384//1346
v 1.500000 2.500000 0.500000
v 1.500000 2.625000 0.500000
v 1.500000 2.625000 0.562500
v 1.500000 2.500000 0.562500
vn 1 0 0
f 5385//1347 5386//1347 5387//1347 5388//1347
v 1.500000 2.750000 0.125000
v 1.500000 2.875000 0.125000
v 1.500000 2.875000 0.312500
v 1.500000 2.750000 0.312500
vn 1 0 0
f 5389//1348 5390//1348 5391//1348 5392//1348
v 1.500000 2.750000 0.312500
v 1.500000 2.812500 0.312500
v 1.500000 2.812500 0.375000
v 1.500000 2.750000 0.375000
vn 1 0 0
f 5393//1349 5394//1349 5395//1349 5396//1349
v 1.500000 2.875000 -0.125000
v 1.500000 3.250000 -0.125000
v 1.500000 3.250000 0.062500
v 1.500000 2.875000 0.062500
vn 1 0 0
f 5397//1350 5398//1350 5399//1350 5400//1350
v 1.500000 2.875000 0.062500
v 1.500000 3.187500 0.062500
v 1.500000 3.187500 0.125000
v 1.500000 2.875000 0.125000
vn 1 0 0
f 5401//1351 5402//1351 5403//1351 5404//1351
v 1.500000 3.000000 0.125000
v 1.500000 3.125000 0.125000
v 1.500000 3.125000 0.187500
v 1.500000 3.000000 0.187500
vn 1 0 0
f 5405//1352 5406//1352 5407//1352 5408//1352
v 1.500000 3.125000 -0.375000
v 1.500000 3.187500 -0.375000
v 1.500000 3.187500 -0.125000
v 1.500000 3.125000 -0.125000
vn 1 0 0
f 5409//1353 5410//1353 5411//1353 5412//1353
v 1.500000 3.187500 -0.312500
v 1.500000 3.250000 -0.312500
v 1.500000 3.250000 -0.125000
v 1.500000 3.187500 -0.125000
vn 1 0 0
f 5413//1354 5414//1354 5415//1354 5416//1354
v 1.562500 2.500000 -0.250000
v 1.562500 2.625000 -0.250000
v 1.562500 2.625000 -0.187500
v 1.562500 2.500000 -0.187500
vn 1 0 0
f 5417//1355 5418//1355 5419//1355 5420//1355
v 1.562500 2.500000 0.437500
v 1.562500 2.562500 0.437500
v 1.562500 2.562500 0.500000
v 1.562500 2.500000 0.500000
vn 1 0 0
f 5421//1356 5422//1356 5423//1356 5424//1356
v 1.562500 2.687500 0.437500
v 1.562500 2.750000 0.437500
v 1.562500 2.750000 0.500000
v 1.562500 2.687500 0.500000
vn 1 0 0
f 5425//1357 5426//1357 5427//1357 5428//1357
v 1.562500 2.937500 -0.625000
v 1.562500 3.000000 -0.625000
v 1.562500 3.000000 -0.562500
v 1.562500 2.937500 -0.562500
vn 1 0 0
f 5429//1358 5430//1358 5431//1358 5432//1358
v 1.562500 3.062500 -0.500000
v 1.562500 3.125000 -0.500000
v 1.562500 3.125000 -0.437500
v 1.562500 3.062500 -0.437500
vn 1 0 0
f 5433//1359 5434//1359 5435//1359 5436//1359
v 1.562500 3.062500 -0.187500
v 1.562500 3.125000 -0.187500
v 1.562500 3.125000 -0.125000
v 1.562500 3.062500 -0.125000
vn 1 0 0
f 5437//1360 5438//1360 5439//1360 5440//1360
v 1.625000 2.500000 -0.187500
v 1.625000 2.625000 -0.187500
v 1.625000 2.625000 0.437500
v 1.625000 2.500000 0.437500
vn 1 0 0
f 5441//1361 5442//1361 5443//1361 5444//1361
v 1.625000 2.562500 0.437500
v 1.625000 2.687500 0.437500
v 1.625000 2.687500 0.500000
v 1.625000 2.562500 0.500000
vn 1 0 0
f 5445//1362 5446//1362 5447//1362 5448//1362
v 1.625000 2.625000 -0.125000
v 1.625000 2.750000 -0.125000
v 1.625000 2.750000 0.437500
v 1.625000 2.625000 0.437500
vn 1 0 0
f 5449//1363 5450//1363 5451//1363 5452//1363
v 1.625000 2.875000 -0.625000
v 1.625000 2.937500 -0.625000
v 1.625000 2.937500 -0.125000
v 1.625000 2.875000 -0.125000
vn 1 0 0
f 5453//1364 5454//1364 5455//1364 5456//1364
v 1.625000 2.937500 -0.562500
v 1.625000 3.000000 -0.562500
v 1.625000 3.000000 -0.125000
v 1.625000 2.937500 -0.125000
vn 1 0 0
f 5457//1365 5458//1365 5459//1365 5460//1365
v 1.625000 3.000000 -0.500000
v 1.625000 3.062500 -0.500000
v 1.625000 3.062500 -0.125000
v 1.625000 3.000000 -0.125000
vn 1 0 0
f 5461//1366 5462//1366 5463//1366 5464//1366
v 1.625000 3.062500 -0.437500
v 1.625000 3.125000 -0.437500
v 1.625000 3.125000 -0.187500
v 1.625000 3.062500 -0.187500
vn 1 0 0
f 5465//1367 5466//1367 5467//1367 5468//1367
g palette_3
usemtl palette_3
v -2.000000 2.500000 0.437500
v -2.000000 2.625000 0.437500
v -2.000000 2.625000 0.250000
v -2.000000 2.500000 0.250000
vn -1 0 0
f 5469//1368 5470//1368 5471//1368 5472//1368
v -1.937500 2.500000 0.500000
v -1.937500 2.625000 0.500000
v -1.937500 2.625000 0.437500
v -1.937500 2.500000 0.437500
vn -1 0 0
f 5473//1369 5474//1369 5475//1369 5476//1369
v -1.875000 2.375000 0.312500
v -1.875000 2.500000 0.312500
v -1.875000 2.500000 -0.062500
v -1.875000 2.375000 -0.062500
vn -1 0 0
f 5477//1370 5478//1370 5479//1370 5480//1370
v -1.875000 2.437500 -0.062500
v -1.875000 2.500000 -0.062500
v -1.875000 2.500000 -0.125000
v -1.875000 2.437500 -0.125000
vn -1 0 0
f 5481//1371 5482//1371 5483//1371 5484//1371
v -1.875000 2.437500 0.375000
v -1.875000 2.500000 0.375000
v -1.875000 2.500000 0.312500
v -1.875000 2.437500 0.312500
vn -1 0 0
f 5485//1372 5486//1372 5487//1372 5488//1372
v -1.812500 2.375000 -0.062500
v -1.812500 2.437500 -0.062500
v -1.812500 2.437500 -0.125000
v -1.812500 2.375000 -0.125000
vn -1 0 0
f 5489//1373 5490//1373 5491//1373 5492//1373
v -1.812500 2.375000 0.375000
v -1.812500 2.437500 0.375000
v -1.812500 2.437500 0.312500
v -1.812500 2.375000 0.312500
vn -1 0 0
f 5493//1374 5494//1374 5495//1374 5496//1374
v -1.625000 1.875000 0.187500
v -1.625000 2.000000 0.187500
v -1.625000 2.000000 -0.187500
v -1.625000 1.875000 -0.187500
vn -1 0 0
f 5497//1375 5498//1375 5499//1375 5500//1375
v -1.625000 1.937500 -0.187500
v -1.625000 2.000000 -0.187500
v -1.625000 2.000000 -0.250000
v -1.625000 1.937500 -0.250000
vn -1 0 0
f 5501//1376 5502//1376 5503//1376 5504//1376
v -1.625000 1.937500 0.250000
v -1.625000 2.000000 0.250000
v -1.625000 2.000000 0.187500
v -1.625000 1.937500 0.187500
vn -1 0 0
f 5505//1377 5506//1377 5507//1377 5508//1377
v -1.562500 1.875000 -0.187500
v -1.562500 1.937500 -0.187500
v -1.562500 1.937500 -0.250000
v -1.562500 1.875000 -0.250000
vn -1 0 0
f 5509//1378 5510//1378 5511//1378 5512//1378
v -1.562500 1.875000 0.250000
v -1.562500 1.937500 0.250000
v -1.562500 1.937500 0.187500
v -1.562500 1.875000 0.187500
vn -1 0 0
f 5513//1379 5514//1379 5515//1379 5516//1379
v -1.500000 2.000000 -0.375000
v -1.500000 2.125000 -0.375000
v -1.500000 2.125000 -0.687500
v -1.500000 2.000000 -0.687500
vn -1 0 0
f 5517//1380 5518//1380 5519//1380 5520//1380
v -1.500000 2.062500 -0.687500
v -1.500000 2.125000 -0.687500
v -1.500000 2.125000 -0.750000
v -1.500000 2.062500 -0.750000
vn -1 0 0
f 5521//1381 5522//1381 5523//1381 5524//1381
v -1.500000 2.625000 -0.250000
v -1.500000 2.875000 -0.250000
v -1.500000 2.875000 -0.562500
v -1.500000 2.625000 -0.562500
vn -1 0 0
f 5525//1382 5526//1382 5527//1382 5528//1382
v -1.500000 2.687500 -0.562500
v -1.500000 2.875000 -0.562500
v -1.500000 2.875000 -0.625000
v -1.500000 2.687500 -0.625000
vn -1 0 0
f 5529//1383 5530//1383 5531//1383 5532//1383
v -1.500000 2.750000 -0.625000
v -1.500000 2.875000 -0.625000
v -1.500000 2.875000 -0.687500
v -1.500000 2.750000 -0.687500
vn -1 0 0
f 5533//1384 5534//1384 5535//1384 5536//1384
v -1.500000 2.812500 -0.687500
v -1.500000 2.875000 -0.687500
v -1.500000 2.875000 -0.750000
v -1.500000 2.812500 -0.750000
vn -1 0 0
f 5537//1385 5538//1385 5539//1385 5540//1385
v -1.437500 2.000000 -0.687500
v -1.437500 2.062500 -0.687500
v -1.437500 2.062500 -0.750000
v -1.437500 2.000000 -0.750000
vn -1 0 0
f 5541//1386 5542//1386 5543//1386 5544//1386
v -1.437500 2.625000 -0.562500
v -1.437500 2.687500 -0.562500
v -1.437500 2.687500 -0.625000
v -1.437500 2.625000 -0.625000
vn -1 0 0
f 5545//1387 5546//1387 5547//1387 5548//1387
v -1.437500 2.750000 -0.687500
v -1.437500 2.812500 -0.687500
v -1.437500 2.812500 -0.750000
v -1.437500 2.750000 -0.750000
vn -1 0 0
f 5549//1388 5550//1388 5551//1388 5552//1388
v -1.250000 2.375000 0.562500
v -1.250000 2.500000 0.562500
v -1.250000 2.500000 0.250000
v -1.250000 2.375000 0.250000
vn -1 0 0
f 5553//1389 5554//1389 5555//1389 5556//1389
v -1.250000 2.437500 0.625000
v -1.250000 2.500000 0.625000
v -1.250000 2.500000 0.562500
v -1.250000 2.437500 0.562500
vn -1 0 0
f 5557//1390 5558//1390 5559//1390 5560//1390
v -1.250000 3.000000 -0.625000
v -1.250000 3.125000 -0.625000
v -1.250000 3.125000 -0.750000
v -1.250000 3.000000 -0.750000
vn -1 0 0
f 5561//1391 5562//1391 5563//1391 5564//1391
v -1.187500 2.375000 0.625000
v -1.187500 2.437500 0.625000
v -1.187500 2.437500 0.562500
v -1.187500 2.375000 0.562500
vn -1 0 0
f 5565//1392 5566//1392 5567//1392 5568//1392
v -1.125000 2.250000 0.437500
v -1.125000 2.375000 0.437500
v -1.125000 2.375000 0.250000
v -1.125000 2.250000 0.250000
vn -1 0 0
f 5569//1393 5570//1393 5571//1393 5572//1393
v -1.125000 2.312500 0.500000
v -1.125000 2.375000 0.500000
v -1.125000 2.375000 0.437500
v -1.125000 2.312500 0.437500
vn -1 0 0
f 5573//1394 5574//1394 5575//1394 5576//1394
v -1.062500 2.250000 0.500000
v -1.062500 2.312500 0.500000
v -1.062500 2.312500 0.437500
v -1.062500 2.250000 0.437500
vn -1 0 0
f 5577//1395 5578//1395 5579//1395 5580//1395
v -1.000000 2.875000 0.250000
v -1.000000 3.000000 0.250000
v -1.000000 3.000000 0.000000
v -1.000000 2.875000 0.000000
vn -1 0 0
f 5581//1396 5582//1396 5583//1396 5584//1396
v -0.875000 2.000000 0.312500
v -0.875000 2.125000 0.312500
v -0.875000 2.125000 -0.125000
v -0.875000 2.000000 -0.125000
vn -1 0 0
f 5585//1397 5586//1397 5587//1397 5588//1397
v -0.875000 2.062500 0.375000
v -0.875000 2.125000 0.375000
v -0.875000 2.125000 0.312500
v -0.875000 2.062500 0.312500
vn -1 0 0
f 5589//1398 5590//1398 5591//1398 5592//1398
v -0.875000 2.500000 -0.750000
v -0.875000 2.625000 -0.750000
v -0.875000 2.625000 -0.812500
v -0.875000 2.500000 -0.812500
vn -1 0 0
f 5593//1399 5594//1399 5595//1399 5596//1399
v -0.875000 2.562500 -0.812500
v -0.875000 2.625000 -0.812500
v -0.875000 2.625000 -0.875000
v -0.875000 2.562500 -0.875000
vn -1 0 0
f 5597//1400 5598//1400 5599//1400 5600//1400
v -0.875000 2.625000 0.812500
v -0.875000 2.750000 0.812500
v -0.875000 2.750000 0.750000
v -0.875000 2.625000 0.750000
vn -1 0 0
f 5601//1401 5602//1401 5603//1401 5604//1401
v -0.875000 2.687500 0.875000
v -0.875000 2.750000 0.875000
v -0.875000 2.750000 0.812500
v -0.875000 2.687500 0.812500
vn -1 0 0
f 5605//1402 5606//1402 5607//1402 5608//1402
v -0.875000 2.750000 0.125000
v -0.875000 2.875000 0.125000
v -0.875000 2.875000 0.000000
v -0.875000 2.750000 0.000000
vn -1 0 0
f 5609//1403 5610//1403 5611//1403 5612//1403
v -0.812500 2.000000 0.375000
v -0.812500 2.062500 0.375000
v -0.812500 2.062500 0.312500
v -0.812500 2.000000 0.312500
vn -1 0 0
f 5613//1404 5614//1404 5615//1404 5616//1404
v -0.812500 2.500000 -0.812500
v -0.812500 2.562500 -0.812500
v -0.812500 2.562500 -0.875000
v -0.812500 2.500000 -0.875000
vn -1 0 0
f 5617//1405 5618//1405 5619//1405 5620//1405
v -0.812500 2.625000 0.875000
v -0.812500 2.687500 0.875000
v -0.812500 2.687500 0.812500
v -0.812500 2.625000 0.812500
vn -1 0 0
f 5621//1406 5622//1406 5623//1406 5624//1406
v -0.750000 2.500000 0.812500
v -0.750000 2.625000 0.812500
v -0.750000 2.625000 0.750000
v -0.750000 2.500000 0.750000
vn -1 0 0
f 5625//1407 5626//1407 5627//1407 5628//1407
v -0.750000 2.562500 0.875000
v -0.750000 2.625000 0.875000
v -0.750000 2.625000 0.812500
v -0.750000 2.562500 0.812500
vn -1 0 0
f 5629//1408 5630//1408 5631//1408 5632//1408
v -0.687500 2.500000 0.875000
v -0.687500 2.562500 0.875000
v -0.687500 2.562500 0.812500
v -0.687500 2.500000 0.812500
vn -1 0 0
f 5633//1409 5634//1409 5635//1409 5636//1409
v -0.375000 2.437500 0.875000
v -0.375000 2.500000 0.875000
v -0.375000 2.500000 0.750000
v -0.375000 2.437500 0.750000
vn -1 0 0
f 5637//1410 5638//1410 5639//1410 5640//1410
v -0.312500 2.375000 0.875000
v -0.312500 2.437500 0.875000
v -0.312500 2.437500 0.750000
v -0.312500 2.375000 0.750000
vn -1 0 0
f 5641//1411 5642//1411 5643//1411 5644//1411
v -0.250000 2.875000 -0.875000
v -0.250000 3.000000 -0.875000
v -0.250000 3.000000 -1.000000
v -0.250000 2.875000 -1.000000
vn -1 0 0
f 5645//1412 5646//1412 5647//1412 5648//1412
v -0.125000 3.125000 -0.250000
v -0.125000 3.250000 -0.250000
v -0.125000 3.250000 -0.437500
v -0.125000 3.125000 -0.437500
vn -1 0 0
f 5649//1413 5650//1413 5651//1413 5652//1413
v -0.125000 3.125000 0.250000
v -0.125000 3.250000 0.250000
v -0.125000 3.250000 0.000000
v -0.125000 3.125000 0.000000
vn -1 0 0
f 5653//1414 5654//1414 5655//1414 5656//1414
v -0.125000 3.187500 -0.437500
v -0.125000 3.250000 -0.437500
v -0.125000 3.250000 -0.500000
v -0.125000 3.187500 -0.500000
vn -1 0 0
f 5657//1415 5658//1415 5659//1415 5660//1415
v -0.062500 3.125000 -0.437500
v -0.062500 3.187500 -0.437500
v -0.062500 3.187500 -0.500000
v -0.062500 3.125000 -0.500000
vn -1 0 0
f 5661//1416 5662//1416 5663//1416 5664//1416
v 0.000000 2.000000 0.562500
v 0.000000 2.125000 0.562500
v 0.000000 2.125000 0.375000
v 0.000000 2.000000 0.375000
vn -1 0 0
f 5665//1417 5666//1417 5667//1417 5668//1417
v 0.000000 2.062500 0.625000
v 0.000000 2.125000 0.625000
v 0.000000 2.125000 0.562500
v 0.000000 2.062500 0.562500
vn -1 0 0
f 5669//1418 5670//1418 5671//1418 5672//1418
v 0.000000 2.375000 0.750000
v 0.000000 2.500000 0.750000
v 0.000000 2.500000 0.375000
v 0.000000 2.375000 0.375000
vn -1 0 0
f 5673//1419 5674//1419 5675//1419 5676//1419
v 0.000000 2.500000 0.250000
v 0.000000 2.750000 0.250000
v 0.000000 2.750000 -0.062500
v 0.000000 2.500000 -0.062500
vn -1 0 0
f 5677//1420 5678//1420 5679//1420 5680//1420
v 0.000000 2.562500 -0.062500
v 0.000000 2.750000 -0.062500
v 0.000000 2.750000 -0.125000
v 0.000000 2.562500 -0.125000
vn -1 0 0
f 5681//1421 5682//1421 5683//1421 5684//1421
v 0.000000 3.000000 0.000000
v 0.000000 3.125000 0.000000
v 0.000000 3.125000 -0.125000
v 0.000000 3.000000 -0.125000
vn -1 0 0
f 5685//1422 5686//1422 5687//1422 5688//1422
v 0.062500 2.000000 0.625000
v 0.062500 2.062500 0.625000
v 0.062500 2.062500 0.562500
v 0.062500 2.000000 0.562500
vn -1 0 0
f 5689//1423 5690//1423 5691//1423 5692//1423
v 0.062500 2.500000 -0.062500
v 0.062500 2.562500 -0.062500
v 0.062500 2.562500 -0.125000
v 0.062500 2.500000 -0.125000
vn -1 0 0
f 5693//1424 5694//1424 5695//1424 5696//1424
v 0.375000 2.375000 0.000000
v 0.375000 2.500000 0.000000
v 0.375000 2.500000 -0.312500
v 0.375000 2.375000 -0.312500
vn -1 0 0
f 5697//1425 5698//1425 5699//1425 5700//1425
v 0.375000 2.437500 -0.312500
v 0.375000 2.500000 -0.312500
v 0.375000 2.500000 -0.375000
v 0.375000 2.437500 -0.375000
vn -1 0 0
f 5701//1426 5702//1426 5703//1426 5704//1426
v 0.437500 2.375000 -0.312500
v 0.437500 2.437500 -0.312500
v 0.437500 2.437500 -0.375000
v 0.437500 2.375000 -0.375000
vn -1 0 0
f 5705//1427 5706//1427 5707//1427 5708//1427
v 0.625000 2.000000 -0.125000
v 0.625000 2.125000 -0.125000
v 0.625000 2.125000 -0.687500
v 0.625000 2.000000 -0.687500
vn -1 0 0
f 5709//1428 5710//1428 5711//1428 5712//1428
v 0.625000 2.062500 -0.687500
v 0.625000 2.125000 -0.687500
v 0.625000 2.125000 -0.750000
v 0.625000 2.062500 -0.750000
vn -1 0 0
f 5713//1429 5714//1429 5715//1429 5716//1429
v 0.687500 2.000000 -0.687500
v 0.687500 2.062500 -0.687500
v 0.687500 2.062500 -0.750000
v 0.687500 2.000000 -0.750000
vn -1 0 0
f 5717//1430 5718//1430 5719//1430 5720//1430
v 0.750000 2.250000 0.437500
v 0.750000 2.375000 0.437500
v 0.750000 2.375000 0.375000
v 0.750000 2.250000 0.375000
vn -1 0 0
f 5721//1431 5722//1431 5723//1431 5724//1431
v 0.750000 2.312500 0.500000
v 0.750000 2.375000 0.500000
v 0.750000 2.375000 0.437500
v 0.750000 2.312500 0.437500
vn -1 0 0
f 5725//1432 5726//1432 5727//1432 5728//1432
v 0.812500 2.250000 0.500000
v 0.812500 2.312500 0.500000
v 0.812500 2.312500 0.437500
v 0.812500 2.250000 0.437500
vn -1 0 0
f 5729//1433 5730//1433 5731//1433 5732//1433
v 0.875000 2.750000 -0.375000
v 0.875000 2.875000 -0.375000
v 0.875000 2.875000 -0.562500
v 0.875000 2.750000 -0.562500
vn -1 0 0
f 5733//1434 5734//1434 5735//1434 5736//1434
v 0.875000 2.812500 -0.562500
v 0.875000 2.875000 -0.562500
v 0.875000 2.875000 -0.625000
v 0.875000 2.812500 -0.625000
vn -1 0 0
f 5737//1435 5738//1435 5739//1435 5740//1435
v 0.937500 2.750000 -0.562500
v 0.937500 2.812500 -0.562500
v 0.937500 2.812500 -0.625000
v 0.937500 2.750000 -0.625000
vn -1 0 0
f 5741//1436 5742//1436 5743//1436 5744//1436
v -1.562500 1.875000 -0.250000
v -1.187500 1.875000 -0.250000
v -1.187500 1.875000 0.250000
v -1.562500 1.875000 0.250000
vn 0 -1 0
f 5745//1437 5746//1437 5747//1437 5748//1437
v -1.625000 1.875000 -0.187500
v -1.562500 1.875000 -0.187500
v -1.562500 1.875000 0.187500
v -1.625000 1.875000 0.187500
vn 0 -1 0
f 5749//1438 5750//1438 5751//1438 5752//1438
v -1.187500 1.875000 -0.187500
v -1.125000 1.875000 -0.187500
v -1.125000 1.875000 0.187500
v -1.187500 1.875000 0.187500
vn 0 -1 0
f 5753//1439 5754//1439 5755//1439 5756//1439
v -1.625000 1.937500 -0.250000
v -1.562500 1.937500 -0.250000
v -1.562500 1.937500 -0.187500
v -1.625000 1.937500 -0.187500
vn 0 -1 0
f 5757//1440 5758//1440 5759//1440 5760//1440
v -1.187500 1.937500 -0.250000
v -1.125000 1.937500 -0.250000
v -1.125000 1.937500 -0.187500
v -1.187500 1.937500 -0.187500
vn 0 -1 0
f 5761//1441 5762//1441 5763//1441 5764//1441
v -1.625000 1.937500 0.187500
v -1.562500 1.937500 0.187500
v -1.562500 1.937500 0.250000
v -1.625000 1.937500 0.250000
vn 0 -1 0
f 5765//1442 5766//1442 5767//1442 5768//1442
v -1.187500 1.937500 0.187500
v -1.125000 1.937500 0.187500
v -1.125000 1.937500 0.250000
v -1.187500 1.937500 0.250000
vn 0 -1 0
f 5769//1443 5770//1443 5771//1443 5772//1443
v -1.437500 2.000000 -0.750000
v -0.812500 2.000000 -0.750000
v -0.812500 2.000000 -0.250000
v -1.437500 2.000000 -0.250000
vn 0 -1 0
f 5773//1444 5774//1444 5775//1444 5776//1444
v 0.687500 2.000000 -0.750000
v 0.750000 2.000000 -0.750000
v 0.750000 2.000000 0.562500
v 0.687500 2.000000 0.562500
vn 0 -1 0
f 5777//1445 5778//1445 5779//1445 5780//1445
v 0.750000 2.000000 -0.750000
v 1.312500 2.000000 -0.750000
v 1.312500 2.000000 -0.125000
v 0.750000 2.000000 -0.125000
vn 0 -1 0
f 5781//1446 5782//1446 5783//1446 5784//1446
v -1.500000 2.000000 -0.687500
v -1.437500 2.000000 -0.687500
v -1.437500 2.000000 -0.250000
v -1.500000 2.000000 -0.250000
vn 0 -1 0
f 5785//1447 5786//1447 5787//1447 5788//1447
v -0.812500 2.000000 -0.687500
v -0.750000 2.000000 -0.687500
v -0.750000 2.000000 0.375000
v -0.812500 2.000000 0.375000
vn 0 -1 0
f 5789//1448 5790//1448 5791//1448 5792//1448
v 0.625000 2.000000 -0.687500
v 0.687500 2.000000 -0.687500
v 0.687500 2.000000 0.625000
v 0.625000 2.000000 0.625000
vn 0 -1 0
f 5793//1449 5794//1449 5795//1449 5796//1449
v 1.312500 2.000000 -0.687500
v 1.375000 2.000000 -0.687500
v 1.375000 2.000000 -0.187500
v 1.312500 2.000000 -0.187500
vn 0 -1 0
f 5797//1450 5798//1450 5799//1450 5800//1450
v -1.125000 2.000000 -0.250000
v -0.812500 2.000000 -0.250000
v -0.812500 2.000000 -0.125000
v -1.125000 2.000000 -0.125000
vn 0 -1 0
f 5801//1451 5802//1451 5803//1451 5804//1451
v -0.875000 2.000000 -0.125000
v -0.812500 2.000000 -0.125000
v -0.812500 2.000000 0.312500
v -0.875000 2.000000 0.312500
vn 0 -1 0
f 5805//1452 5806//1452 5807//1452 5808//1452
v -0.750000 2.000000 -0.125000
v -0.187500 2.000000 -0.125000
v -0.187500 2.000000 0.375000
v -0.750000 2.000000 0.375000
vn 0 -1 0
f 5809//1453 5810//1453 5811//1453 5812//1453
v -0.187500 2.000000 -0.125000
v -0.125000 2.000000 -0.125000
v -0.125000 2.000000 0.312500
v -0.187500 2.000000 0.312500
vn 0 -1 0
f 5813//1454 5814//1454 5815//1454 5816//1454
v 0.250000 2.000000 -0.125000
v 0.625000 2.000000 -0.125000
v 0.625000 2.000000 0.625000
v 0.250000 2.000000 0.625000
vn 0 -1 0
f 5817//1455 5818//1455 5819//1455 5820//1455
v -1.125000 2.000000 0.000000
v -1.062500 2.000000 0.000000
v -1.062500 2.000000 0.250000
v -1.125000 2.000000 0.250000
vn 0 -1 0
f 5821//1456 5822//1456 5823//1456 5824//1456
v -1.062500 2.000000 0.000000
v -1.000000 2.000000 0.000000
v -1.000000 2.000000 0.187500
v -1.062500 2.000000 0.187500
vn 0 -1 0
f 5825//1457 5826//1457 5827//1457 5828//1457
v 0.125000 2.000000 0.000000
v 0.250000 2.000000 0.000000
v 0.250000 2.000000 0.625000
v 0.125000 2.000000 0.625000
vn 0 -1 0
f 5829//1458 5830//1458 5831//1458 5832//1458
v 0.000000 2.000000 0.375000
v 0.125000 2.000000 0.375000
v 0.125000 2.000000 0.562500
v 0.000000 2.000000 0.562500
vn 0 -1 0
f 5833//1459 5834//1459 5835//1459 5836//1459
v 0.062500 2.000000 0.562500
v 0.125000 2.000000 0.562500
v 0.125000 2.000000 0.625000
v 0.062500 2.000000 0.625000
vn 0 -1 0
f 5837//1460 5838//1460 5839//1460 5840//1460
v -1.500000 2.062500 -0.750000
v -1.437500 2.062500 -0.750000
v -1.437500 2.062500 -0.687500
v -1.500000 2.062500 -0.687500
vn 0 -1 0
f 5841//1461 5842//1461 5843//1461 5844//1461
v -0.812500 2.062500 -0.750000
v -0.750000 2.062500 -0.750000
v -0.750000 2.062500 -0.687500
v -0.812500 2.062500 -0.687500
vn 0 -1 0
f 5845//1462 5846//1462 5847//1462 5848//1462
v 0.625000 2.062500 -0.750000
v 0.687500 2.062500 -0.750000
v 0.687500 2.062500 -0.687500
v 0.625000 2.062500 -0.687500
vn 0 -1 0
f 5849//1463 5850//1463 5851//1463 5852//1463
v 1.312500 2.062500 -0.750000
v 1.375000 2.062500 -0.750000
v 1.375000 2.062500 -0.687500
v 1.312500 2.062500 -0.687500
vn 0 -1 0
f 5853//1464 5854//1464 5855//1464 5856//1464
v -0.875000 2.062500 0.312500
v -0.812500 2.062500 0.312500
v -0.812500 2.062500 0.375000
v -0.875000 2.062500 0.375000
vn 0 -1 0
f 5857//1465 5858//1465 5859//1465 5860//1465
v 0.000000 2.062500 0.562500
v 0.062500 2.062500 0.562500
v 0.062500 2.062500 0.625000
v 0.000000 2.062500 0.625000
vn 0 -1 0
f 5861//1466 5862//1466 5863//1466 5864//1466
v -1.125000 2.250000 0.000000
v -1.000000 2.250000 0.000000
v -1.000000 2.250000 0.437500
v -1.125000 2.250000 0.437500
vn 0 -1 0
f 5865//1467 5866//1467 5867//1467 5868//1467
v 0.875000 2.250000 0.000000
v 1.187500 2.250000 0.000000
v 1.187500 2.250000 0.500000
v 0.875000 2.250000 0.500000
vn 0 -1 0
f 5869//1468 5870//1468 5871//1468 5872//1468
v 1.187500 2.250000 0.000000
v 1.250000 2.250000 0.000000
v 1.250000 2.250000 0.437500
v 1.187500 2.250000 0.437500
vn 0 -1 0
f 5873//1469 5874//1469 5875//1469 5876//1469
v -1.000000 2.250000 0.375000
v -0.687500 2.250000 0.375000
v -0.687500 2.250000 0.500000
v -1.000000 2.250000 0.500000
vn 0 -1 0
f 5877//1470 5878//1470 5879//1470 5880//1470
v -0.687500 2.250000 0.375000
v -0.625000 2.250000 0.375000
v -0.625000 2.250000 0.437500
v -0.687500 2.250000 0.437500
vn 0 -1 0
f 5881//1471 5882//1471 5883//1471 5884//1471
v 0.750000 2.250000 0.375000
v 0.875000 2.250000 0.375000
v 0.875000 2.250000 0.437500
v 0.750000 2.250000 0.437500
vn 0 -1 0
f 5885//1472 5886//1472 5887//1472 5888//1472
v -1.062500 2.250000 0.437500
v -1.000000 2.250000 0.437500
v -1.000000 2.250000 0.500000
v -1.062500 2.250000 0.500000
vn 0 -1 0
f 5889//1473 5890//1473 5891//1473 5892//1473
v 0.812500 2.250000 0.437500
v 0.875000 2.250000 0.437500
v 0.875000 2.250000 0.500000
v 0.812500 2.250000 0.500000
vn 0 -1 0
f 5893//1474 5894//1474 5895//1474 5896//1474
v -1.125000 2.312500 0.437500
v -1.062500 2.312500 0.437500
v -1.062500 2.312500 0.500000
v -1.125000 2.312500 0.500000
vn 0 -1 0
f 5897//1475 5898//1475 5899//1475 5900//1475
v -0.687500 2.312500 0.437500
v -0.625000 2.312500 0.437500
v -0.625000 2.312500 0.500000
v -0.687500 2.312500 0.500000
vn 0 -1 0
f 5901//1476 5902//1476 5903//1476 5904//1476
v 0.750000 2.312500 0.437500
v 0.812500 2.312500 0.437500
v 0.812500 2.312500 0.500000
v 0.750000 2.312500 0.500000
vn 0 -1 0
f 5905//1477 5906//1477 5907//1477 5908//1477
v 1.187500 2.312500 0.437500
v 1.250000 2.312500 0.437500
v 1.250000 2.312500 0.500000
v 1.187500 2.312500 0.500000
vn 0 -1 0
f 5909//1478 5910//1478 5911//1478 5912//1478
v 0.437500 2.375000 -0.375000
v 0.500000 2.375000 -0.375000
v 0.500000 2.375000 -0.250000
v 0.437500 2.375000 -0.250000
vn 0 -1 0
f 5913//1479 5914//1479 5915//1479 5916//1479
v 0.375000 2.375000 -0.312500
v 0.437500 2.375000 -0.312500
v 0.437500 2.375000 -0.250000
v 0.375000 2.375000 -0.250000
vn 0 -1 0
f 5917//1480 5918//1480 5919//1480 5920//1480
v -1.812500 2.375000 -0.125000
v -1.750000 2.375000 -0.125000
v -1.750000 2.375000 0.375000
v -1.812500 2.375000 0.375000
vn 0 -1 0
f 5921//1481 5922//1481 5923//1481 5924//1481
v 0.375000 2.375000 -0.125000
v 0.500000 2.375000 -0.125000
v 0.500000 2.375000 0.000000
v 0.375000 2.375000 0.000000
vn 0 -1 0
f 5925//1482 5926//1482 5927//1482 5928//1482
v -1.875000 2.375000 -0.062500
v -1.812500 2.375000 -0.062500
v -1.812500 2.375000 0.312500
v -1.875000 2.375000 0.312500
vn 0 -1 0
f 5929//1483 5930//1483 5931//1483 5932//1483
v 1.250000 2.375000 0.000000
v 1.312500 2.375000 0.000000
v 1.312500 2.375000 0.625000
v 1.250000 2.375000 0.625000
vn 0 -1 0
f 5933//1484 5934//1484 5935//1484 5936//1484
v 1.312500 2.375000 0.062500
v 1.375000 2.375000 0.062500
v 1.375000 2.375000 0.562500
v 1.312500 2.375000 0.562500
vn 0 -1 0
f 5937//1485 5938//1485 5939//1485 5940//1485
v -1.750000 2.375000 0.250000
v -1.437500 2.375000 0.250000
v -1.437500 2.375000 0.375000
v -1.750000 2.375000 0.375000
vn 0 -1 0
f 5941//1486 5942//1486 5943//1486 5944//1486
v -1.437500 2.375000 0.250000
v -1.375000 2.375000 0.250000
v -1.375000 2.375000 0.312500
v -1.437500 2.375000 0.312500
vn 0 -1 0
f 5945//1487 5946//1487 5947//1487 5948//1487
v -1.250000 2.375000 0.250000
v -1.125000 2.375000 0.250000
v -1.125000 2.375000 0.562500
v -1.250000 2.375000 0.562500
vn 0 -1 0
f 5949//1488 5950//1488 5951//1488 5952//1488
v -0.625000 2.375000 0.375000
v -0.562500 2.375000 0.375000
v -0.562500 2.375000 0.625000
v -0.625000 2.375000 0.625000
vn 0 -1 0
f 5953//1489 5954//1489 5955//1489 5956//1489
v -0.562500 2.375000 0.375000
v -0.500000 2.375000 0.375000
v -0.500000 2.375000 0.562500
v -0.562500 2.375000 0.562500
vn 0 -1 0
f 5957//1490 5958//1490 5959//1490 5960//1490
v 0.625000 2.375000 0.375000
v 0.750000 2.375000 0.375000
v 0.750000 2.375000 0.625000
v 0.625000 2.375000 0.625000
vn 0 -1 0
f 5961//1491 5962//1491 5963//1491 5964//1491
v -1.125000 2.375000 0.500000
v -0.625000 2.375000 0.500000
v -0.625000 2.375000 0.625000
v -1.125000 2.375000 0.625000
vn 0 -1 0
f 5965//1492 5966//1492 5967//1492 5968//1492
v 0.750000 2.375000 0.500000
v 1.250000 2.375000 0.500000
v 1.250000 2.375000 0.625000
v 0.750000 2.375000 0.625000
vn 0 -1 0
f 5969//1493 5970//1493 5971//1493 5972//1493
v -1.187500 2.375000 0.562500
v -1.125000 2.375000 0.562500
v -1.125000 2.375000 0.625000
v -1.187500 2.375000 0.625000
vn 0 -1 0
f 5973//1494 5974//1494 5975//1494 5976//1494
v -0.312500 2.375000 0.750000
v 0.062500 2.375000 0.750000
v 0.062500 2.375000 0.875000
v -0.312500 2.375000 0.875000
vn 0 -1 0
f 5977//1495 5978//1495 5979//1495 5980//1495
v 0.062500 2.375000 0.750000
v 0.125000 2.375000 0.750000
v 0.125000 2.375000 0.812500
v 0.062500 2.375000 0.812500
vn 0 -1 0
f 5981//1496 5982//1496 5983//1496 5984//1496
v 0.375000 2.437500 -0.375000
v 0.437500 2.437500 -0.375000
v 0.437500 2.437500 -0.312500
v 0.375000 2.437500 -0.312500
vn 0 -1 0
f 5985//1497 5986//1497 5987//1497 5988//1497
v -1.875000 2.437500 -0.125000
v -1.812500 2.437500 -0.125000
v -1.812500 2.437500 -0.062500
v -1.875000 2.437500 -0.062500
vn 0 -1 0
f 5989//1498 5990//1498 5991//1498 5992//1498
v 1.312500 2.437500 0.000000
v 1.375000 2.437500 0.000000
v 1.375000 2.437500 0.062500
v 1.312500 2.437500 0.062500
vn 0 -1 0
f 5993//1499 5994//1499 5995//1499 5996//1499
v -1.875000 2.437500 0.312500
v -1.812500 2.437500 0.312500
v -1.812500 2.437500 0.375000
v -1.875000 2.437500 0.375000
vn 0 -1 0
f 5997//1500 5998//1500 5999//1500 6000//1500
v -1.437500 2.437500 0.312500
v -1.375000 2.437500 0.312500
v -1.375000 2.437500 0.375000
v -1.437500 2.437500 0.375000
vn 0 -1 0
f 6001//1501 6002//1501 6003//1501 6004//1501
v -1.250000 2.437500 0.562500
v -1.187500 2.437500 0.562500
v -1.187500 2.437500 0.625000
v -1.250000 2.437500 0.625000
vn 0 -1 0
f 6005//1502 6006//1502 6007//1502 6008//1502
v -0.562500 2.437500 0.562500
v -0.500000 2.437500 0.562500
v -0.500000 2.437500 0.625000
v -0.562500 2.437500 0.625000
vn 0 -1 0
f 6009//1503 6010//1503 6011//1503 6012//1503
v 1.312500 2.437500 0.562500
v 1.375000 2.437500 0.562500
v 1.375000 2.437500 0.625000
v 1.312500 2.437500 0.625000
vn 0 -1 0
f 6013//1504 6014//1504 6015//1504 6016//1504
v -0.375000 2.437500 0.750000
v -0.312500 2.437500 0.750000
v -0.312500 2.437500 0.875000
v -0.375000 2.437500 0.875000
vn 0 -1 0
f 6017//1505 6018//1505 6019//1505 6020//1505
v 0.062500 2.437500 0.812500
v 0.125000 2.437500 0.812500
v 0.125000 2.437500 0.875000
v 0.062500 2.437500 0.875000
vn 0 -1 0
f 6021//1506 6022//1506 6023//1506 6024//1506
v -0.812500 2.500000 -0.875000
v -0.187500 2.500000 -0.875000
v -0.187500 2.500000 -0.750000
v -0.812500 2.500000 -0.750000
vn 0 -1 0
f 6025//1507 6026//1507 6027//1507 6028//1507
v -0.875000 2.500000 -0.812500
v -0.812500 2.500000 -0.812500
v -0.812500 2.500000 -0.750000
v -0.875000 2.500000 -0.750000
vn 0 -1 0
f 6029//1508 6030//1508 6031//1508 6032//1508
v -0.187500 2.500000 -0.812500
v -0.125000 2.500000 -0.812500
v -0.125000 2.500000 -0.375000
v -0.187500 2.500000 -0.375000
vn 0 -1 0
f 6033//1509 6034//1509 6035//1509 6036//1509
v -0.500000 2.500000 -0.750000
v -0.375000 2.500000 -0.750000
v -0.375000 2.500000 -0.375000
v -0.500000 2.500000 -0.375000
vn 0 -1 0
f 6037//1510 6038//1510 6039//1510 6040//1510
v -0.375000 2.500000 -0.750000
v -0.187500 2.500000 -0.750000
v -0.187500 2.500000 -0.625000
v -0.375000 2.500000 -0.625000
vn 0 -1 0
f 6041//1511 6042//1511 6043//1511 6044//1511
v -0.250000 2.500000 -0.625000
v -0.187500 2.500000 -0.625000
v -0.187500 2.500000 -0.375000
v -0.250000 2.500000 -0.375000
vn 0 -1 0
f 6045//1512 6046//1512 6047//1512 6048//1512
v 0.062500 2.500000 -0.125000
v 0.375000 2.500000 -0.125000
v 0.375000 2.500000 0.000000
v 0.062500 2.500000 0.000000
vn 0 -1 0
f 6049//1513 6050//1513 6051//1513 6052//1513
v 0.000000 2.500000 -0.062500
v 0.062500 2.500000 -0.062500
v 0.062500 2.500000 0.000000
v 0.000000 2.500000 0.000000
vn 0 -1 0
f 6053//1514 6054//1514 6055//1514 6056//1514
v -2.000000 2.500000 0.250000
v -1.875000 2.500000 0.250000
v -1.875000 2.500000 0.437500
v -2.000000 2.500000 0.437500
vn 0 -1 0
f 6057//1515 6058//1515 6059//1515 6060//1515
v -1.875000 2.500000 0.375000
v -1.750000 2.500000 0.375000
v -1.750000 2.500000 0.500000
v -1.875000 2.500000 0.500000
vn 0 -1 0
f 6061//1516 6062//1516 6063//1516 6064//1516
v -0.500000 2.500000 0.375000
v -0.375000 2.500000 0.375000
v -0.375000 2.500000 0.875000
v -0.500000 2.500000 0.875000
vn 0 -1 0
f 6065//1517 6066//1517 6067//1517 6068//1517
v -0.375000 2.500000 0.375000
v -0.250000 2.500000 0.375000
v -0.250000 2.500000 0.750000
v -0.375000 2.500000 0.750000
vn 0 -1 0
f 6069//1518 6070//1518 6071//1518 6072//1518
v -1.937500 2.500000 0.437500
v -1.875000 2.500000 0.437500
v -1.875000 2.500000 0.500000
v -1.937500 2.500000 0.500000
vn 0 -1 0
f 6073//1519 6074//1519 6075//1519 6076//1519
v -0.750000 2.500000 0.625000
v -0.500000 2.500000 0.625000
v -0.500000 2.500000 0.812500
v -0.750000 2.500000 0.812500
vn 0 -1 0
f 6077//1520 6078//1520 6079//1520 6080//1520
v 0.125000 2.500000 0.750000
v 0.187500 2.500000 0.750000
v 0.187500 2.500000 0.875000
v 0.125000 2.500000 0.875000
vn 0 -1 0
f 6081//1521 6082//1521 6083//1521 6084//1521
v 0.187500 2.500000 0.750000
v 0.250000 2.500000 0.750000
v 0.250000 2.500000 0.812500
v 0.187500 2.500000 0.812500
vn 0 -1 0
f 6085//1522 6086//1522 6087//1522 6088//1522
v -0.687500 2.500000 0.812500
v -0.500000 2.500000 0.812500
v -0.500000 2.500000 0.875000
v -0.687500 2.500000 0.875000
vn 0 -1 0
f 6089//1523 6090//1523 6091//1523 6092//1523
v -0.875000 2.562500 -0.875000
v -0.812500 2.562500 -0.875000
v -0.812500 2.562500 -0.812500
v -0.875000 2.562500 -0.812500
vn 0 -1 0
f 6093//1524 6094//1524 6095//1524 6096//1524
v -0.187500 2.562500 -0.875000
v -0.125000 2.562500 -0.875000
v -0.125000 2.562500 -0.812500
v -0.187500 2.562500 -0.812500
vn 0 -1 0
f 6097//1525 6098//1525 6099//1525 6100//1525
v 0.000000 2.562500 -0.125000
v 0.062500 2.562500 -0.125000
v 0.062500 2.562500 -0.062500
v 0.000000 2.562500 -0.062500
vn 0 -1 0
f 6101//1526 6102//1526 6103//1526 6104//1526
v -0.750000 2.562500 0.812500
v -0.687500 2.562500 0.812500
v -0.687500 2.562500 0.875000
v -0.750000 2.562500 0.875000
vn 0 -1 0
f 6105//1527 6106//1527 6107//1527 6108//1527
v -1.437500 2.625000 -0.625000
v -1.125000 2.625000 -0.625000
v -1.125000 2.625000 -0.250000
v -1.437500 2.625000 -0.250000
vn 0 -1 0
f 6109//1528 6110//1528 6111//1528 6112//1528
v -1.500000 2.625000 -0.562500
v -1.437500 2.625000 -0.562500
v -1.437500 2.625000 -0.250000
v -1.500000 2.625000 -0.250000
vn 0 -1 0
f 6113//1529 6114//1529 6115//1529 6116//1529
v 1.250000 2.625000 -0.500000
v 1.437500 2.625000 -0.500000
v 1.437500 2.625000 -0.250000
v 1.250000 2.625000 -0.250000
vn 0 -1 0
f 6117//1530 6118//1530 6119//1530 6120//1530
v 1.437500 2.625000 -0.437500
v 1.500000 2.625000 -0.437500
v 1.500000 2.625000 -0.250000
v 1.437500 2.625000 -0.250000
vn 0 -1 0
f 6121//1531 6122//1531 6123//1531 6124//1531
v 0.000000 2.625000 -0.250000
v 0.250000 2.625000 -0.250000
v 0.250000 2.625000 -0.125000
v 0.000000 2.625000 -0.125000
vn 0 -1 0
f 6125//1532 6126//1532 6127//1532 6128//1532
v -0.875000 2.625000 0.750000
v -0.750000 2.625000 0.750000
v -0.750000 2.625000 0.812500
v -0.875000 2.625000 0.812500
vn 0 -1 0
f 6129//1533 6130//1533 6131//1533 6132//1533
v -0.812500 2.625000 0.812500
v -0.750000 2.625000 0.812500
v -0.750000 2.625000 0.875000
v -0.812500 2.625000 0.875000
vn 0 -1 0
f 6133//1534 6134//1534 6135//1534 6136//1534
v -1.500000 2.687500 -0.625000
v -1.437500 2.687500 -0.625000
v -1.437500 2.687500 -0.562500
v -1.500000 2.687500 -0.562500
vn 0 -1 0
f 6137//1535 6138//1535 6139//1535 6140//1535
v 1.437500 2.687500 -0.500000
v 1.500000 2.687500 -0.500000
v 1.500000 2.687500 -0.437500
v 1.437500 2.687500 -0.437500
vn 0 -1 0
f 6141//1536 6142//1536 6143//1536 6144//1536
v -0.875000 2.687500 0.812500
v -0.812500 2.687500 0.812500
v -0.812500 2.687500 0.875000
v -0.875000 2.687500 0.875000
vn 0 -1 0
f 6145//1537 6146//1537 6147//1537 6148//1537
v 0.000000 2.750000 -0.875000
v 0.312500 2.750000 -0.875000
v 0.312500 2.750000 -0.375000
v 0.000000 2.750000 -0.375000
vn 0 -1 0
f 6149//1538 6150//1538 6151//1538 6152//1538
v 0.312500 2.750000 -0.812500
v 0.375000 2.750000 -0.812500
v 0.375000 2.750000 -0.437500
v 0.312500 2.750000 -0.437500
vn 0 -1 0
f 6153//1539 6154//1539 6155//1539 6156//1539
v -1.437500 2.750000 -0.750000
v -1.000000 2.750000 -0.750000
v -1.000000 2.750000 -0.625000
v -1.437500 2.750000 -0.625000
vn 0 -1 0
f 6157//1540 6158//1540 6159//1540 6160//1540
v -1.500000 2.750000 -0.687500
v -1.437500 2.750000 -0.687500
v -1.437500 2.750000 -0.625000
v -1.500000 2.750000 -0.625000
vn 0 -1 0
f 6161//1541 6162//1541 6163//1541 6164//1541
v 0.937500 2.750000 -0.625000
v 1.562500 2.750000 -0.625000
v 1.562500 2.750000 -0.500000
v 0.937500 2.750000 -0.500000
vn 0 -1 0
f 6165//1542 6166//1542 6167//1542 6168//1542
v 0.875000 2.750000 -0.562500
v 0.937500 2.750000 -0.562500
v 0.937500 2.750000 -0.500000
v 0.875000 2.750000 -0.500000
vn 0 -1 0
f 6169//1543 6170//1543 6171//1543 6172//1543
v 1.562500 2.750000 -0.562500
v 1.625000 2.750000 -0.562500
v 1.625000 2.750000 -0.125000
v 1.562500 2.750000 -0.125000
vn 0 -1 0
f 6173//1544 6174//1544 6175//1544 6176//1544
v 1.500000 2.750000 -0.500000
v 1.562500 2.750000 -0.500000
v 1.562500 2.750000 -0.125000
v 1.500000 2.750000 -0.125000
vn 0 -1 0
f 6177//1545 6178//1545 6179//1545 6180//1545
v -0.875000 2.750000 -0.375000
v -0.625000 2.750000 -0.375000
v -0.625000 2.750000 0.000000
v -0.875000 2.750000 0.000000
vn 0 -1 0
f 6181//1546 6182//1546 6183//1546 6184//1546
v -1.000000 2.750000 -0.125000
v -0.875000 2.750000 -0.125000
v -0.875000 2.750000 0.000000
v -1.000000 2.750000 0.000000
vn 0 -1 0
f 6185//1547 6186//1547 6187//1547 6188//1547
v 0.312500 2.812500 -0.875000
v 0.375000 2.812500 -0.875000
v 0.375000 2.812500 -0.812500
v 0.312500 2.812500 -0.812500
vn 0 -1 0
f 6189//1548 6190//1548 6191//1548 6192//1548
v -1.500000 2.812500 -0.750000
v -1.437500 2.812500 -0.750000
v -1.437500 2.812500 -0.687500
v -1.500000 2.812500 -0.687500
vn 0 -1 0
f 6193//1549 6194//1549 6195//1549 6196//1549
v 0.875000 2.812500 -0.625000
v 0.937500 2.812500 -0.625000
v 0.937500 2.812500 -0.562500
v 0.875000 2.812500 -0.562500
vn 0 -1 0
f 6197//1550 6198//1550 6199//1550 6200//1550
v 1.562500 2.812500 -0.625000
v 1.625000 2.812500 -0.625000
v 1.625000 2.812500 -0.562500
v 1.562500 2.812500 -0.562500
vn 0 -1 0
f 6201//1551 6202//1551 6203//1551 6204//1551
v 0.312500 2.812500 -0.437500
v 0.375000 2.812500 -0.437500
v 0.375000 2.812500 -0.375000
v 0.312500 2.812500 -0.375000
vn 0 -1 0
f 6205//1552 6206//1552 6207//1552 6208//1552
v 0.125000 2.875000 -1.000000
v 0.437500 2.875000 -1.000000
v 0.437500 2.875000 -0.875000
v 0.125000 2.875000 -0.875000
vn 0 -1 0
f 6209//1553 6210//1553 6211//1553 6212//1553
v 0.437500 2.875000 -0.937500
v 0.500000 2.875000 -0.937500
v 0.500000 2.875000 -0.250000
v 0.437500 2.875000 -0.250000
vn 0 -1 0
f 6213//1554 6214//1554 6215//1554 6216//1554
v 0.375000 2.875000 -0.875000
v 0.437500 2.875000 -0.875000
v 0.437500 2.875000 -0.250000
v 0.375000 2.875000 -0.250000
vn 0 -1 0
f 6217//1555 6218//1555 6219//1555 6220//1555
v -0.875000 2.875000 -0.500000
v -0.625000 2.875000 -0.500000
v -0.625000 2.875000 -0.375000
v -0.875000 2.875000 -0.375000
vn 0 -1 0
f 6221//1556 6222//1556 6223//1556 6224//1556
v 0.125000 2.875000 -0.375000
v 0.375000 2.875000 -0.375000
v 0.375000 2.875000 -0.250000
v 0.125000 2.875000 -0.250000
vn 0 -1 0
f 6225//1557 6226//1557 6227//1557 6228//1557
v -0.375000 2.875000 -0.250000
v -0.250000 2.875000 -0.250000
v -0.250000 2.875000 0.250000
v -0.375000 2.875000 0.250000
vn 0 -1 0
f 6229//1558 6230//1558 6231//1558 6232//1558
v -1.000000 2.875000 0.000000
v -0.875000 2.875000 0.000000
v -0.875000 2.875000 0.125000
v -1.000000 2.875000 0.125000
vn 0 -1 0
f 6233//1559 6234//1559 6235//1559 6236//1559
v -0.625000 2.875000 0.125000
v -0.375000 2.875000 0.125000
v -0.375000 2.875000 0.250000
v -0.625000 2.875000 0.250000
vn 0 -1 0
f 6237//1560 6238//1560 6239//1560 6240//1560
v -0.250000 2.875000 0.125000
v -0.125000 2.875000 0.125000
v -0.125000 2.875000 0.250000
v -0.250000 2.875000 0.250000
vn 0 -1 0
f 6241//1561 6242//1561 6243//1561 6244//1561
v 0.250000 2.875000 0.500000
v 0.312500 2.875000 0.500000
v 0.312500 2.875000 0.875000
v 0.250000 2.875000 0.875000
vn 0 -1 0
f 6245//1562 6246//1562 6247//1562 6248//1562
v 0.312500 2.875000 0.500000
v 0.375000 2.875000 0.500000
v 0.375000 2.875000 0.812500
v 0.312500 2.875000 0.812500
vn 0 -1 0
f 6249//1563 6250//1563 6251//1563 6252//1563
v 0.125000 2.875000 0.750000
v 0.250000 2.875000 0.750000
v 0.250000 2.875000 0.875000
v 0.125000 2.875000 0.875000
vn 0 -1 0
f 6253//1564 6254//1564 6255//1564 6256//1564
v 0.437500 2.937500 -1.000000
v 0.500000 2.937500 -1.000000
v 0.500000 2.937500 -0.937500
v 0.437500 2.937500 -0.937500
vn 0 -1 0
f 6257//1565 6258//1565 6259//1565 6260//1565
v 0.312500 2.937500 0.812500
v 0.375000 2.937500 0.812500
v 0.375000 2.937500 0.875000
v 0.312500 2.937500 0.875000
vn 0 -1 0
f 6261//1566 6262//1566 6263//1566 6264//1566
v -0.750000 3.000000 -0.750000
v -0.625000 3.000000 -0.750000
v -0.625000 3.000000 -0.500000
v -0.750000 3.000000 -0.500000
vn 0 -1 0
f 6265//1567 6266//1567 6267//1567 6268//1567
v 0.500000 3.000000 -0.750000
v 0.750000 3.000000 -0.750000
v 0.750000 3.000000 -0.250000
v 0.500000 3.000000 -0.250000
vn 0 -1 0
f 6269//1568 6270//1568 6271//1568 6272//1568
v 0.750000 3.000000 -0.750000
v 0.937500 3.000000 -0.750000
v 0.937500 3.000000 -0.625000
v 0.750000 3.000000 -0.625000
vn 0 -1 0
f 6273//1569 6274//1569 6275//1569 6276//1569
v 0.937500 3.000000 -0.687500
v 1.000000 3.000000 -0.687500
v 1.000000 3.000000 -0.625000
v 0.937500 3.000000 -0.625000
vn 0 -1 0
f 6277//1570 6278//1570 6279//1570 6280//1570
v -0.250000 3.000000 -0.250000
v -0.125000 3.000000 -0.250000
v -0.125000 3.000000 -0.125000
v -0.250000 3.000000 -0.125000
vn 0 -1 0
f 6281//1571 6282//1571 6283//1571 6284//1571
v 0.937500 3.062500 -0.750000
v 1.000000 3.062500 -0.750000
v 1.000000 3.062500 -0.687500
v 0.937500 3.062500 -0.687500
vn 0 -1 0
f 6285//1572 6286//1572 6287//1572 6288//1572
v -0.062500 3.125000 -0.500000
v 0.000000 3.125000 -0.500000
v 0.000000 3.125000 -0.250000
v -0.062500 3.125000 -0.250000
vn 0 -1 0
f 6289//1573 6290//1573 6291//1573 6292//1573
v -0.125000 3.125000 -0.437500
v -0.062500 3.125000 -0.437500
v -0.062500 3.125000 -0.250000
v -0.125000 3.125000 -0.250000
vn 0 -1 0
f 6293//1574 6294//1574 6295//1574 6296//1574
v -0.125000 3.125000 -0.125000
v 0.000000 3.125000 -0.125000
v 0.000000 3.125000 0.000000
v -0.125000 3.125000 0.000000
vn 0 -1 0
f 6297//1575 6298//1575 6299//1575 6300//1575
v -0.125000 3.187500 -0.500000
v -0.062500 3.187500 -0.500000
v -0.062500 3.187500 -0.437500
v -0.125000 3.187500 -0.437500
vn 0 -1 0
f 6301//1576 6302//1576 6303//1576 6304//1576
v -0.250000 2.875000 -1.000000
v -0.250000 3.000000 -1.000000
v 0.437500 3.000000 -1.000000
v 0.437500 2.875000 -1.000000
vn 0 0 -1
f 6305//1577 6306//1577 6307//1577 6308//1577
v 0.437500 2.937500 -1.000000
v 0.437500 3.000000 -1.000000
v 0.500000 3.000000 -1.000000
v 0.500000 2.937500 -1.000000
vn 0 0 -1
f 6309//1578 6310//1578 6311//1578 6312//1578
v 0.437500 2.875000 -0.937500
v 0.437500 2.937500 -0.937500
v 0.500000 2.937500 -0.937500
v 0.500000 2.875000 -0.937500
vn 0 0 -1
f 6313//1579 6314//1579 6315//1579 6316//1579
v -0.875000 2.562500 -0.875000
v -0.875000 2.625000 -0.875000
v -0.125000 2.625000 -0.875000
v -0.125000 2.562500 -0.875000
vn 0 0 -1
f 6317//1580 6318//1580 6319//1580 6320//1580
v -0.812500 2.500000 -0.875000
v -0.812500 2.562500 -0.875000
v -0.187500 2.562500 -0.875000
v -0.187500 2.500000 -0.875000
vn 0 0 -1
f 6321//1581 6322//1581 6323//1581 6324//1581
v 0.125000 2.750000 -0.875000
v 0.125000 2.875000 -0.875000
v 0.312500 2.875000 -0.875000
v 0.312500 2.750000 -0.875000
vn 0 0 -1
f 6325//1582 6326//1582 6327//1582 6328//1582
v 0.312500 2.812500 -0.875000
v 0.312500 2.875000 -0.875000
v 0.375000 2.875000 -0.875000
v 0.375000 2.812500 -0.875000
vn 0 0 -1
f 6329//1583 6330//1583 6331//1583 6332//1583
v -0.875000 2.500000 -0.812500
v -0.875000 2.562500 -0.812500
v -0.812500 2.562500 -0.812500
v -0.812500 2.500000 -0.812500
vn 0 0 -1
f 6333//1584 6334//1584 6335//1584 6336//1584
v -0.187500 2.500000 -0.812500
v -0.187500 2.562500 -0.812500
v -0.125000 2.562500 -0.812500
v -0.125000 2.500000 -0.812500
vn 0 0 -1
f 6337//1585 6338//1585 6339//1585 6340//1585
v 0.312500 2.750000 -0.812500
v 0.312500 2.812500 -0.812500
v 0.375000 2.812500 -0.812500
v 0.375000 2.750000 -0.812500
vn 0 0 -1
f 6341//1586 6342//1586 6343//1586 6344//1586
v -1.500000 2.062500 -0.750000
v -1.500000 2.125000 -0.750000
v -0.750000 2.125000 -0.750000
v -0.750000 2.062500 -0.750000
vn 0 0 -1
f 6345//1587 6346//1587 6347//1587 6348//1587
v -1.500000 2.812500 -0.750000
v -1.500000 2.875000 -0.750000
v -0.875000 2.875000 -0.750000
v -0.875000 2.812500 -0.750000
vn 0 0 -1
f 6349//1588 6350//1588 6351//1588 6352//1588
v -1.437500 2.000000 -0.750000
v -1.437500 2.062500 -0.750000
v -0.812500 2.062500 -0.750000
v -0.812500 2.000000 -0.750000
vn 0 0 -1
f 6353//1589 6354//1589 6355//1589 6356//1589
v -1.437500 2.750000 -0.750000
v -1.437500 2.812500 -0.750000
v -0.875000 2.812500 -0.750000
v -0.875000 2.750000 -0.750000
vn 0 0 -1
f 6357//1590 6358//1590 6359//1590 6360//1590
v -1.250000 3.000000 -0.750000
v -1.250000 3.125000 -0.750000
v -0.500000 3.125000 -0.750000
v -0.500000 3.000000 -0.750000
vn 0 0 -1
f 6361//1591 6362//1591 6363//1591 6364//1591
v 0.625000 2.062500 -0.750000
v 0.625000 2.125000 -0.750000
v 1.375000 2.125000 -0.750000
v 1.375000 2.062500 -0.750000
vn 0 0 -1
f 6365//1592 6366//1592 6367//1592 6368//1592
v 0.625000 3.000000 -0.750000
v 0.625000 3.125000 -0.750000
v 0.937500 3.125000 -0.750000
v 0.937500 3.000000 -0.750000
vn 0 0 -1
f 6369//1593 6370//1593 6371//1593 6372//1593
v 0.687500 2.000000 -0.750000
v 0.687500 2.062500 -0.750000
v 1.312500 2.062500 -0.750000
v 1.312500 2.000000 -0.750000
vn 0 0 -1
f 6373//1594 6374//1594 6375//1594 6376//1594
v 0.937500 3.062500 -0.750000
v 0.937500 3.125000 -0.750000
v 1.000000 3.125000 -0.750000
v 1.000000 3.062500 -0.750000
vn 0 0 -1
f 6377//1595 6378//1595 6379//1595 6380//1595
v -1.500000 2.000000 -0.687500
v -1.500000 2.062500 -0.687500
v -1.437500 2.062500 -0.687500
v -1.437500 2.000000 -0.687500
vn 0 0 -1
f 6381//1596 6382//1596 6383//1596 6384//1596
v -1.500000 2.750000 -0.687500
v -1.500000 2.812500 -0.687500
v -1.437500 2.812500 -0.687500
v -1.437500 2.750000 -0.687500
vn 0 0 -1
f 6385//1597 6386//1597 6387//1597 6388//1597
v -0.812500 2.000000 -0.687500
v -0.812500 2.062500 -0.687500
v -0.750000 2.062500 -0.687500
v -0.750000 2.000000 -0.687500
vn 0 0 -1
f 6389//1598 6390//1598 6391//1598 6392//1598
v 0.625000 2.000000 -0.687500
v 0.625000 2.062500 -0.687500
v 0.687500 2.062500 -0.687500
v 0.687500 2.000000 -0.687500
vn 0 0 -1
f 6393//1599 6394//1599 6395//1599 6396//1599
v 0.937500 3.000000 -0.687500
v 0.937500 3.062500 -0.687500
v 1.000000 3.062500 -0.687500
v 1.000000 3.000000 -0.687500
vn 0 0 -1
f 6397//1600 6398//1600 6399//1600 6400//1600
v 1.312500 2.000000 -0.687500
v 1.312500 2.062500 -0.687500
v 1.375000 2.062500 -0.687500
v 1.375000 2.000000 -0.687500
vn 0 0 -1
f 6401//1601 6402//1601 6403//1601 6404//1601
v -1.500000 2.687500 -0.625000
v -1.500000 2.750000 -0.625000
v -1.000000 2.750000 -0.625000
v -1.000000 2.687500 -0.625000
vn 0 0 -1
f 6405//1602 6406//1602 6407//1602 6408//1602
v -1.437500 2.625000 -0.625000
v -1.437500 2.687500 -0.625000
v -1.000000 2.687500 -0.625000
v -1.000000 2.625000 -0.625000
vn 0 0 -1
f 6409//1603 6410//1603 6411//1603 6412//1603
v 0.875000 2.812500 -0.625000
v 0.875000 2.875000 -0.625000
v 1.625000 2.875000 -0.625000
v 1.625000 2.812500 -0.625000
vn 0 0 -1
f 6413//1604 6414//1604 6415//1604 6416//1604
v 0.937500 2.750000 -0.625000
v 0.937500 2.812500 -0.625000
v 1.562500 2.812500 -0.625000
v 1.562500 2.750000 -0.625000
vn 0 0 -1
f 6417//1605 6418//1605 6419//1605 6420//1605
v -1.500000 2.625000 -0.562500
v -1.500000 2.687500 -0.562500
v -1.437500 2.687500 -0.562500
v -1.437500 2.625000 -0.562500
vn 0 0 -1
f 6421//1606 6422//1606 6423//1606 6424//1606
v 0.875000 2.750000 -0.562500
v 0.875000 2.812500 -0.562500
v 0.937500 2.812500 -0.562500
v 0.937500 2.750000 -0.562500
vn 0 0 -1
f 6425//1607 6426//1607 6427//1607 6428//1607
v 1.562500 2.750000 -0.562500
v 1.562500 2.812500 -0.562500
v 1.625000 2.812500 -0.562500
v 1.625000 2.750000 -0.562500
vn 0 0 -1
f 6429//1608 6430//1608 6431//1608 6432//1608
v -0.750000 2.875000 -0.500000
v -0.750000 3.000000 -0.500000
v -0.625000 3.000000 -0.500000
v -0.625000 2.875000 -0.500000
vn 0 0 -1
f 6433//1609 6434//1609 6435//1609 6436//1609
v -0.125000 3.187500 -0.500000
v -0.125000 3.250000 -0.500000
v 0.000000 3.250000 -0.500000
v 0.000000 3.187500 -0.500000
vn 0 0 -1
f 6437//1610 6438//1610 6439//1610 6440//1610
v -0.062500 3.125000 -0.500000
v -0.062500 3.187500 -0.500000
v 0.000000 3.187500 -0.500000
v 0.000000 3.125000 -0.500000
vn 0 0 -1
f 6441//1611 6442//1611 6443//1611 6444//1611
v 1.000000 2.625000 -0.500000
v 1.000000 2.750000 -0.500000
v 1.437500 2.750000 -0.500000
v 1.437500 2.625000 -0.500000
vn 0 0 -1
f 6445//1612 6446//1612 6447//1612 6448//1612
v 1.437500 2.687500 -0.500000
v 1.437500 2.750000 -0.500000
v 1.500000 2.750000 -0.500000
v 1.500000 2.687500 -0.500000
vn 0 0 -1
f 6449//1613 6450//1613 6451//1613 6452//1613
v -0.125000 3.125000 -0.437500
v -0.125000 3.187500 -0.437500
v -0.062500 3.187500 -0.437500
v -0.062500 3.125000 -0.437500
vn 0 0 -1
f 6453//1614 6454//1614 6455//1614 6456//1614
v 1.437500 2.625000 -0.437500
v 1.437500 2.687500 -0.437500
v 1.500000 2.687500 -0.437500
v 1.500000 2.625000 -0.437500
vn 0 0 -1
f 6457//1615 6458//1615 6459//1615 6460//1615
v -0.875000 2.750000 -0.375000
v -0.875000 2.875000 -0.375000
v -0.625000 2.875000 -0.375000
v -0.625000 2.750000 -0.375000
vn 0 0 -1
f 6461//1616 6462//1616 6463//1616 6464//1616
v 0.375000 2.437500 -0.375000
v 0.375000 2.500000 -0.375000
v 0.625000 2.500000 -0.375000
v 0.625000 2.437500 -0.375000
vn 0 0 -1
f 6465//1617 6466//1617 6467//1617 6468//1617
v 0.437500 2.375000 -0.375000
v 0.437500 2.437500 -0.375000
v 0.625000 2.437500 -0.375000
v 0.625000 2.375000 -0.375000
vn 0 0 -1
f 6469//1618 6470//1618 6471//1618 6472//1618
v 0.375000 2.375000 -0.312500
v 0.375000 2.437500 -0.312500
v 0.437500 2.437500 -0.312500
v 0.437500 2.375000 -0.312500
vn 0 0 -1
f 6473//1619 6474//1619 6475//1619 6476//1619
v -1.625000 1.937500 -0.250000
v -1.625000 2.000000 -0.250000
v -1.125000 2.000000 -0.250000
v -1.125000 1.937500 -0.250000
vn 0 0 -1
f 6477//1620 6478//1620 6479//1620 6480//1620
v -1.562500 1.875000 -0.250000
v -1.562500 1.937500 -0.250000
v -1.187500 1.937500 -0.250000
v -1.187500 1.875000 -0.250000
vn 0 0 -1
f 6481//1621 6482//1621 6483//1621 6484//1621
v -0.250000 3.000000 -0.250000
v -0.250000 3.125000 -0.250000
v 0.000000 3.125000 -0.250000
v 0.000000 3.000000 -0.250000
vn 0 0 -1
f 6485//1622 6486//1622 6487//1622 6488//1622
v 0.000000 2.625000 -0.250000
v 0.000000 2.750000 -0.250000
v 0.375000 2.750000 -0.250000
v 0.375000 2.625000 -0.250000
vn 0 0 -1
f 6489//1623 6490//1623 6491//1623 6492//1623
v -1.625000 1.875000 -0.187500
v -1.625000 1.937500 -0.187500
v -1.562500 1.937500 -0.187500
v -1.562500 1.875000 -0.187500
vn 0 0 -1
f 6493//1624 6494//1624 6495//1624 6496//1624
v -1.187500 1.875000 -0.187500
v -1.187500 1.937500 -0.187500
v -1.125000 1.937500 -0.187500
v -1.125000 1.875000 -0.187500
vn 0 0 -1
f 6497//1625 6498//1625 6499//1625 6500//1625
v -1.875000 2.437500 -0.125000
v -1.875000 2.500000 -0.125000
v -1.625000 2.500000 -0.125000
v -1.625000 2.437500 -0.125000
vn 0 0 -1
f 6501//1626 6502//1626 6503//1626 6504//1626
v -1.812500 2.375000 -0.125000
v -1.812500 2.437500 -0.125000
v -1.625000 2.437500 -0.125000
v -1.625000 2.375000 -0.125000
vn 0 0 -1
f 6505//1627 6506//1627 6507//1627 6508//1627
v 0.000000 2.562500 -0.125000
v 0.000000 2.625000 -0.125000
v 0.250000 2.625000 -0.125000
v 0.250000 2.562500 -0.125000
vn 0 0 -1
f 6509//1628 6510//1628 6511//1628 6512//1628
v 0.062500 2.500000 -0.125000
v 0.062500 2.562500 -0.125000
v 0.250000 2.562500 -0.125000
v 0.250000 2.500000 -0.125000
vn 0 0 -1
f 6513//1629 6514//1629 6515//1629 6516//1629
v 0.500000 2.000000 -0.125000
v 0.500000 2.125000 -0.125000
v 0.625000 2.125000 -0.125000
v 0.625000 2.000000 -0.125000
vn 0 0 -1
f 6517//1630 6518//1630 6519//1630 6520//1630
v -1.875000 2.375000 -0.062500
v -1.875000 2.437500 -0.062500
v -1.812500 2.437500 -0.062500
v -1.812500 2.375000 -0.062500
vn 0 0 -1
f 6521//1631 6522//1631 6523//1631 6524//1631
v 0.000000 2.500000 -0.062500
v 0.000000 2.562500 -0.062500
v 0.062500 2.562500 -0.062500
v 0.062500 2.500000 -0.062500
vn 0 0 -1
f 6525//1632 6526//1632 6527//1632 6528//1632
v 1.250000 2.375000 0.000000
v 1.250000 2.500000 0.000000
v 1.312500 2.500000 0.000000
v 1.312500 2.375000 0.000000
vn 0 0 -1
f 6529//1633 6530//1633 6531//1633 6532//1633
v 1.312500 2.437500 0.000000
v 1.312500 2.500000 0.000000
v 1.375000 2.500000 0.000000
v 1.375000 2.437500 0.000000
vn 0 0 -1
f 6533//1634 6534//1634 6535//1634 6536//1634
v 1.312500 2.375000 0.062500
v 1.312500 2.437500 0.062500
v 1.375000 2.437500 0.062500
v 1.375000 2.375000 0.062500
vn 0 0 -1
f 6537//1635 6538//1635 6539//1635 6540//1635
v -0.250000 2.875000 0.125000
v -0.250000 3.000000 0.125000
v -0.125000 3.000000 0.125000
v -0.125000 2.875000 0.125000
vn 0 0 -1
f 6541//1636 6542//1636 6543//1636 6544//1636
v -0.500000 2.625000 0.250000
v -0.500000 2.750000 0.250000
v -0.125000 2.750000 0.250000
v -0.125000 2.625000 0.250000
vn 0 0 -1
f 6545//1637 6546//1637 6547//1637 6548//1637
v -0.250000 2.750000 0.250000
v -0.250000 2.875000 0.250000
v -0.125000 2.875000 0.250000
v -0.125000 2.750000 0.250000
vn 0 0 -1
f 6549//1638 6550//1638 6551//1638 6552//1638
v -0.375000 2.437500 0.750000
v -0.375000 2.500000 0.750000
v 0.000000 2.500000 0.750000
v 0.000000 2.437500 0.750000
vn 0 0 -1
f 6553//1639 6554//1639 6555//1639 6556//1639
v -0.312500 2.375000 0.750000
v -0.312500 2.437500 0.750000
v 0.000000 2.437500 0.750000
v 0.000000 2.375000 0.750000
vn 0 0 -1
f 6557//1640 6558//1640 6559//1640 6560//1640
v -0.125000 3.000000 -0.625000
v -0.125000 3.125000 -0.625000
v -0.250000 3.125000 -0.625000
v -0.250000 3.000000 -0.625000
vn 0 0 1
f 6561//1641 6562//1641 6563//1641 6564//1641
v 0.375000 2.750000 -0.437500
v 0.375000 2.812500 -0.437500
v 0.312500 2.812500 -0.437500
v 0.312500 2.750000 -0.437500
vn 0 0 1
f 6565//1642 6566//1642 6567//1642 6568//1642
v 0.312500 2.750000 -0.375000
v 0.312500 2.875000 -0.375000
v 0.125000 2.875000 -0.375000
v 0.125000 2.750000 -0.375000
vn 0 0 1
f 6569//1643 6570//1643 6571//1643 6572//1643
v 0.375000 2.812500 -0.375000
v 0.375000 2.875000 -0.375000
v 0.312500 2.875000 -0.375000
v 0.312500 2.812500 -0.375000
vn 0 0 1
f 6573//1644 6574//1644 6575//1644 6576//1644
v -0.125000 2.875000 -0.250000
v -0.125000 3.000000 -0.250000
v -0.250000 3.000000 -0.250000
v -0.250000 2.875000 -0.250000
vn 0 0 1
f 6577//1645 6578//1645 6579//1645 6580//1645
v 1.375000 2.000000 -0.187500
v 1.375000 2.125000 -0.187500
v 1.312500 2.125000 -0.187500
v 1.312500 2.000000 -0.187500
vn 0 0 1
f 6581//1646 6582//1646 6583//1646 6584//1646
v -0.875000 2.000000 -0.125000
v -0.875000 2.125000 -0.125000
v -1.000000 2.125000 -0.125000
v -1.000000 2.000000 -0.125000
vn 0 0 1
f 6585//1647 6586//1647 6587//1647 6588//1647
v -0.875000 2.625000 -0.125000
v -0.875000 2.750000 -0.125000
v -1.000000 2.750000 -0.125000
v -1.000000 2.625000 -0.125000
vn 0 0 1
f 6589//1648 6590//1648 6591//1648 6592//1648
v -0.125000 2.500000 -0.125000
v -0.125000 2.625000 -0.125000
v -0.250000 2.625000 -0.125000
v -0.250000 2.500000 -0.125000
vn 0 0 1
f 6593//1649 6594//1649 6595//1649 6596//1649
v 0.000000 3.000000 -0.125000
v 0.000000 3.125000 -0.125000
v -0.125000 3.125000 -0.125000
v -0.125000 3.000000 -0.125000
vn 0 0 1
f 6597//1650 6598//1650 6599//1650 6600//1650
v 1.312500 2.000000 -0.125000
v 1.312500 2.125000 -0.125000
v 0.750000 2.125000 -0.125000
v 0.750000 2.000000 -0.125000
vn 0 0 1
f 6601//1651 6602//1651 6603//1651 6604//1651
v -0.875000 2.750000 0.000000
v -0.875000 2.875000 0.000000
v -1.000000 2.875000 0.000000
v -1.000000 2.750000 0.000000
vn 0 0 1
f 6605//1652 6606//1652 6607//1652 6608//1652
v 1.625000 2.812500 0.062500
v 1.625000 2.875000 0.062500
v 1.562500 2.875000 0.062500
v 1.562500 2.812500 0.062500
vn 0 0 1
f 6609//1653 6610//1653 6611//1653 6612//1653
v -0.375000 2.750000 0.125000
v -0.375000 2.875000 0.125000
v -0.625000 2.875000 0.125000
v -0.625000 2.750000 0.125000
vn 0 0 1
f 6613//1654 6614//1654 6615//1654 6616//1654
v 1.625000 2.750000 0.125000
v 1.625000 2.812500 0.125000
v 1.500000 2.812500 0.125000
v 1.500000 2.750000 0.125000
vn 0 0 1
f 6617//1655 6618//1655 6619//1655 6620//1655
v 1.562500 2.812500 0.125000
v 1.562500 2.875000 0.125000
v 1.500000 2.875000 0.125000
v 1.500000 2.812500 0.125000
vn 0 0 1
f 6621//1656 6622//1656 6623//1656 6624//1656
v -1.562500 1.875000 0.187500
v -1.562500 1.937500 0.187500
v -1.625000 1.937500 0.187500
v -1.625000 1.875000 0.187500
vn 0 0 1
f 6625//1657 6626//1657 6627//1657 6628//1657
v -1.125000 1.875000 0.187500
v -1.125000 1.937500 0.187500
v -1.187500 1.937500 0.187500
v -1.187500 1.875000 0.187500
vn 0 0 1
f 6629//1658 6630//1658 6631//1658 6632//1658
v -1.000000 2.000000 0.187500
v -1.000000 2.125000 0.187500
v -1.062500 2.125000 0.187500
v -1.062500 2.000000 0.187500
vn 0 0 1
f 6633//1659 6634//1659 6635//1659 6636//1659
v -1.125000 1.937500 0.250000
v -1.125000 2.000000 0.250000
v -1.625000 2.000000 0.250000
v -1.625000 1.937500 0.250000
vn 0 0 1
f 6637//1660 6638//1660 6639//1660 6640//1660
v -1.187500 1.875000 0.250000
v -1.187500 1.937500 0.250000
v -1.562500 1.937500 0.250000
v -1.562500 1.875000 0.250000
vn 0 0 1
f 6641//1661 6642//1661 6643//1661 6644//1661
v -1.062500 2.000000 0.250000
v -1.062500 2.125000 0.250000
v -1.125000 2.125000 0.250000
v -1.125000 2.000000 0.250000
vn 0 0 1
f 6645//1662 6646//1662 6647//1662 6648//1662
v -1.812500 2.375000 0.312500
v -1.812500 2.437500 0.312500
v -1.875000 2.437500 0.312500
v -1.875000 2.375000 0.312500
vn 0 0 1
f 6649//1663 6650//1663 6651//1663 6652//1663
v -1.375000 2.375000 0.312500
v -1.375000 2.437500 0.312500
v -1.437500 2.437500 0.312500
v -1.437500 2.375000 0.312500
vn 0 0 1
f 6653//1664 6654//1664 6655//1664 6656//1664
v -0.812500 2.000000 0.312500
v -0.812500 2.062500 0.312500
v -0.875000 2.062500 0.312500
v -0.875000 2.000000 0.312500
vn 0 0 1
f 6657//1665 6658//1665 6659//1665 6660//1665
v -0.125000 2.000000 0.312500
v -0.125000 2.125000 0.312500
v -0.187500 2.125000 0.312500
v -0.187500 2.000000 0.312500
vn 0 0 1
f 6661//1666 6662//1666 6663//1666 6664//1666
v -1.375000 2.437500 0.375000
v -1.375000 2.500000 0.375000
v -1.875000 2.500000 0.375000
v -1.875000 2.437500 0.375000
vn 0 0 1
f 6665//1667 6666//1667 6667//1667 6668//1667
v -1.437500 2.375000 0.375000
v -1.437500 2.437500 0.375000
v -1.812500 2.437500 0.375000
v -1.812500 2.375000 0.375000
vn 0 0 1
f 6669//1668 6670//1668 6671//1668 6672//1668
v -0.187500 2.062500 0.375000
v -0.187500 2.125000 0.375000
v -0.875000 2.125000 0.375000
v -0.875000 2.062500 0.375000
vn 0 0 1
f 6673//1669 6674//1669 6675//1669 6676//1669
v -0.187500 2.000000 0.375000
v -0.187500 2.062500 0.375000
v -0.812500 2.062500 0.375000
v -0.812500 2.000000 0.375000
vn 0 0 1
f 6677//1670 6678//1670 6679//1670 6680//1670
v 0.625000 2.625000 0.375000
v 0.625000 2.750000 0.375000
v 0.500000 2.750000 0.375000
v 0.500000 2.625000 0.375000
vn 0 0 1
f 6681//1671 6682//1671 6683//1671 6684//1671
v -1.937500 2.500000 0.437500
v -1.937500 2.625000 0.437500
v -2.000000 2.625000 0.437500
v -2.000000 2.500000 0.437500
vn 0 0 1
f 6685//1672 6686//1672 6687//1672 6688//1672
v -1.062500 2.250000 0.437500
v -1.062500 2.312500 0.437500
v -1.125000 2.312500 0.437500
v -1.125000 2.250000 0.437500
vn 0 0 1
f 6689//1673 6690//1673 6691//1673 6692//1673
v -0.625000 2.250000 0.437500
v -0.625000 2.312500 0.437500
v -0.687500 2.312500 0.437500
v -0.687500 2.250000 0.437500
vn 0 0 1
f 6693//1674 6694//1674 6695//1674 6696//1674
v 0.812500 2.250000 0.437500
v 0.812500 2.312500 0.437500
v 0.750000 2.312500 0.437500
v 0.750000 2.250000 0.437500
vn 0 0 1
f 6697//1675 6698//1675 6699//1675 6700//1675
v 1.250000 2.250000 0.437500
v 1.250000 2.312500 0.437500
v 1.187500 2.312500 0.437500
v 1.187500 2.250000 0.437500
vn 0 0 1
f 6701//1676 6702//1676 6703//1676 6704//1676
v -1.750000 2.500000 0.500000
v -1.750000 2.625000 0.500000
v -1.937500 2.625000 0.500000
v -1.937500 2.500000 0.500000
vn 0 0 1
f 6705//1677 6706//1677 6707//1677 6708//1677
v -0.625000 2.312500 0.500000
v -0.625000 2.375000 0.500000
v -1.125000 2.375000 0.500000
v -1.125000 2.312500 0.500000
vn 0 0 1
f 6709//1678 6710//1678 6711//1678 6712//1678
v -0.687500 2.250000 0.500000
v -0.687500 2.312500 0.500000
v -1.062500 2.312500 0.500000
v -1.062500 2.250000 0.500000
vn 0 0 1
f 6713//1679 6714//1679 6715//1679 6716//1679
v 1.250000 2.312500 0.500000
v 1.250000 2.375000 0.500000
v 0.750000 2.375000 0.500000
v 0.750000 2.312500 0.500000
vn 0 0 1
f 6717//1680 6718//1680 6719//1680 6720//1680
v 1.187500 2.250000 0.500000
v 1.187500 2.312500 0.500000
v 0.812500 2.312500 0.500000
v 0.812500 2.250000 0.500000
vn 0 0 1
f 6721//1681 6722//1681 6723//1681 6724//1681
v -1.187500 2.375000 0.562500
v -1.187500 2.437500 0.562500
v -1.250000 2.437500 0.562500
v -1.250000 2.375000 0.562500
vn 0 0 1
f 6725//1682 6726//1682 6727//1682 6728//1682
v -0.500000 2.375000 0.562500
v -0.500000 2.437500 0.562500
v -0.562500 2.437500 0.562500
v -0.562500 2.375000 0.562500
vn 0 0 1
f 6729//1683 6730//1683 6731//1683 6732//1683
v 0.062500 2.000000 0.562500
v 0.062500 2.062500 0.562500
v 0.000000 2.062500 0.562500
v 0.000000 2.000000 0.562500
vn 0 0 1
f 6733//1684 6734//1684 6735//1684 6736//1684
v 0.750000 2.000000 0.562500
v 0.750000 2.125000 0.562500
v 0.687500 2.125000 0.562500
v 0.687500 2.000000 0.562500
vn 0 0 1
f 6737//1685 6738//1685 6739//1685 6740//1685
v 1.375000 2.375000 0.562500
v 1.375000 2.437500 0.562500
v 1.312500 2.437500 0.562500
v 1.312500 2.375000 0.562500
vn 0 0 1
f 6741//1686 6742//1686 6743//1686 6744//1686
v -0.500000 2.437500 0.625000
v -0.500000 2.500000 0.625000
v -1.250000 2.500000 0.625000
v -1.250000 2.437500 0.625000
vn 0 0 1
f 6745//1687 6746//1687 6747//1687 6748//1687
v -0.562500 2.375000 0.625000
v -0.562500 2.437500 0.625000
v -1.187500 2.437500 0.625000
v -1.187500 2.375000 0.625000
vn 0 0 1
f 6749//1688 6750//1688 6751//1688 6752//1688
v 0.687500 2.062500 0.625000
v 0.687500 2.125000 0.625000
v 0.000000 2.125000 0.625000
v 0.000000 2.062500 0.625000
vn 0 0 1
f 6753//1689 6754//1689 6755//1689 6756//1689
v 0.687500 2.000000 0.625000
v 0.687500 2.062500 0.625000
v 0.062500 2.062500 0.625000
v 0.062500 2.000000 0.625000
vn 0 0 1
f 6757//1690 6758//1690 6759//1690 6760//1690
v 1.312500 2.375000 0.625000
v 1.312500 2.500000 0.625000
v 0.625000 2.500000 0.625000
v 0.625000 2.375000 0.625000
vn 0 0 1
f 6761//1691 6762//1691 6763//1691 6764//1691
v 1.375000 2.437500 0.625000
v 1.375000 2.500000 0.625000
v 1.312500 2.500000 0.625000
v 1.312500 2.437500 0.625000
vn 0 0 1
f 6765//1692 6766//1692 6767//1692 6768//1692
v 0.000000 2.750000 0.750000
v 0.000000 2.875000 0.750000
v -0.125000 2.875000 0.750000
v -0.125000 2.750000 0.750000
vn 0 0 1
f 6769//1693 6770//1693 6771//1693 6772//1693
v 0.250000 2.750000 0.750000
v 0.250000 2.875000 0.750000
v 0.125000 2.875000 0.750000
v 0.125000 2.750000 0.750000
vn 0 0 1
f 6773//1694 6774//1694 6775//1694 6776//1694
v -0.812500 2.625000 0.812500
v -0.812500 2.687500 0.812500
v -0.875000 2.687500 0.812500
v -0.875000 2.625000 0.812500
vn 0 0 1
f 6777//1695 6778//1695 6779//1695 6780//1695
v -0.687500 2.500000 0.812500
v -0.687500 2.562500 0.812500
v -0.750000 2.562500 0.812500
v -0.750000 2.500000 0.812500
vn 0 0 1
f 6781//1696 6782//1696 6783//1696 6784//1696
v 0.125000 2.375000 0.812500
v 0.125000 2.437500 0.812500
v 0.062500 2.437500 0.812500
v 0.062500 2.375000 0.812500
vn 0 0 1
f 6785//1697 6786//1697 6787//1697 6788//1697
v 0.250000 2.500000 0.812500
v 0.250000 2.625000 0.812500
v 0.187500 2.625000 0.812500
v 0.187500 2.500000 0.812500
vn 0 0 1
f 6789//1698 6790//1698 6791//1698 6792//1698
v 0.375000 2.875000 0.812500
v 0.375000 2.937500 0.812500
v 0.312500 2.937500 0.812500
v 0.312500 2.875000 0.812500
vn 0 0 1
f 6793//1699 6794//1699 6795//1699 6796//1699
v -0.500000 2.687500 0.875000
v -0.500000 2.750000 0.875000
v -0.875000 2.750000 0.875000
v -0.875000 2.687500 0.875000
vn 0 0 1
f 6797//1700 6798//1700 6799//1700 6800//1700
v -0.500000 2.625000 0.875000
v -0.500000 2.687500 0.875000
v -0.812500 2.687500 0.875000
v -0.812500 2.625000 0.875000
vn 0 0 1
f 6801//1701 6802//1701 6803//1701 6804//1701
v -0.250000 2.562500 0.875000
v -0.250000 2.625000 0.875000
v -0.750000 2.625000 0.875000
v -0.750000 2.562500 0.875000
vn 0 0 1
f 6805//1702 6806//1702 6807//1702 6808//1702
v -0.250000 2.500000 0.875000
v -0.250000 2.562500 0.875000
v -0.687500 2.562500 0.875000
v -0.687500 2.500000 0.875000
vn 0 0 1
f 6809//1703 6810//1703 6811//1703 6812//1703
v 0.125000 2.437500 0.875000
v 0.125000 2.500000 0.875000
v -0.375000 2.500000 0.875000
v -0.375000 2.437500 0.875000
vn 0 0 1
f 6813//1704 6814//1704 6815//1704 6816//1704
v 0.062500 2.375000 0.875000
v 0.062500 2.437500 0.875000
v -0.312500 2.437500 0.875000
v -0.312500 2.375000 0.875000
vn 0 0 1
f 6817//1705 6818//1705 6819//1705 6820//1705
v 0.187500 2.500000 0.875000
v 0.187500 2.625000 0.875000
v 0.125000 2.625000 0.875000
v 0.125000 2.500000 0.875000
vn 0 0 1
f 6821//1706 6822//1706 6823//1706 6824//1706
v 0.312500 2.875000 0.875000
v 0.312500 3.000000 0.875000
v 0.125000 3.000000 0.875000
v 0.125000 2.875000 0.875000
vn 0 0 1
f 6825//1707 6826//1707 6827//1707 6828//1707
v 0.375000 2.937500 0.875000
v 0.375000 3.000000 0.875000
v 0.312500 3.000000 0.875000
v 0.312500 2.937500 0.875000
vn 0 0 1
f 6829//1708 6830//1708 6831//1708 6832//1708
v -1.375000 2.125000 -0.125000
v -1.250000 2.125000 -0.125000
v -1.250000 2.125000 -0.375000
v -1.375000 2.125000 -0.375000
vn 0 1 0
f 6833//1709 6834//1709 6835//1709 6836//1709
v 1.250000 2.125000 -0.125000
v 1.312500 2.125000 -0.125000
v 1.312500 2.125000 -0.250000
v 1.250000 2.125000 -0.250000
vn 0 1 0
f 6837//1710 6838//1710 6839//1710 6840//1710
v 1.312500 2.125000 -0.187500
v 1.375000 2.125000 -0.187500
v 1.375000 2.125000 -0.250000
v 1.312500 2.125000 -0.250000
vn 0 1 0
f 6841//1711 6842//1711 6843//1711 6844//1711
v -0.375000 2.125000 0.375000
v -0.187500 2.125000 0.375000
v -0.187500 2.125000 -0.125000
v -0.375000 2.125000 -0.125000
vn 0 1 0
f 6845//1712 6846//1712 6847//1712 6848//1712
v -0.187500 2.125000 0.312500
v -0.125000 2.125000 0.312500
v -0.125000 2.125000 -0.125000
v -0.187500 2.125000 -0.125000
vn 0 1 0
f 6849//1713 6850//1713 6851//1713 6852//1713
v -1.125000 2.125000 0.250000
v -1.062500 2.125000 0.250000
v -1.062500 2.125000 0.000000
v -1.125000 2.125000 0.000000
vn 0 1 0
f 6853//1714 6854//1714 6855//1714 6856//1714
v -1.062500 2.125000 0.187500
v -1.000000 2.125000 0.187500
v -1.000000 2.125000 0.000000
v -1.062500 2.125000 0.000000
vn 0 1 0
f 6857//1715 6858//1715 6859//1715 6860//1715
v 0.625000 2.125000 0.625000
v 0.687500 2.125000 0.625000
v 0.687500 2.125000 0.375000
v 0.625000 2.125000 0.375000
vn 0 1 0
f 6861//1716 6862//1716 6863//1716 6864//1716
v 0.687500 2.125000 0.562500
v 0.750000 2.125000 0.562500
v 0.750000 2.125000 0.375000
v 0.687500 2.125000 0.375000
vn 0 1 0
f 6865//1717 6866//1717 6867//1717 6868//1717
v 0.625000 2.500000 0.625000
v 0.875000 2.500000 0.625000
v 0.875000 2.500000 0.375000
v 0.625000 2.500000 0.375000
vn 0 1 0
f 6869//1718 6870//1718 6871//1718 6872//1718
v -0.875000 2.625000 -0.125000
v -0.625000 2.625000 -0.125000
v -0.625000 2.625000 -0.500000
v -0.875000 2.625000 -0.500000
vn 0 1 0
f 6873//1719 6874//1719 6875//1719 6876//1719
v -2.000000 2.625000 0.437500
v -1.750000 2.625000 0.437500
v -1.750000 2.625000 0.250000
v -2.000000 2.625000 0.250000
vn 0 1 0
f 6877//1720 6878//1720 6879//1720 6880//1720
v -1.937500 2.625000 0.500000
v -1.750000 2.625000 0.500000
v -1.750000 2.625000 0.437500
v -1.937500 2.625000 0.437500
vn 0 1 0
f 6881//1721 6882//1721 6883//1721 6884//1721
v 0.125000 2.625000 0.875000
v 0.187500 2.625000 0.875000
v 0.187500 2.625000 0.750000
v 0.125000 2.625000 0.750000
vn 0 1 0
f 6885//1722 6886//1722 6887//1722 6888//1722
v 0.187500 2.625000 0.812500
v 0.250000 2.625000 0.812500
v 0.250000 2.625000 0.750000
v 0.187500 2.625000 0.750000
vn 0 1 0
f 6889//1723 6890//1723 6891//1723 6892//1723
v -0.250000 2.750000 0.875000
v -0.125000 2.750000 0.875000
v -0.125000 2.750000 0.750000
v -0.250000 2.750000 0.750000
vn 0 1 0
f 6893//1724 6894//1724 6895//1724 6896//1724
v 1.562500 2.812500 0.125000
v 1.625000 2.812500 0.125000
v 1.625000 2.812500 0.062500
v 1.562500 2.812500 0.062500
vn 0 1 0
f 6897//1725 6898//1725 6899//1725 6900//1725
v 1.500000 2.875000 0.125000
v 1.562500 2.875000 0.125000
v 1.562500 2.875000 -0.125000
v 1.500000 2.875000 -0.125000
vn 0 1 0
f 6901//1726 6902//1726 6903//1726 6904//1726
v 1.562500 2.875000 0.062500
v 1.625000 2.875000 0.062500
v 1.625000 2.875000 -0.125000
v 1.562500 2.875000 -0.125000
vn 0 1 0
f 6905//1727 6906//1727 6907//1727 6908//1727
v -0.250000 3.000000 -0.250000
v 0.000000 3.000000 -0.250000
v 0.000000 3.000000 -0.625000
v -0.250000 3.000000 -0.625000
vn 0 1 0
f 6909//1728 6910//1728 6911//1728 6912//1728
v -1.250000 3.125000 -0.125000
v -1.000000 3.125000 -0.125000
v -1.000000 3.125000 -0.375000
v -1.250000 3.125000 -0.375000
vn 0 1 0
f 6913//1729 6914//1729 6915//1729 6916//1729
v 0.500000 3.250000 0.250000
v 0.625000 3.250000 0.250000
v 0.625000 3.250000 0.000000
v 0.500000 3.250000 0.000000
vn 0 1 0
f 6917//1730 6918//1730 6919//1730 6920//1730
v -1.437500 2.375000 0.312500
v -1.437500 2.437500 0.312500
v -1.437500 2.437500 0.375000
v -1.437500 2.375000 0.375000
vn 1 0 0
f 6921//1731 6922//1731 6923//1731 6924//1731
v -1.375000 2.375000 0.250000
v -1.375000 2.500000 0.250000
v -1.375000 2.500000 0.312500
v -1.375000 2.375000 0.312500
vn 1 0 0
f 6925//1732 6926//1732 6927//1732 6928//1732
v -1.375000 2.437500 0.312500
v -1.375000 2.500000 0.312500
v -1.375000 2.500000 0.375000
v -1.375000 2.437500 0.375000
vn 1 0 0
f 6929//1733 6930//1733 6931//1733 6932//1733
v -1.187500 1.875000 -0.250000
v -1.187500 1.937500 -0.250000
v -1.187500 1.937500 -0.187500
v -1.187500 1.875000 -0.187500
vn 1 0 0
f 6933//1734 6934//1734 6935//1734 6936//1734
v -1.187500 1.875000 0.187500
v -1.187500 1.937500 0.187500
v -1.187500 1.937500 0.250000
v -1.187500 1.875000 0.250000
vn 1 0 0
f 6937//1735 6938//1735 6939//1735 6940//1735
v -1.125000 1.875000 -0.187500
v -1.125000 2.000000 -0.187500
v -1.125000 2.000000 0.187500
v -1.125000 1.875000 0.187500
vn 1 0 0
f 6941//1736 6942//1736 6943//1736 6944//1736
v -1.125000 1.937500 -0.250000
v -1.125000 2.000000 -0.250000
v -1.125000 2.000000 -0.187500
v -1.125000 1.937500 -0.187500
vn 1 0 0
f 6945//1737 6946//1737 6947//1737 6948//1737
v -1.125000 1.937500 0.187500
v -1.125000 2.000000 0.187500
v -1.125000 2.000000 0.250000
v -1.125000 1.937500 0.250000
vn 1 0 0
f 6949//1738 6950//1738 6951//1738 6952//1738
v -1.062500 2.000000 0.187500
v -1.062500 2.125000 0.187500
v -1.062500 2.125000 0.250000
v -1.062500 2.000000 0.250000
vn 1 0 0
f 6953//1739 6954//1739 6955//1739 6956//1739
v -1.000000 2.000000 0.000000
v -1.000000 2.125000 0.000000
v -1.000000 2.125000 0.187500
v -1.000000 2.000000 0.187500
vn 1 0 0
f 6957//1740 6958//1740 6959//1740 6960//1740
v -0.875000 2.625000 -0.375000
v -0.875000 2.750000 -0.375000
v -0.875000 2.750000 -0.125000
v -0.875000 2.625000 -0.125000
vn 1 0 0
f 6961//1741 6962//1741 6963//1741 6964//1741
v -0.875000 2.750000 -0.750000
v -0.875000 2.875000 -0.750000
v -0.875000 2.875000 -0.375000
v -0.875000 2.750000 -0.375000
vn 1 0 0
f 6965//1742 6966//1742 6967//1742 6968//1742
v -0.812500 2.000000 -0.750000
v -0.812500 2.062500 -0.750000
v -0.812500 2.062500 -0.687500
v -0.812500 2.000000 -0.687500
vn 1 0 0
f 6969//1743 6970//1743 6971//1743 6972//1743
v -0.750000 2.000000 -0.687500
v -0.750000 2.125000 -0.687500
v -0.750000 2.125000 -0.250000
v -0.750000 2.000000 -0.250000
vn 1 0 0
f 6973//1744 6974//1744 6975//1744 6976//1744
v -0.750000 2.062500 -0.750000
v -0.750000 2.125000 -0.750000
v -0.750000 2.125000 -0.687500
v -0.750000 2.062500 -0.687500
vn 1 0 0
f 6977//1745 6978//1745 6979//1745 6980//1745
v -0.687500 2.250000 0.437500
v -0.687500 2.312500 0.437500
v -0.687500 2.312500 0.500000
v -0.687500 2.250000 0.500000
vn 1 0 0
f 6981//1746 6982//1746 6983//1746 6984//1746
v -0.625000 2.250000 0.375000
v -0.625000 2.375000 0.375000
v -0.625000 2.375000 0.437500
v -0.625000 2.250000 0.437500
vn 1 0 0
f 6985//1747 6986//1747 6987//1747 6988//1747
v -0.625000 2.312500 0.437500
v -0.625000 2.375000 0.437500
v -0.625000 2.375000 0.500000
v -0.625000 2.312500 0.500000
vn 1 0 0
f 6989//1748 6990//1748 6991//1748 6992//1748
v -0.562500 2.375000 0.562500
v -0.562500 2.437500 0.562500
v -0.562500 2.437500 0.625000
v -0.562500 2.375000 0.625000
vn 1 0 0
f 6993//1749 6994//1749 6995//1749 6996//1749
v -0.500000 2.375000 0.375000
v -0.500000 2.500000 0.375000
v -0.500000 2.500000 0.562500
v -0.500000 2.375000 0.562500
vn 1 0 0
f 6997//1750 6998//1750 6999//1750 7000//1750
v -0.500000 2.437500 0.562500
v -0.500000 2.500000 0.562500
v -0.500000 2.500000 0.625000
v -0.500000 2.437500 0.625000
vn 1 0 0
f 7001//1751 7002//1751 7003//1751 7004//1751
v -0.375000 2.750000 -0.250000
v -0.375000 2.875000 -0.250000
v -0.375000 2.875000 0.125000
v -0.375000 2.750000 0.125000
vn 1 0 0
f 7005//1752 7006//1752 7007//1752 7008//1752
v -0.250000 2.875000 -0.250000
v -0.250000 3.000000 -0.250000
v -0.250000 3.000000 0.125000
v -0.250000 2.875000 0.125000
vn 1 0 0
f 7009//1753 7010//1753 7011//1753 7012//1753
v -0.250000 3.000000 -0.625000
v -0.250000 3.125000 -0.625000
v -0.250000 3.125000 -0.250000
v -0.250000 3.000000 -0.250000
vn 1 0 0
f 7013//1754 7014//1754 7015//1754 7016//1754
v -0.187500 2.000000 0.312500
v -0.187500 2.125000 0.312500
v -0.187500 2.125000 0.375000
v -0.187500 2.000000 0.375000
vn 1 0 0
f 7017//1755 7018//1755 7019//1755 7020//1755
v -0.187500 2.500000 -0.875000
v -0.187500 2.562500 -0.875000
v -0.187500 2.562500 -0.812500
v -0.187500 2.500000 -0.812500
vn 1 0 0
f 7021//1756 7022//1756 7023//1756 7024//1756
v -0.125000 2.000000 -0.125000
v -0.125000 2.125000 -0.125000
v -0.125000 2.125000 0.312500
v -0.125000 2.000000 0.312500
vn 1 0 0
f 7025//1757 7026//1757 7027//1757 7028//1757
v -0.125000 2.500000 -0.812500
v -0.125000 2.625000 -0.812500
v -0.125000 2.625000 -0.125000
v -0.125000 2.500000 -0.125000
vn 1 0 0
f 7029//1758 7030//1758 7031//1758 7032//1758
v -0.125000 2.562500 -0.875000
v -0.125000 2.625000 -0.875000
v -0.125000 2.625000 -0.812500
v -0.125000 2.562500 -0.812500
vn 1 0 0
f 7033//1759 7034//1759 7035//1759 7036//1759
v 0.062500 2.375000 0.812500
v 0.062500 2.437500 0.812500
v 0.062500 2.437500 0.875000
v 0.062500 2.375000 0.875000
vn 1 0 0
f 7037//1760 7038//1760 7039//1760 7040//1760
v 0.125000 2.375000 0.750000
v 0.125000 2.500000 0.750000
v 0.125000 2.500000 0.812500
v 0.125000 2.375000 0.812500
vn 1 0 0
f 7041//1761 7042//1761 7043//1761 7044//1761
v 0.125000 2.437500 0.812500
v 0.125000 2.500000 0.812500
v 0.125000 2.500000 0.875000
v 0.125000 2.437500 0.875000
vn 1 0 0
f 7045//1762 7046//1762 7047//1762 7048//1762
v 0.187500 2.500000 0.812500
v 0.187500 2.625000 0.812500
v 0.187500 2.625000 0.875000
v 0.187500 2.500000 0.875000
vn 1 0 0
f 7049//1763 7050//1763 7051//1763 7052//1763
v 0.250000 2.500000 0.750000
v 0.250000 2.625000 0.750000
v 0.250000 2.625000 0.812500
v 0.250000 2.500000 0.812500
vn 1 0 0
f 7053//1764 7054//1764 7055//1764 7056//1764
v 0.250000 2.750000 0.500000
v 0.250000 2.875000 0.500000
v 0.250000 2.875000 0.750000
v 0.250000 2.750000 0.750000
vn 1 0 0
f 7057//1765 7058//1765 7059//1765 7060//1765
v 0.312500 2.750000 -0.875000
v 0.312500 2.812500 -0.875000
v 0.312500 2.812500 -0.812500
v 0.312500 2.750000 -0.812500
vn 1 0 0
f 7061//1766 7062//1766 7063//1766 7064//1766
v 0.312500 2.750000 -0.437500
v 0.312500 2.812500 -0.437500
v 0.312500 2.812500 -0.375000
v 0.312500 2.750000 -0.375000
vn 1 0 0
f 7065//1767 7066//1767 7067//1767 7068//1767
v 0.312500 2.875000 0.812500
v 0.312500 2.937500 0.812500
v 0.312500 2.937500 0.875000
v 0.312500 2.875000 0.875000
vn 1 0 0
f 7069//1768 7070//1768 7071//1768 7072//1768
v 0.375000 2.750000 -0.812500
v 0.375000 2.875000 -0.812500
v 0.375000 2.875000 -0.437500
v 0.375000 2.750000 -0.437500
vn 1 0 0
f 7073//1769 7074//1769 7075//1769 7076//1769
v 0.375000 2.812500 -0.875000
v 0.375000 2.875000 -0.875000
v 0.375000 2.875000 -0.812500
v 0.375000 2.812500 -0.812500
vn 1 0 0
f 7077//1770 7078//1770 7079//1770 7080//1770
v 0.375000 2.812500 -0.437500
v 0.375000 2.875000 -0.437500
v 0.375000 2.875000 -0.375000
v 0.375000 2.812500 -0.375000
vn 1 0 0
f 7081//1771 7082//1771 7083//1771 7084//1771
v 0.375000 2.875000 0.500000
v 0.375000 3.000000 0.500000
v 0.375000 3.000000 0.812500
v 0.375000 2.875000 0.812500
vn 1 0 0
f 7085//1772 7086//1772 7087//1772 7088//1772
v 0.375000 2.937500 0.812500
v 0.375000 3.000000 0.812500
v 0.375000 3.000000 0.875000
v 0.375000 2.937500 0.875000
vn 1 0 0
f 7089//1773 7090//1773 7091//1773 7092//1773
v 0.437500 2.875000 -1.000000
v 0.437500 2.937500 -1.000000
v 0.437500 2.937500 -0.937500
v 0.437500 2.875000 -0.937500
vn 1 0 0
f 7093//1774 7094//1774 7095//1774 7096//1774
v 0.500000 2.875000 -0.937500
v 0.500000 3.000000 -0.937500
v 0.500000 3.000000 -0.250000
v 0.500000 2.875000 -0.250000
vn 1 0 0
f 7097//1775 7098//1775 7099//1775 7100//1775
v 0.500000 2.937500 -1.000000
v 0.500000 3.000000 -1.000000
v 0.500000 3.000000 -0.937500
v 0.500000 2.937500 -0.937500
vn 1 0 0
f 7101//1776 7102//1776 7103//1776 7104//1776
v 0.625000 2.625000 0.250000
v 0.625000 2.750000 0.250000
v 0.625000 2.750000 0.375000
v 0.625000 2.625000 0.375000
vn 1 0 0
f 7105//1777 7106//1777 7107//1777 7108//1777
v 0.625000 3.125000 0.000000
v 0.625000 3.250000 0.000000
v 0.625000 3.250000 0.250000
v 0.625000 3.125000 0.250000
vn 1 0 0
f 7109//1778 7110//1778 7111//1778 7112//1778
v 0.687500 2.000000 0.562500
v 0.687500 2.125000 0.562500
v 0.687500 2.125000 0.625000
v 0.687500 2.000000 0.625000
vn 1 0 0
f 7113//1779 7114//1779 7115//1779 7116//1779
v 0.750000 2.000000 -0.125000
v 0.750000 2.125000 -0.125000
v 0.750000 2.125000 0.562500
v 0.750000 2.000000 0.562500
vn 1 0 0
f 7117//1780 7118//1780 7119//1780 7120//1780
v 0.937500 3.000000 -0.750000
v 0.937500 3.062500 -0.750000
v 0.937500 3.062500 -0.687500
v 0.937500 3.000000 -0.687500
vn 1 0 0
f 7121//1781 7122//1781 7123//1781 7124//1781
v 1.000000 3.000000 -0.687500
v 1.000000 3.125000 -0.687500
v 1.000000 3.125000 -0.500000
v 1.000000 3.000000 -0.500000
vn 1 0 0
f 7125//1782 7126//1782 7127//1782 7128//1782
v 1.000000 3.062500 -0.750000
v 1.000000 3.125000 -0.750000
v 1.000000 3.125000 -0.687500
v 1.000000 3.062500 -0.687500
vn 1 0 0
f 7129//1783 7130//1783 7131//1783 7132//1783
v 1.187500 2.250000 0.437500
v 1.187500 2.312500 0.437500
v 1.187500 2.312500 0.500000
v 1.187500 2.250000 0.500000
vn 1 0 0
f 7133//1784 7134//1784 7135//1784 7136//1784
v 1.250000 2.250000 0.000000
v 1.250000 2.375000 0.000000
v 1.250000 2.375000 0.437500
v 1.250000 2.250000 0.437500
vn 1 0 0
f 7137//1785 7138//1785 7139//1785 7140//1785
v 1.250000 2.312500 0.437500
v 1.250000 2.375000 0.437500
v 1.250000 2.375000 0.500000
v 1.250000 2.312500 0.500000
vn 1 0 0
f 7141//1786 7142//1786 7143//1786 7144//1786
v 1.312500 2.000000 -0.750000
v 1.312500 2.062500 -0.750000
v 1.312500 2.062500 -0.687500
v 1.312500 2.000000 -0.687500
vn 1 0 0
f 7145//1787 7146//1787 7147//1787 7148//1787
v 1.312500 2.000000 -0.187500
v 1.312500 2.125000 -0.187500
v 1.312500 2.125000 -0.125000
v 1.312500 2.000000 -0.125000
vn 1 0 0
f 7149//1788 7150//1788 7151//1788 7152//1788
v 1.312500 2.375000 0.000000
v 1.312500 2.437500 0.000000
v 1.312500 2.437500 0.062500
v 1.312500 2.375000 0.062500
vn 1 0 0
f 7153//1789 7154//1789 7155//1789 7156//1789
v 1.312500 2.375000 0.562500
v 1.312500 2.437500 0.562500
v 1.312500 2.437500 0.625000
v 1.312500 2.375000 0.625000
vn 1 0 0
f 7157//1790 7158//1790 7159//1790 7160//1790
v 1.375000 2.000000 -0.687500
v 1.375000 2.125000 -0.687500
v 1.375000 2.125000 -0.187500
v 1.375000 2.000000 -0.187500
vn 1 0 0
f 7161//1791 7162//1791 7163//1791 7164//1791
v 1.375000 2.062500 -0.750000
v 1.375000 2.125000 -0.750000
v 1.375000 2.125000 -0.687500
v 1.375000 2.062500 -0.687500
vn 1 0 0
f 7165//1792 7166//1792 7167//1792 7168//1792
v 1.375000 2.375000 0.062500
v 1.375000 2.500000 0.062500
v 1.375000 2.500000 0.562500
v 1.375000 2.375000 0.562500
vn 1 0 0
f 7169//1793 7170//1793 7171//1793 7172//1793
v 1.375000 2.437500 0.000000
v 1.375000 2.500000 0.000000
v 1.375000 2.500000 0.062500
v 1.375000 2.437500 0.062500
vn 1 0 0
f 7173//1794 7174//1794 7175//1794 7176//1794
v 1.375000 2.437500 0.562500
v 1.375000 2.500000 0.562500
v 1.375000 2.500000 0.625000
v 1.375000 2.437500 0.625000
vn 1 0 0
f 7177//1795 7178//1795 7179//1795 7180//1795
v 1.437500 2.625000 -0.500000
v 1.437500 2.687500 -0.500000
v 1.437500 2.687500 -0.437500
v 1.437500 2.625000 -0.437500
vn 1 0 0
f 7181//1796 7182//1796 7183//1796 7184//1796
v 1.500000 2.625000 -0.437500
v 1.500000 2.750000 -0.437500
v 1.500000 2.750000 -0.125000
v 1.500000 2.625000 -0.125000
vn 1 0 0
f 7185//1797 7186//1797 7187//1797 7188//1797
v 1.500000 2.687500 -0.500000
v 1.500000 2.750000 -0.500000
v 1.500000 2.750000 -0.437500
v 1.500000 2.687500 -0.437500
vn 1 0 0
f 7189//1798 7190//1798 7191//1798 7192//1798
v 1.562500 2.750000 -0.625000
v 1.562500 2.812500 -0.625000
v 1.562500 2.812500 -0.562500
v 1.562500 2.750000 -0.562500
vn 1 0 0
f 7193//1799 7194//1799 7195//1799 7196//1799
v 1.562500 2.812500 0.062500
v 1.562500 2.875000 0.062500
v 1.562500 2.875000 0.125000
v 1.562500 2.812500 0.125000
vn 1 0 0
f 7197//1800 7198//1800 7199//1800 7200//1800
v 1.625000 2.750000 -0.562500
v 1.625000 2.875000 -0.562500
v 1.625000 2.875000 0.062500
v 1.625000 2.750000 0.062500
vn 1 0 0
f 7201//1801 7202//1801 7203//1801 7204//1801
v 1.625000 2.750000 0.062500
v 1.625000 2.812500 0.062500
v 1.625000 2.812500 0.125000
v 1.625000 2.750000 0.125000
vn 1 0 0
f 7205//1802 7206//1802 7207//1802 7208//1802
v 1.625000 2.812500 -0.625000
v 1.625000 2.875000 -0.625000
v 1.625000 2.875000 -0.562500
v 1.625000 2.812500 -0.562500
vn 1 0 0
f 7209//1803 7210//1803 7211//1803 7212//1803
g palette_4
usemtl palette_4
v -1.625000 3.000000 0.312500
v -1.625000 3.125000 0.312500
v -1.625000 3.125000 0.125000
v -1.625000 3.000000 0.125000
vn -1 0 0
f 7213//1804 7214//1804 7215//1804 7216//1804
v -1.625000 3.000000 0.375000
v -1.625000 3.062500 0.375000
v -1.625000 3.062500 0.312500
v -1.625000 3.000000 0.312500
vn -1 0 0
f 7217//1805 7218//1805 7219//1805 7220//1805
v -1.562500 3.062500 0.375000
v -1.562500 3.125000 0.375000
v -1.562500 3.125000 0.312500
v -1.562500 3.062500 0.312500
vn -1 0 0
f 7221//1806 7222//1806 7223//1806 7224//1806
v -1.125000 3.000000 0.437500
v -1.125000 3.125000 0.437500
v -1.125000 3.125000 0.312500
v -1.125000 3.000000 0.312500
vn -1 0 0
f 7225//1807 7226//1807 7227//1807 7228//1807
v -1.125000 3.375000 -0.375000
v -1.125000 3.437500 -0.375000
v -1.125000 3.437500 -0.750000
v -1.125000 3.375000 -0.750000
vn -1 0 0
f 7229//1808 7230//1808 7231//1808 7232//1808
v -1.125000 3.437500 -0.437500
v -1.125000 3.500000 -0.437500
v -1.125000 3.500000 -0.687500
v -1.125000 3.437500 -0.687500
vn -1 0 0
f 7233//1809 7234//1809 7235//1809 7236//1809
v -1.062500 3.000000 0.312500
v -1.062500 3.125000 0.312500
v -1.062500 3.125000 0.250000
v -1.062500 3.000000 0.250000
vn -1 0 0
f 7237//1810 7238//1810 7239//1810 7240//1810
v -1.062500 3.000000 0.500000
v -1.062500 3.125000 0.500000
v -1.062500 3.125000 0.437500
v -1.062500 3.000000 0.437500
vn -1 0 0
f 7241//1811 7242//1811 7243//1811 7244//1811
v -1.062500 3.437500 -0.687500
v -1.062500 3.500000 -0.687500
v -1.062500 3.500000 -0.750000
v -1.062500 3.437500 -0.750000
vn -1 0 0
f 7245//1812 7246//1812 7247//1812 7248//1812
v -1.062500 3.437500 -0.375000
v -1.062500 3.500000 -0.375000
v -1.062500 3.500000 -0.437500
v -1.062500 3.437500 -0.437500
vn -1 0 0
f 7249//1813 7250//1813 7251//1813 7252//1813
v -0.625000 2.625000 0.000000
v -0.625000 2.750000 0.000000
v -0.625000 2.750000 -0.125000
v -0.625000 2.625000 -0.125000
vn -1 0 0
f 7253//1814 7254//1814 7255//1814 7256//1814
v -0.250000 3.375000 0.437500
v -0.250000 3.500000 0.437500
v -0.250000 3.500000 0.250000
v -0.250000 3.375000 0.250000
vn -1 0 0
f 7257//1815 7258//1815 7259//1815 7260//1815
v -0.187500 3.375000 0.500000
v -0.187500 3.500000 0.500000
v -0.187500 3.500000 0.437500
v -0.187500 3.375000 0.437500
vn -1 0 0
f 7261//1816 7262//1816 7263//1816 7264//1816
v -0.125000 3.500000 -0.250000
v -0.125000 3.687500 -0.250000
v -0.125000 3.687500 -0.625000
v -0.125000 3.500000 -0.625000
vn -1 0 0
f 7265//1817 7266//1817 7267//1817 7268//1817
v -0.125000 3.687500 -0.312500
v -0.125000 3.750000 -0.312500
v -0.125000 3.750000 -0.562500
v -0.125000 3.687500 -0.562500
vn -1 0 0
f 7269//1818 7270//1818 7271//1818 7272//1818
v 0.000000 3.375000 -0.750000
v 0.000000 3.437500 -0.750000
v 0.000000 3.437500 -0.875000
v 0.000000 3.375000 -0.875000
vn -1 0 0
f 7273//1819 7274//1819 7275//1819 7276//1819
v 0.000000 3.375000 0.562500
v 0.000000 3.500000 0.562500
v 0.000000 3.500000 0.500000
v 0.000000 3.375000 0.500000
vn -1 0 0
f 7277//1820 7278//1820 7279//1820 7280//1820
v 0.000000 3.375000 0.625000
v 0.000000 3.437500 0.625000
v 0.000000 3.437500 0.562500
v 0.000000 3.375000 0.562500
vn -1 0 0
f 7281//1821 7282//1821 7283//1821 7284//1821
v 0.000000 3.437500 -0.750000
v 0.000000 3.500000 -0.750000
v 0.000000 3.500000 -0.812500
v 0.000000 3.437500 -0.812500
vn -1 0 0
f 7285//1822 7286//1822 7287//1822 7288//1822
v 0.000000 3.625000 0.187500
v 0.000000 3.750000 0.187500
v 0.000000 3.750000 -0.250000
v 0.000000 3.625000 -0.250000
vn -1 0 0
f 7289//1823 7290//1823 7291//1823 7292//1823
v 0.000000 3.625000 0.250000
v 0.000000 3.687500 0.250000
v 0.000000 3.687500 0.187500
v 0.000000 3.625000 0.187500
vn -1 0 0
f 7293//1824 7294//1824 7295//1824 7296//1824
v 0.000000 3.750000 0.062500
v 0.000000 3.875000 0.062500
v 0.000000 3.875000 0.000000
v 0.000000 3.750000 0.000000
vn -1 0 0
f 7297//1825 7298//1825 7299//1825 7300//1825
v 0.000000 3.750000 0.125000
v 0.000000 3.812500 0.125000
v 0.000000 3.812500 0.062500
v 0.000000 3.750000 0.062500
vn -1 0 0
f 7301//1826 7302//1826 7303//1826 7304//1826
v 0.062500 3.437500 -0.812500
v 0.062500 3.500000 -0.812500
v 0.062500 3.500000 -0.875000
v 0.062500 3.437500 -0.875000
vn -1 0 0
f 7305//1827 7306//1827 7307//1827 7308//1827
v 0.062500 3.437500 0.625000
v 0.062500 3.500000 0.625000
v 0.062500 3.500000 0.562500
v 0.062500 3.437500 0.562500
vn -1 0 0
f 7309//1828 7310//1828 7311//1828 7312//1828
v 0.062500 3.687500 0.250000
v 0.062500 3.750000 0.250000
v 0.062500 3.750000 0.187500
v 0.062500 3.687500 0.187500
vn -1 0 0
f 7313//1829 7314//1829 7315//1829 7316//1829
v 0.062500 3.812500 0.125000
v 0.062500 3.875000 0.125000
v 0.062500 3.875000 0.062500
v 0.062500 3.812500 0.062500
vn -1 0 0
f 7317//1830 7318//1830 7319//1830 7320//1830
v 0.125000 3.500000 -0.750000
v 0.125000 3.562500 -0.750000
v 0.125000 3.562500 -0.875000
v 0.125000 3.500000 -0.875000
vn -1 0 0
f 7321//1831 7322//1831 7323//1831 7324//1831
v 0.125000 3.562500 -0.750000
v 0.125000 3.625000 -0.750000
v 0.125000 3.625000 -0.812500
v 0.125000 3.562500 -0.812500
vn -1 0 0
f 7325//1832 7326//1832 7327//1832 7328//1832
v 0.125000 3.875000 -0.187500
v 0.125000 4.000000 -0.187500
v 0.125000 4.000000 -0.250000
v 0.125000 3.875000 -0.250000
vn -1 0 0
f 7329//1833 7330//1833 7331//1833 7332//1833
v 0.125000 3.875000 -0.125000
v 0.125000 3.937500 -0.125000
v 0.125000 3.937500 -0.187500
v 0.125000 3.875000 -0.187500
vn -1 0 0
f 7333//1834 7334//1834 7335//1834 7336//1834
v 0.187500 3.562500 -0.812500
v 0.187500 3.625000 -0.812500
v 0.187500 3.625000 -0.875000
v 0.187500 3.562500 -0.875000
vn -1 0 0
f 7337//1835 7338//1835 7339//1835 7340//1835
v 0.500000 3.500000 -0.375000
v 0.500000 3.625000 -0.375000
v 0.500000 3.625000 -0.625000
v 0.500000 3.500000 -0.625000
vn -1 0 0
f 7341//1836 7342//1836 7343//1836 7344//1836
v 1.000000 2.875000 0.375000
v 1.000000 3.000000 0.375000
v 1.000000 3.000000 0.125000
v 1.000000 2.875000 0.125000
vn -1 0 0
f 7345//1837 7346//1837 7347//1837 7348//1837
v 1.000000 3.000000 0.312500
v 1.000000 3.125000 0.312500
v 1.000000 3.125000 0.250000
v 1.000000 3.000000 0.250000
vn -1 0 0
f 7349//1838 7350//1838 7351//1838 7352//1838
v 1.000000 3.000000 0.375000
v 1.000000 3.062500 0.375000
v 1.000000 3.062500 0.312500
v 1.000000 3.000000 0.312500
vn -1 0 0
f 7353//1839 7354//1839 7355//1839 7356//1839
v 1.062500 3.062500 0.375000
v 1.062500 3.125000 0.375000
v 1.062500 3.125000 0.312500
v 1.062500 3.062500 0.312500
vn -1 0 0
f 7357//1840 7358//1840 7359//1840 7360//1840
v -0.375000 2.500000 -0.125000
v -0.250000 2.500000 -0.125000
v -0.250000 2.500000 0.250000
v -0.375000 2.500000 0.250000
vn 0 -1 0
f 7361//1841 7362//1841 7363//1841 7364//1841
v -1.062500 3.000000 0.250000
v -1.000000 3.000000 0.250000
v -1.000000 3.000000 0.500000
v -1.062500 3.000000 0.500000
vn 0 -1 0
f 7365//1842 7366//1842 7367//1842 7368//1842
v -1.125000 3.000000 0.312500
v -1.062500 3.000000 0.312500
v -1.062500 3.000000 0.437500
v -1.125000 3.000000 0.437500
vn 0 -1 0
f 7369//1843 7370//1843 7371//1843 7372//1843
v -1.125000 3.375000 -0.625000
v -1.000000 3.375000 -0.625000
v -1.000000 3.375000 -0.500000
v -1.125000 3.375000 -0.500000
vn 0 -1 0
f 7373//1844 7374//1844 7375//1844 7376//1844
v -0.250000 3.375000 0.250000
v 0.000000 3.375000 0.250000
v 0.000000 3.375000 0.437500
v -0.250000 3.375000 0.437500
vn 0 -1 0
f 7377//1845 7378//1845 7379//1845 7380//1845
v -0.187500 3.375000 0.437500
v 0.000000 3.375000 0.437500
v 0.000000 3.375000 0.500000
v -0.187500 3.375000 0.500000
vn 0 -1 0
f 7381//1846 7382//1846 7383//1846 7384//1846
v 0.000000 3.375000 -0.875000
v 0.000000 3.437500 -0.875000
v 0.500000 3.437500 -0.875000
v 0.500000 3.375000 -0.875000
vn 0 0 -1
f 7385//1847 7386//1847 7387//1847 7388//1847
v 0.062500 3.437500 -0.875000
v 0.062500 3.500000 -0.875000
v 0.437500 3.500000 -0.875000
v 0.437500 3.437500 -0.875000
vn 0 0 -1
f 7389//1848 7390//1848 7391//1848 7392//1848
v 0.125000 3.500000 -0.875000
v 0.125000 3.562500 -0.875000
v 0.375000 3.562500 -0.875000
v 0.375000 3.500000 -0.875000
vn 0 0 -1
f 7393//1849 7394//1849 7395//1849 7396//1849
v 0.187500 3.562500 -0.875000
v 0.187500 3.625000 -0.875000
v 0.312500 3.625000 -0.875000
v 0.312500 3.562500 -0.875000
vn 0 0 -1
f 7397//1850 7398//1850 7399//1850 7400//1850
v 0.000000 3.437500 -0.812500
v 0.000000 3.500000 -0.812500
v 0.062500 3.500000 -0.812500
v 0.062500 3.437500 -0.812500
vn 0 0 -1
f 7401//1851 7402//1851 7403//1851 7404//1851
v 0.125000 3.562500 -0.812500
v 0.125000 3.625000 -0.812500
v 0.187500 3.625000 -0.812500
v 0.187500 3.562500 -0.812500
vn 0 0 -1
f 7405//1852 7406//1852 7407//1852 7408//1852
v 0.312500 3.562500 -0.812500
v 0.312500 3.625000 -0.812500
v 0.375000 3.625000 -0.812500
v 0.375000 3.562500 -0.812500
vn 0 0 -1
f 7409//1853 7410//1853 7411//1853 7412//1853
v 0.437500 3.437500 -0.812500
v 0.437500 3.500000 -0.812500
v 0.500000 3.500000 -0.812500
v 0.500000 3.437500 -0.812500
vn 0 0 -1
f 7413//1854 7414//1854 7415//1854 7416//1854
v -1.125000 3.375000 -0.750000
v -1.125000 3.437500 -0.750000
v -0.625000 3.437500 -0.750000
v -0.625000 3.375000 -0.750000
vn 0 0 -1
f 7417//1855 7418//1855 7419//1855 7420//1855
v -1.062500 3.437500 -0.750000
v -1.062500 3.500000 -0.750000
v -0.625000 3.500000 -0.750000
v -0.625000 3.437500 -0.750000
vn 0 0 -1
f 7421//1856 7422//1856 7423//1856 7424//1856
v -1.125000 3.437500 -0.687500
v -1.125000 3.500000 -0.687500
v -1.062500 3.500000 -0.687500
v -1.062500 3.437500 -0.687500
vn 0 0 -1
f 7425//1857 7426//1857 7427//1857 7428//1857
v -0.125000 3.625000 -0.625000
v -0.125000 3.687500 -0.625000
v 0.000000 3.687500 -0.625000
v 0.000000 3.625000 -0.625000
vn 0 0 -1
f 7429//1858 7430//1858 7431//1858 7432//1858
v -0.125000 3.687500 -0.562500
v -0.125000 3.750000 -0.562500
v 0.000000 3.750000 -0.562500
v 0.000000 3.687500 -0.562500
vn 0 0 -1
f 7433//1859 7434//1859 7435//1859 7436//1859
v 1.125000 3.500000 -0.375000
v 1.125000 3.562500 -0.375000
v 1.250000 3.562500 -0.375000
v 1.250000 3.500000 -0.375000
vn 0 0 -1
f 7437//1860 7438//1860 7439//1860 7440//1860
v 1.125000 3.562500 -0.375000
v 1.125000 3.625000 -0.375000
v 1.187500 3.625000 -0.375000
v 1.187500 3.562500 -0.375000
vn 0 0 -1
f 7441//1861 7442//1861 7443//1861 7444//1861
v 1.187500 3.562500 -0.312500
v 1.187500 3.625000 -0.312500
v 1.250000 3.625000 -0.312500
v 1.250000 3.562500 -0.312500
vn 0 0 -1
f 7445//1862 7446//1862 7447//1862 7448//1862
v 0.000000 3.625000 -0.250000
v 0.000000 3.687500 -0.250000
v 0.625000 3.687500 -0.250000
v 0.625000 3.625000 -0.250000
vn 0 0 -1
f 7449//1863 7450//1863 7451//1863 7452//1863
v 0.000000 3.687500 -0.250000
v 0.000000 3.750000 -0.250000
v 0.562500 3.750000 -0.250000
v 0.562500 3.687500 -0.250000
vn 0 0 -1
f 7453//1864 7454//1864 7455//1864 7456//1864
v 0.125000 3.875000 -0.250000
v 0.125000 3.937500 -0.250000
v 0.250000 3.937500 -0.250000
v 0.250000 3.875000 -0.250000
vn 0 0 -1
f 7457//1865 7458//1865 7459//1865 7460//1865
v 0.125000 3.937500 -0.250000
v 0.125000 4.000000 -0.250000
v 0.187500 4.000000 -0.250000
v 0.187500 3.937500 -0.250000
vn 0 0 -1
f 7461//1866 7462//1866 7463//1866 7464//1866
v -1.062500 3.000000 0.250000
v -1.062500 3.125000 0.250000
v -1.000000 3.125000 0.250000
v -1.000000 3.000000 0.250000
vn 0 0 -1
f 7465//1867 7466//1867 7467//1867 7468//1867
v -1.125000 3.000000 0.312500
v -1.125000 3.125000 0.312500
v -1.062500 3.125000 0.312500
v -1.062500 3.000000 0.312500
vn 0 0 -1
f 7469//1868 7470//1868 7471//1868 7472//1868
v 0.375000 3.562500 -0.687500
v 0.375000 3.625000 -0.687500
v 0.312500 3.625000 -0.687500
v 0.312500 3.562500 -0.687500
vn 0 0 1
f 7473//1869 7474//1869 7475//1869 7476//1869
v 0.375000 3.500000 -0.625000
v 0.375000 3.562500 -0.625000
v 0.125000 3.562500 -0.625000
v 0.125000 3.500000 -0.625000
vn 0 0 1
f 7477//1870 7478//1870 7479//1870 7480//1870
v 0.312500 3.562500 -0.625000
v 0.312500 3.625000 -0.625000
v 0.125000 3.625000 -0.625000
v 0.125000 3.562500 -0.625000
vn 0 0 1
f 7481//1871 7482//1871 7483//1871 7484//1871
v 0.500000 3.375000 -0.500000
v 0.500000 3.500000 -0.500000
v 0.250000 3.500000 -0.500000
v 0.250000 3.375000 -0.500000
vn 0 0 1
f 7485//1872 7486//1872 7487//1872 7488//1872
v -1.062500 3.437500 -0.437500
v -1.062500 3.500000 -0.437500
v -1.125000 3.500000 -0.437500
v -1.125000 3.437500 -0.437500
vn 0 0 1
f 7489//1873 7490//1873 7491//1873 7492//1873
v -1.000000 3.375000 -0.375000
v -1.000000 3.437500 -0.375000
v -1.125000 3.437500 -0.375000
v -1.125000 3.375000 -0.375000
vn 0 0 1
f 7493//1874 7494//1874 7495//1874 7496//1874
v -1.000000 3.437500 -0.375000
v -1.000000 3.500000 -0.375000
v -1.062500 3.500000 -0.375000
v -1.062500 3.437500 -0.375000
vn 0 0 1
f 7497//1875 7498//1875 7499//1875 7500//1875
v 0.000000 3.687500 -0.312500
v 0.000000 3.750000 -0.312500
v -0.125000 3.750000 -0.312500
v -0.125000 3.687500 -0.312500
vn 0 0 1
f 7501//1876 7502//1876 7503//1876 7504//1876
v 0.000000 3.625000 -0.250000
v 0.000000 3.687500 -0.250000
v -0.125000 3.687500 -0.250000
v -0.125000 3.625000 -0.250000
vn 0 0 1
f 7505//1877 7506//1877 7507//1877 7508//1877
v 0.187500 3.937500 -0.187500
v 0.187500 4.000000 -0.187500
v 0.125000 4.000000 -0.187500
v 0.125000 3.937500 -0.187500
vn 0 0 1
f 7509//1878 7510//1878 7511//1878 7512//1878
v 1.250000 3.562500 -0.187500
v 1.250000 3.625000 -0.187500
v 1.187500 3.625000 -0.187500
v 1.187500 3.562500 -0.187500
vn 0 0 1
f 7513//1879 7514//1879 7515//1879 7516//1879
v 0.250000 3.875000 -0.125000
v 0.250000 3.937500 -0.125000
v 0.125000 3.937500 -0.125000
v 0.125000 3.875000 -0.125000
vn 0 0 1
f 7517//1880 7518//1880 7519//1880 7520//1880
v 0.625000 3.625000 -0.125000
v 0.625000 3.687500 -0.125000
v 0.375000 3.687500 -0.125000
v 0.375000 3.625000 -0.125000
vn 0 0 1
f 7521//1881 7522//1881 7523//1881 7524//1881
v 0.562500 3.687500 -0.125000
v 0.562500 3.750000 -0.125000
v 0.375000 3.750000 -0.125000
v 0.375000 3.687500 -0.125000
vn 0 0 1
f 7525//1882 7526//1882 7527//1882 7528//1882
v 1.250000 3.500000 -0.125000
v 1.250000 3.562500 -0.125000
v 1.000000 3.562500 -0.125000
v 1.000000 3.500000 -0.125000
vn 0 0 1
f 7529//1883 7530//1883 7531//1883 7532//1883
v 1.187500 3.562500 -0.125000
v 1.187500 3.625000 -0.125000
v 1.000000 3.625000 -0.125000
v 1.000000 3.562500 -0.125000
vn 0 0 1
f 7533//1884 7534//1884 7535//1884 7536//1884
v 0.062500 3.812500 0.062500
v 0.062500 3.875000 0.062500
v 0.000000 3.875000 0.062500
v 0.000000 3.812500 0.062500
vn 0 0 1
f 7537//1885 7538//1885 7539//1885 7540//1885
v 0.250000 3.812500 0.062500
v 0.250000 3.875000 0.062500
v 0.187500 3.875000 0.062500
v 0.187500 3.812500 0.062500
vn 0 0 1
f 7541//1886 7542//1886 7543//1886 7544//1886
v -0.375000 2.625000 0.125000
v -0.375000 2.750000 0.125000
v -0.500000 2.750000 0.125000
v -0.500000 2.625000 0.125000
vn 0 0 1
f 7545//1887 7546//1887 7547//1887 7548//1887
v 0.250000 3.750000 0.125000
v 0.250000 3.812500 0.125000
v 0.000000 3.812500 0.125000
v 0.000000 3.750000 0.125000
vn 0 0 1
f 7549//1888 7550//1888 7551//1888 7552//1888
v 0.187500 3.812500 0.125000
v 0.187500 3.875000 0.125000
v 0.062500 3.875000 0.125000
v 0.062500 3.812500 0.125000
vn 0 0 1
f 7553//1889 7554//1889 7555//1889 7556//1889
v 0.062500 3.687500 0.187500
v 0.062500 3.750000 0.187500
v 0.000000 3.750000 0.187500
v 0.000000 3.687500 0.187500
vn 0 0 1
f 7557//1890 7558//1890 7559//1890 7560//1890
v 0.375000 3.687500 0.187500
v 0.375000 3.750000 0.187500
v 0.312500 3.750000 0.187500
v 0.312500 3.687500 0.187500
vn 0 0 1
f 7561//1891 7562//1891 7563//1891 7564//1891
v 0.375000 3.625000 0.250000
v 0.375000 3.687500 0.250000
v 0.000000 3.687500 0.250000
v 0.000000 3.625000 0.250000
vn 0 0 1
f 7565//1892 7566//1892 7567//1892 7568//1892
v 0.312500 3.687500 0.250000
v 0.312500 3.750000 0.250000
v 0.062500 3.750000 0.250000
v 0.062500 3.687500 0.250000
vn 0 0 1
f 7569//1893 7570//1893 7571//1893 7572//1893
v -1.562500 3.062500 0.312500
v -1.562500 3.125000 0.312500
v -1.625000 3.125000 0.312500
v -1.625000 3.062500 0.312500
vn 0 0 1
f 7573//1894 7574//1894 7575//1894 7576//1894
v -1.250000 3.062500 0.312500
v -1.250000 3.125000 0.312500
v -1.312500 3.125000 0.312500
v -1.312500 3.062500 0.312500
vn 0 0 1
f 7577//1895 7578//1895 7579//1895 7580//1895
v 1.062500 3.062500 0.312500
v 1.062500 3.125000 0.312500
v 1.000000 3.125000 0.312500
v 1.000000 3.062500 0.312500
vn 0 0 1
f 7581//1896 7582//1896 7583//1896 7584//1896
v 1.250000 3.062500 0.312500
v 1.250000 3.125000 0.312500
v 1.187500 3.125000 0.312500
v 1.187500 3.062500 0.312500
vn 0 0 1
f 7585//1897 7586//1897 7587//1897 7588//1897
v 1.375000 2.937500 0.312500
v 1.375000 3.000000 0.312500
v 1.312500 3.000000 0.312500
v 1.312500 2.937500 0.312500
vn 0 0 1
f 7589//1898 7590//1898 7591//1898 7592//1898
v -1.250000 3.000000 0.375000
v -1.250000 3.062500 0.375000
v -1.625000 3.062500 0.375000
v -1.625000 3.000000 0.375000
vn 0 0 1
f 7593//1899 7594//1899 7595//1899 7596//1899
v -1.312500 3.062500 0.375000
v -1.312500 3.125000 0.375000
v -1.562500 3.125000 0.375000
v -1.562500 3.062500 0.375000
vn 0 0 1
f 7597//1900 7598//1900 7599//1900 7600//1900
v 1.375000 2.875000 0.375000
v 1.375000 2.937500 0.375000
v 1.000000 2.937500 0.375000
v 1.000000 2.875000 0.375000
vn 0 0 1
f 7601//1901 7602//1901 7603//1901 7604//1901
v 1.312500 2.937500 0.375000
v 1.312500 3.000000 0.375000
v 1.000000 3.000000 0.375000
v 1.000000 2.937500 0.375000
vn 0 0 1
f 7605//1902 7606//1902 7607//1902 7608//1902
v 1.250000 3.000000 0.375000
v 1.250000 3.062500 0.375000
v 1.000000 3.062500 0.375000
v 1.000000 3.000000 0.375000
vn 0 0 1
f 7609//1903 7610//1903 7611//1903 7612//1903
v 1.187500 3.062500 0.375000
v 1.187500 3.125000 0.375000
v 1.062500 3.125000 0.375000
v 1.062500 3.062500 0.375000
vn 0 0 1
f 7613//1904 7614//1904 7615//1904 7616//1904
v -1.062500 3.000000 0.437500
v -1.062500 3.125000 0.437500
v -1.125000 3.125000 0.437500
v -1.125000 3.000000 0.437500
vn 0 0 1
f 7617//1905 7618//1905 7619//1905 7620//1905
v -0.187500 3.375000 0.437500
v -0.187500 3.500000 0.437500
v -0.250000 3.500000 0.437500
v -0.250000 3.375000 0.437500
vn 0 0 1
f 7621//1906 7622//1906 7623//1906 7624//1906
v -0.875000 3.000000 0.500000
v -0.875000 3.125000 0.500000
v -1.062500 3.125000 0.500000
v -1.062500 3.000000 0.500000
vn 0 0 1
f 7625//1907 7626//1907 7627//1907 7628//1907
v 0.000000 3.375000 0.500000
v 0.000000 3.500000 0.500000
v -0.187500 3.500000 0.500000
v -0.187500 3.375000 0.500000
vn 0 0 1
f 7629//1908 7630//1908 7631//1908 7632//1908
v 0.062500 3.437500 0.562500
v 0.062500 3.500000 0.562500
v 0.000000 3.500000 0.562500
v 0.000000 3.437500 0.562500
vn 0 0 1
f 7633//1909 7634//1909 7635//1909 7636//1909
v 0.375000 3.437500 0.562500
v 0.375000 3.500000 0.562500
v 0.312500 3.500000 0.562500
v 0.312500 3.437500 0.562500
vn 0 0 1
f 7637//1910 7638//1910 7639//1910 7640//1910
v 0.375000 3.375000 0.625000
v 0.375000 3.437500 0.625000
v 0.000000 3.437500 0.625000
v 0.000000 3.375000 0.625000
vn 0 0 1
f 7641//1911 7642//1911 7643//1911 7644//1911
v 0.312500 3.437500 0.625000
v 0.312500 3.500000 0.625000
v 0.062500 3.500000 0.625000
v 0.062500 3.437500 0.625000
vn 0 0 1
f 7645//1912 7646//1912 7647//1912 7648//1912
v -0.750000 2.625000 0.000000
v -0.625000 2.625000 0.000000
v -0.625000 2.625000 -0.125000
v -0.750000 2.625000 -0.125000
vn 0 1 0
f 7649//1913 7650//1913 7651//1913 7652//1913
v -0.375000 2.625000 0.250000
v -0.250000 2.625000 0.250000
v -0.250000 2.625000 -0.125000
v -0.375000 2.625000 -0.125000
vn 0 1 0
f 7653//1914 7654//1914 7655//1914 7656//1914
v -0.500000 2.625000 0.250000
v -0.375000 2.625000 0.250000
v -0.375000 2.625000 0.125000
v -0.500000 2.625000 0.125000
vn 0 1 0
f 7657//1915 7658//1915 7659//1915 7660//1915
v 1.312500 2.937500 0.375000
v 1.375000 2.937500 0.375000
v 1.375000 2.937500 0.312500
v 1.312500 2.937500 0.312500
vn 0 1 0
f 7661//1916 7662//1916 7663//1916 7664//1916
v 1.250000 3.000000 0.375000
v 1.312500 3.000000 0.375000
v 1.312500 3.000000 0.250000
v 1.250000 3.000000 0.250000
vn 0 1 0
f 7665//1917 7666//1917 7667//1917 7668//1917
v 1.312500 3.000000 0.312500
v 1.375000 3.000000 0.312500
v 1.375000 3.000000 0.250000
v 1.312500 3.000000 0.250000
vn 0 1 0
f 7669//1918 7670//1918 7671//1918 7672//1918
v -1.625000 3.062500 0.375000
v -1.562500 3.062500 0.375000
v -1.562500 3.062500 0.312500
v -1.625000 3.062500 0.312500
vn 0 1 0
f 7673//1919 7674//1919 7675//1919 7676//1919
v -1.312500 3.062500 0.375000
v -1.250000 3.062500 0.375000
v -1.250000 3.062500 0.312500
v -1.312500 3.062500 0.312500
vn 0 1 0
f 7677//1920 7678//1920 7679//1920 7680//1920
v 1.000000 3.062500 0.375000
v 1.062500 3.062500 0.375000
v 1.062500 3.062500 0.312500
v 1.000000 3.062500 0.312500
vn 0 1 0
f 7681//1921 7682//1921 7683//1921 7684//1921
v 1.187500 3.062500 0.375000
v 1.250000 3.062500 0.375000
v 1.250000 3.062500 0.312500
v 1.187500 3.062500 0.312500
vn 0 1 0
f 7685//1922 7686//1922 7687//1922 7688//1922
v -1.625000 3.125000 0.312500
v -1.250000 3.125000 0.312500
v -1.250000 3.125000 0.125000
v -1.625000 3.125000 0.125000
vn 0 1 0
f 7689//1923 7690//1923 7691//1923 7692//1923
v -1.062500 3.125000 0.500000
v -1.000000 3.125000 0.500000
v -1.000000 3.125000 0.250000
v -1.062500 3.125000 0.250000
vn 0 1 0
f 7693//1924 7694//1924 7695//1924 7696//1924
v 1.000000 3.125000 0.312500
v 1.250000 3.125000 0.312500
v 1.250000 3.125000 0.250000
v 1.000000 3.125000 0.250000
vn 0 1 0
f 7697//1925 7698//1925 7699//1925 7700//1925
v -1.562500 3.125000 0.375000
v -1.312500 3.125000 0.375000
v -1.312500 3.125000 0.312500
v -1.562500 3.125000 0.312500
vn 0 1 0
f 7701//1926 7702//1926 7703//1926 7704//1926
v -1.125000 3.125000 0.437500
v -1.062500 3.125000 0.437500
v -1.062500 3.125000 0.312500
v -1.125000 3.125000 0.312500
vn 0 1 0
f 7705//1927 7706//1927 7707//1927 7708//1927
v 1.062500 3.125000 0.375000
v 1.187500 3.125000 0.375000
v 1.187500 3.125000 0.312500
v 1.062500 3.125000 0.312500
vn 0 1 0
f 7709//1928 7710//1928 7711//1928 7712//1928
v -1.000000 3.125000 0.500000
v -0.875000 3.125000 0.500000
v -0.875000 3.125000 0.375000
v -1.000000 3.125000 0.375000
vn 0 1 0
f 7713//1929 7714//1929 7715//1929 7716//1929
v 0.000000 3.437500 -0.812500
v 0.062500 3.437500 -0.812500
v 0.062500 3.437500 -0.875000
v 0.000000 3.437500 -0.875000
vn 0 1 0
f 7717//1930 7718//1930 7719//1930 7720//1930
v 0.437500 3.437500 -0.812500
v 0.500000 3.437500 -0.812500
v 0.500000 3.437500 -0.875000
v 0.437500 3.437500 -0.875000
vn 0 1 0
f 7721//1931 7722//1931 7723//1931 7724//1931
v -1.125000 3.437500 -0.687500
v -1.062500 3.437500 -0.687500
v -1.062500 3.437500 -0.750000
v -1.125000 3.437500 -0.750000
vn 0 1 0
f 7725//1932 7726//1932 7727//1932 7728//1932
v -1.125000 3.437500 -0.375000
v -1.062500 3.437500 -0.375000
v -1.062500 3.437500 -0.437500
v -1.125000 3.437500 -0.437500
vn 0 1 0
f 7729//1933 7730//1933 7731//1933 7732//1933
v 0.000000 3.437500 0.625000
v 0.062500 3.437500 0.625000
v 0.062500 3.437500 0.562500
v 0.000000 3.437500 0.562500
vn 0 1 0
f 7733//1934 7734//1934 7735//1934 7736//1934
v 0.312500 3.437500 0.625000
v 0.375000 3.437500 0.625000
v 0.375000 3.437500 0.562500
v 0.312500 3.437500 0.562500
vn 0 1 0
f 7737//1935 7738//1935 7739//1935 7740//1935
v 0.062500 3.500000 -0.750000
v 0.125000 3.500000 -0.750000
v 0.125000 3.500000 -0.875000
v 0.062500 3.500000 -0.875000
vn 0 1 0
f 7741//1936 7742//1936 7743//1936 7744//1936
v 0.375000 3.500000 -0.500000
v 0.437500 3.500000 -0.500000
v 0.437500 3.500000 -0.875000
v 0.375000 3.500000 -0.875000
vn 0 1 0
f 7745//1937 7746//1937 7747//1937 7748//1937
v 0.000000 3.500000 -0.750000
v 0.062500 3.500000 -0.750000
v 0.062500 3.500000 -0.812500
v 0.000000 3.500000 -0.812500
vn 0 1 0
f 7749//1938 7750//1938 7751//1938 7752//1938
v 0.437500 3.500000 -0.500000
v 0.500000 3.500000 -0.500000
v 0.500000 3.500000 -0.812500
v 0.437500 3.500000 -0.812500
vn 0 1 0
f 7753//1939 7754//1939 7755//1939 7756//1939
v -1.062500 3.500000 -0.375000
v -0.625000 3.500000 -0.375000
v -0.625000 3.500000 -0.750000
v -1.062500 3.500000 -0.750000
vn 0 1 0
f 7757//1940 7758//1940 7759//1940 7760//1940
v -1.125000 3.500000 -0.437500
v -1.062500 3.500000 -0.437500
v -1.062500 3.500000 -0.687500
v -1.125000 3.500000 -0.687500
vn 0 1 0
f 7761//1941 7762//1941 7763//1941 7764//1941
v 0.125000 3.500000 -0.500000
v 0.375000 3.500000 -0.500000
v 0.375000 3.500000 -0.625000
v 0.125000 3.500000 -0.625000
vn 0 1 0
f 7765//1942 7766//1942 7767//1942 7768//1942
v -0.250000 3.500000 0.437500
v 0.375000 3.500000 0.437500
v 0.375000 3.500000 0.250000
v -0.250000 3.500000 0.250000
vn 0 1 0
f 7769//1943 7770//1943 7771//1943 7772//1943
v -0.187500 3.500000 0.500000
v 0.375000 3.500000 0.500000
v 0.375000 3.500000 0.437500
v -0.187500 3.500000 0.437500
vn 0 1 0
f 7773//1944 7774//1944 7775//1944 7776//1944
v 0.000000 3.500000 0.562500
v 0.375000 3.500000 0.562500
v 0.375000 3.500000 0.500000
v 0.000000 3.500000 0.500000
vn 0 1 0
f 7777//1945 7778//1945 7779//1945 7780//1945
v 0.062500 3.500000 0.625000
v 0.312500 3.500000 0.625000
v 0.312500 3.500000 0.562500
v 0.062500 3.500000 0.562500
vn 0 1 0
f 7781//1946 7782//1946 7783//1946 7784//1946
v 0.125000 3.562500 -0.812500
v 0.187500 3.562500 -0.812500
v 0.187500 3.562500 -0.875000
v 0.125000 3.562500 -0.875000
vn 0 1 0
f 7785//1947 7786//1947 7787//1947 7788//1947
v 0.312500 3.562500 -0.812500
v 0.375000 3.562500 -0.812500
v 0.375000 3.562500 -0.875000
v 0.312500 3.562500 -0.875000
vn 0 1 0
f 7789//1948 7790//1948 7791//1948 7792//1948
v 0.312500 3.562500 -0.625000
v 0.375000 3.562500 -0.625000
v 0.375000 3.562500 -0.687500
v 0.312500 3.562500 -0.687500
vn 0 1 0
f 7793//1949 7794//1949 7795//1949 7796//1949
v 1.187500 3.562500 -0.312500
v 1.250000 3.562500 -0.312500
v 1.250000 3.562500 -0.375000
v 1.187500 3.562500 -0.375000
vn 0 1 0
f 7797//1950 7798//1950 7799//1950 7800//1950
v 1.187500 3.562500 -0.125000
v 1.250000 3.562500 -0.125000
v 1.250000 3.562500 -0.187500
v 1.187500 3.562500 -0.187500
vn 0 1 0
f 7801//1951 7802//1951 7803//1951 7804//1951
v 0.187500 3.625000 -0.625000
v 0.312500 3.625000 -0.625000
v 0.312500 3.625000 -0.875000
v 0.187500 3.625000 -0.875000
vn 0 1 0
f 7805//1952 7806//1952 7807//1952 7808//1952
v 0.125000 3.625000 -0.625000
v 0.187500 3.625000 -0.625000
v 0.187500 3.625000 -0.812500
v 0.125000 3.625000 -0.812500
vn 0 1 0
f 7809//1953 7810//1953 7811//1953 7812//1953
v 0.312500 3.625000 -0.687500
v 0.375000 3.625000 -0.687500
v 0.375000 3.625000 -0.812500
v 0.312500 3.625000 -0.812500
vn 0 1 0
f 7813//1954 7814//1954 7815//1954 7816//1954
v 0.000000 3.625000 -0.250000
v 0.125000 3.625000 -0.250000
v 0.125000 3.625000 -0.625000
v 0.000000 3.625000 -0.625000
vn 0 1 0
f 7817//1955 7818//1955 7819//1955 7820//1955
v 0.500000 3.625000 -0.375000
v 1.125000 3.625000 -0.375000
v 1.125000 3.625000 -0.625000
v 0.500000 3.625000 -0.625000
vn 0 1 0
f 7821//1956 7822//1956 7823//1956 7824//1956
v 0.625000 3.625000 -0.250000
v 1.187500 3.625000 -0.250000
v 1.187500 3.625000 -0.375000
v 0.625000 3.625000 -0.375000
vn 0 1 0
f 7825//1957 7826//1957 7827//1957 7828//1957
v 1.187500 3.625000 -0.187500
v 1.250000 3.625000 -0.187500
v 1.250000 3.625000 -0.312500
v 1.187500 3.625000 -0.312500
vn 0 1 0
f 7829//1958 7830//1958 7831//1958 7832//1958
v 1.000000 3.625000 -0.125000
v 1.187500 3.625000 -0.125000
v 1.187500 3.625000 -0.250000
v 1.000000 3.625000 -0.250000
vn 0 1 0
f 7833//1959 7834//1959 7835//1959 7836//1959
v -0.125000 3.687500 -0.562500
v 0.000000 3.687500 -0.562500
v 0.000000 3.687500 -0.625000
v -0.125000 3.687500 -0.625000
vn 0 1 0
f 7837//1960 7838//1960 7839//1960 7840//1960
v -0.125000 3.687500 -0.250000
v 0.000000 3.687500 -0.250000
v 0.000000 3.687500 -0.312500
v -0.125000 3.687500 -0.312500
vn 0 1 0
f 7841//1961 7842//1961 7843//1961 7844//1961
v 0.562500 3.687500 -0.125000
v 0.625000 3.687500 -0.125000
v 0.625000 3.687500 -0.250000
v 0.562500 3.687500 -0.250000
vn 0 1 0
f 7845//1962 7846//1962 7847//1962 7848//1962
v 0.000000 3.687500 0.250000
v 0.062500 3.687500 0.250000
v 0.062500 3.687500 0.187500
v 0.000000 3.687500 0.187500
vn 0 1 0
f 7849//1963 7850//1963 7851//1963 7852//1963
v 0.312500 3.687500 0.250000
v 0.375000 3.687500 0.250000
v 0.375000 3.687500 0.187500
v 0.312500 3.687500 0.187500
vn 0 1 0
f 7853//1964 7854//1964 7855//1964 7856//1964
v -0.125000 3.750000 -0.312500
v 0.000000 3.750000 -0.312500
v 0.000000 3.750000 -0.562500
v -0.125000 3.750000 -0.562500
vn 0 1 0
f 7857//1965 7858//1965 7859//1965 7860//1965
v 0.250000 3.750000 0.250000
v 0.312500 3.750000 0.250000
v 0.312500 3.750000 -0.250000
v 0.250000 3.750000 -0.250000
vn 0 1 0
f 7861//1966 7862//1966 7863//1966 7864//1966
v 0.312500 3.750000 0.187500
v 0.375000 3.750000 0.187500
v 0.375000 3.750000 -0.250000
v 0.312500 3.750000 -0.250000
vn 0 1 0
f 7865//1967 7866//1967 7867//1967 7868//1967
v 0.375000 3.750000 -0.125000
v 0.562500 3.750000 -0.125000
v 0.562500 3.750000 -0.250000
v 0.375000 3.750000 -0.250000
vn 0 1 0
f 7869//1968 7870//1968 7871//1968 7872//1968
v 0.000000 3.750000 0.187500
v 0.250000 3.750000 0.187500
v 0.250000 3.750000 0.125000
v 0.000000 3.750000 0.125000
vn 0 1 0
f 7873//1969 7874//1969 7875//1969 7876//1969
v 0.062500 3.750000 0.250000
v 0.250000 3.750000 0.250000
v 0.250000 3.750000 0.187500
v 0.062500 3.750000 0.187500
vn 0 1 0
f 7877//1970 7878//1970 7879//1970 7880//1970
v 0.000000 3.812500 0.125000
v 0.062500 3.812500 0.125000
v 0.062500 3.812500 0.062500
v 0.000000 3.812500 0.062500
vn 0 1 0
f 7881//1971 7882//1971 7883//1971 7884//1971
v 0.187500 3.812500 0.125000
v 0.250000 3.812500 0.125000
v 0.250000 3.812500 0.062500
v 0.187500 3.812500 0.062500
vn 0 1 0
f 7885//1972 7886//1972 7887//1972 7888//1972
v 0.000000 3.875000 0.062500
v 0.250000 3.875000 0.062500
v 0.250000 3.875000 0.000000
v 0.000000 3.875000 0.000000
vn 0 1 0
f 7889//1973 7890//1973 7891//1973 7892//1973
v 0.062500 3.875000 0.125000
v 0.187500 3.875000 0.125000
v 0.187500 3.875000 0.062500
v 0.062500 3.875000 0.062500
vn 0 1 0
f 7893//1974 7894//1974 7895//1974 7896//1974
v 0.187500 3.937500 -0.125000
v 0.250000 3.937500 -0.125000
v 0.250000 3.937500 -0.250000
v 0.187500 3.937500 -0.250000
vn 0 1 0
f 7897//1975 7898//1975 7899//1975 7900//1975
v 0.125000 3.937500 -0.125000
v 0.187500 3.937500 -0.125000
v 0.187500 3.937500 -0.187500
v 0.125000 3.937500 -0.187500
vn 0 1 0
f 7901//1976 7902//1976 7903//1976 7904//1976
v 0.125000 4.000000 -0.187500
v 0.187500 4.000000 -0.187500
v 0.187500 4.000000 -0.250000
v 0.125000 4.000000 -0.250000
vn 0 1 0
f 7905//1977 7906//1977 7907//1977 7908//1977
v -1.312500 3.062500 0.312500
v -1.312500 3.125000 0.312500
v -1.312500 3.125000 0.375000
v -1.312500 3.062500 0.375000
vn 1 0 0
f 7909//1978 7910//1978 7911//1978 7912//1978
v -1.250000 3.000000 0.125000
v -1.250000 3.125000 0.125000
v -1.250000 3.125000 0.312500
v -1.250000 3.000000 0.312500
vn 1 0 0
f 7913//1979 7914//1979 7915//1979 7916//1979
v -1.250000 3.000000 0.312500
v -1.250000 3.062500 0.312500
v -1.250000 3.062500 0.375000
v -1.250000 3.000000 0.375000
vn 1 0 0
f 7917//1980 7918//1980 7919//1980 7920//1980
v -0.375000 2.625000 -0.125000
v -0.375000 2.750000 -0.125000
v -0.375000 2.750000 0.125000
v -0.375000 2.625000 0.125000
vn 1 0 0
f 7921//1981 7922//1981 7923//1981 7924//1981
v -0.250000 2.500000 -0.125000
v -0.250000 2.625000 -0.125000
v -0.250000 2.625000 0.250000
v -0.250000 2.500000 0.250000
vn 1 0 0
f 7925//1982 7926//1982 7927//1982 7928//1982
v 0.000000 3.625000 -0.625000
v 0.000000 3.687500 -0.625000
v 0.000000 3.687500 -0.250000
v 0.000000 3.625000 -0.250000
vn 1 0 0
f 7929//1983 7930//1983 7931//1983 7932//1983
v 0.000000 3.687500 -0.562500
v 0.000000 3.750000 -0.562500
v 0.000000 3.750000 -0.312500
v 0.000000 3.687500 -0.312500
vn 1 0 0
f 7933//1984 7934//1984 7935//1984 7936//1984
v 0.125000 3.500000 -0.625000
v 0.125000 3.625000 -0.625000
v 0.125000 3.625000 -0.375000
v 0.125000 3.500000 -0.375000
vn 1 0 0
f 7937//1985 7938//1985 7939//1985 7940//1985
v 0.187500 3.812500 0.062500
v 0.187500 3.875000 0.062500
v 0.187500 3.875000 0.125000
v 0.187500 3.812500 0.125000
vn 1 0 0
f 7941//1986 7942//1986 7943//1986 7944//1986
v 0.187500 3.937500 -0.250000
v 0.187500 4.000000 -0.250000
v 0.187500 4.000000 -0.187500
v 0.187500 3.937500 -0.187500
vn 1 0 0
f 7945//1987 7946//1987 7947//1987 7948//1987
v 0.250000 3.750000 0.000000
v 0.250000 3.875000 0.000000
v 0.250000 3.875000 0.062500
v 0.250000 3.750000 0.062500
vn 1 0 0
f 7949//1988 7950//1988 7951//1988 7952//1988
v 0.250000 3.750000 0.062500
v 0.250000 3.812500 0.062500
v 0.250000 3.812500 0.125000
v 0.250000 3.750000 0.125000
vn 1 0 0
f 7953//1989 7954//1989 7955//1989 7956//1989
v 0.250000 3.875000 -0.250000
v 0.250000 3.937500 -0.250000
v 0.250000 3.937500 -0.125000
v 0.250000 3.875000 -0.125000
vn 1 0 0
f 7957//1990 7958//1990 7959//1990 7960//1990
v 0.312500 3.437500 0.562500
v 0.312500 3.500000 0.562500
v 0.312500 3.500000 0.625000
v 0.312500 3.437500 0.625000
vn 1 0 0
f 7961//1991 7962//1991 7963//1991 7964//1991
v 0.312500 3.562500 -0.875000
v 0.312500 3.625000 -0.875000
v 0.312500 3.625000 -0.812500
v 0.312500 3.562500 -0.812500
vn 1 0 0
f 7965//1992 7966//1992 7967//1992 7968//1992
v 0.312500 3.562500 -0.687500
v 0.312500 3.625000 -0.687500
v 0.312500 3.625000 -0.625000
v 0.312500 3.562500 -0.625000
vn 1 0 0
f 7969//1993 7970//1993 7971//1993 7972//1993
v 0.312500 3.687500 0.187500
v 0.312500 3.750000 0.187500
v 0.312500 3.750000 0.250000
v 0.312500 3.687500 0.250000
vn 1 0 0
f 7973//1994 7974//1994 7975//1994 7976//1994
v 0.375000 3.375000 0.375000
v 0.375000 3.500000 0.375000
v 0.375000 3.500000 0.562500
v 0.375000 3.375000 0.562500
vn 1 0 0
f 7977//1995 7978//1995 7979//1995 7980//1995
v 0.375000 3.375000 0.562500
v 0.375000 3.437500 0.562500
v 0.375000 3.437500 0.625000
v 0.375000 3.375000 0.625000
vn 1 0 0
f 7981//1996 7982//1996 7983//1996 7984//1996
v 0.375000 3.500000 -0.875000
v 0.375000 3.562500 -0.875000
v 0.375000 3.562500 -0.625000
v 0.375000 3.500000 -0.625000
vn 1 0 0
f 7985//1997 7986//1997 7987//1997 7988//1997
v 0.375000 3.562500 -0.812500
v 0.375000 3.625000 -0.812500
v 0.375000 3.625000 -0.687500
v 0.375000 3.562500 -0.687500
vn 1 0 0
f 7989//1998 7990//1998 7991//1998 7992//1998
v 0.375000 3.625000 -0.125000
v 0.375000 3.750000 -0.125000
v 0.375000 3.750000 0.187500
v 0.375000 3.625000 0.187500
vn 1 0 0
f 7993//1999 7994//1999 7995//1999 7996//1999
v 0.375000 3.625000 0.187500
v 0.375000 3.687500 0.187500
v 0.375000 3.687500 0.250000
v 0.375000 3.625000 0.250000
vn 1 0 0
f 7997//2000 7998//2000 7999//2000 8000//2000
v 0.437500 3.437500 -0.875000
v 0.437500 3.500000 -0.875000
v 0.437500 3.500000 -0.812500
v 0.437500 3.437500 -0.812500
vn 1 0 0
f 8001//2001 8002//2001 8003//2001 8004//2001
v 0.500000 3.375000 -0.875000
v 0.500000 3.437500 -0.875000
v 0.500000 3.437500 -0.750000
v 0.500000 3.375000 -0.750000
vn 1 0 0
f 8005//2002 8006//2002 8007//2002 8008//2002
v 0.500000 3.437500 -0.812500
v 0.500000 3.500000 -0.812500
v 0.500000 3.500000 -0.750000
v 0.500000 3.437500 -0.750000
vn 1 0 0
f 8009//2003 8010//2003 8011//2003 8012//2003
v 0.562500 3.687500 -0.250000
v 0.562500 3.750000 -0.250000
v 0.562500 3.750000 -0.125000
v 0.562500 3.687500 -0.125000
vn 1 0 0
f 8013//2004 8014//2004 8015//2004 8016//2004
v 0.625000 3.625000 -0.250000
v 0.625000 3.687500 -0.250000
v 0.625000 3.687500 -0.125000
v 0.625000 3.625000 -0.125000
vn 1 0 0
f 8017//2005 8018//2005 8019//2005 8020//2005
v 1.125000 3.500000 -0.625000
v 1.125000 3.625000 -0.625000
v 1.125000 3.625000 -0.375000
v 1.125000 3.500000 -0.375000
vn 1 0 0
f 8021//2006 8022//2006 8023//2006 8024//2006
v 1.187500 3.062500 0.312500
v 1.187500 3.125000 0.312500
v 1.187500 3.125000 0.375000
v 1.187500 3.062500 0.375000
vn 1 0 0
f 8025//2007 8026//2007 8027//2007 8028//2007
v 1.187500 3.562500 -0.375000
v 1.187500 3.625000 -0.375000
v 1.187500 3.625000 -0.312500
v 1.187500 3.562500 -0.312500
vn 1 0 0
f 8029//2008 8030//2008 8031//2008 8032//2008
v 1.187500 3.562500 -0.187500
v 1.187500 3.625000 -0.187500
v 1.187500 3.625000 -0.125000
v 1.187500 3.562500 -0.125000
vn 1 0 0
f 8033//2009 8034//2009 8035//2009 8036//2009
v 1.250000 3.000000 0.250000
v 1.250000 3.125000 0.250000
v 1.250000 3.125000 0.312500
v 1.250000 3.000000 0.312500
vn 1 0 0
f 8037//2010 8038//2010 8039//2010 8040//2010
v 1.250000 3.000000 0.312500
v 1.250000 3.062500 0.312500
v 1.250000 3.062500 0.375000
v 1.250000 3.000000 0.375000
vn 1 0 0
f 8041//2011 8042//2011 8043//2011 8044//2011
v 1.250000 3.500000 -0.375000
v 1.250000 3.562500 -0.375000
v 1.250000 3.562500 -0.125000
v 1.250000 3.500000 -0.125000
vn 1 0 0
f 8045//2012 8046//2012 8047//2012 8048//2012
v 1.250000 3.562500 -0.312500
v 1.250000 3.625000 -0.312500
v 1.250000 3.625000 -0.187500
v 1.250000 3.562500 -0.187500
vn 1 0 0
f 8049//2013 8050//2013 8051//2013 8052//2013
v 1.312500 2.937500 0.312500
v 1.312500 3.000000 0.312500
v 1.312500 3.000000 0.375000
v 1.312500 2.937500 0.375000
vn 1 0 0
f 8053//2014 8054//2014 8055//2014 8056//2014
v 1.375000 2.875000 0.125000
v 1.375000 3.000000 0.125000
v 1.375000 3.000000 0.312500
v 1.375000 2.875000 0.312500
vn 1 0 0
f 8057//2015 8058//2015 8059//2015 8060//2015
v 1.375000 2.875000 0.312500
v 1.375000 2.937500 0.312500
v 1.375000 2.937500 0.375000
v 1.375000 2.875000 0.375000
vn 1 0 0
f 8061//2016 8062//2016 8063//2016 8064//2016
